table_name,record_id,record_data_json
users,1,"{""id"": ""1"", ""name"": ""Aarav Sharma"", ""email"": ""sales1@dealflow360.demo"", ""password_hash"": ""pbkdf2_sha256$hashed$sales1"", ""role"": ""Sales Representative"", ""status"": ""ACTIVE"", ""last_login_at"": ""2026-02-05 10:00:00"", ""created_at"": ""2025-01-01 09:00:00"", ""updated_at"": ""2025-01-01 09:00:00""}"
users,2,"{""id"": ""2"", ""name"": ""Priya Mehta"", ""email"": ""sales2@dealflow360.demo"", ""password_hash"": ""pbkdf2_sha256$hashed$sales2"", ""role"": ""Sales Representative"", ""status"": ""ACTIVE"", ""last_login_at"": ""2026-02-05 11:00:00"", ""created_at"": ""2025-01-01 09:00:00"", ""updated_at"": ""2025-01-01 09:00:00""}"
users,3,"{""id"": ""3"", ""name"": ""Rohan Kapoor"", ""email"": ""manager1@dealflow360.demo"", ""password_hash"": ""pbkdf2_sha256$hashed$mgr1"", ""role"": ""Sales Manager"", ""status"": ""ACTIVE"", ""last_login_at"": ""2026-02-05 12:00:00"", ""created_at"": ""2025-01-01 09:00:00"", ""updated_at"": ""2025-01-01 09:00:00""}"
users,4,"{""id"": ""4"", ""name"": ""Ananya Iyer"", ""email"": ""manager2@dealflow360.demo"", ""password_hash"": ""pbkdf2_sha256$hashed$mgr2"", ""role"": ""Sales Manager"", ""status"": ""ACTIVE"", ""last_login_at"": ""2026-02-05 13:00:00"", ""created_at"": ""2025-01-01 09:00:00"", ""updated_at"": ""2025-01-01 09:00:00""}"
users,5,"{""id"": ""5"", ""name"": ""Vikram Malhotra"", ""email"": ""finance1@dealflow360.demo"", ""password_hash"": ""pbkdf2_sha256$hashed$fin1"", ""role"": ""Finance/Operations"", ""status"": ""ACTIVE"", ""last_login_at"": ""2026-02-05 14:00:00"", ""created_at"": ""2025-01-01 09:00:00"", ""updated_at"": ""2025-01-01 09:00:00""}"
users,6,"{""id"": ""6"", ""name"": ""Kavita Rao"", ""email"": ""customer1@acme.demo"", ""password_hash"": ""pbkdf2_sha256$hashed$cust1"", ""role"": ""Customer Portal User"", ""status"": ""ACTIVE"", ""last_login_at"": ""2026-01-26 15:00:00"", ""created_at"": ""2025-01-01 09:00:00"", ""updated_at"": ""2025-01-01 09:00:00""}"
users,7,"{""id"": ""7"", ""name"": ""Sameer Joshi"", ""email"": ""customer2@novasystems.demo"", ""password_hash"": ""pbkdf2_sha256$hashed$cust2"", ""role"": ""Customer Portal User"", ""status"": ""ACTIVE"", ""last_login_at"": ""2026-01-31 16:00:00"", ""created_at"": ""2025-01-01 09:00:00"", ""updated_at"": ""2025-01-01 09:00:00""}"
users,8,"{""id"": ""8"", ""name"": ""Rajesh Varma"", ""email"": ""admin@dealflow360.demo"", ""password_hash"": ""pbkdf2_sha256$hashed$admin"", ""role"": ""Admin"", ""status"": ""ACTIVE"", ""last_login_at"": ""2026-02-10 17:00:00"", ""created_at"": ""2025-01-01 09:00:00"", ""updated_at"": ""2025-01-01 09:00:00""}"
customers,1,"{""id"": ""1"", ""customer_code"": ""CUST-001"", ""company_name"": ""Acme Corp"", ""industry"": ""Technology"", ""company_size"": ""10-50"", ""country"": ""United States"", ""state"": ""California"", ""city"": ""San Francisco"", ""currency"": ""USD"", ""customer_tier"": ""ENTERPRISE"", ""sales_owner_id"": ""1"", ""credit_limit"": ""250000.0"", ""payment_terms_days"": ""30"", ""lifetime_value"": ""150000.0"", ""status"": ""ACTIVE"", ""created_at"": ""2025-01-02 09:00:00"", ""updated_at"": ""2025-01-02 09:00:00""}"
customers,2,"{""id"": ""2"", ""customer_code"": ""CUST-002"", ""company_name"": ""Nova Systems"", ""industry"": ""Healthcare"", ""company_size"": ""50-200"", ""country"": ""United States"", ""state"": ""Texas"", ""city"": ""Austin"", ""currency"": ""USD"", ""customer_tier"": ""MID_MARKET"", ""sales_owner_id"": ""2"", ""credit_limit"": ""100000.0"", ""payment_terms_days"": ""45"", ""lifetime_value"": ""93074.0"", ""status"": ""ACTIVE"", ""created_at"": ""2025-01-03 09:00:00"", ""updated_at"": ""2025-01-03 09:00:00""}"
customers,3,"{""id"": ""3"", ""customer_code"": ""CUST-003"", ""company_name"": ""Vertex Technologies"", ""industry"": ""Education"", ""company_size"": ""200-500"", ""country"": ""United States"", ""state"": ""Washington"", ""city"": ""Seattle"", ""currency"": ""USD"", ""customer_tier"": ""SMB"", ""sales_owner_id"": ""1"", ""credit_limit"": ""40000.0"", ""payment_terms_days"": ""60"", ""lifetime_value"": ""24134.0"", ""status"": ""ACTIVE"", ""created_at"": ""2025-01-04 09:00:00"", ""updated_at"": ""2025-01-04 09:00:00""}"
customers,4,"{""id"": ""4"", ""customer_code"": ""CUST-004"", ""company_name"": ""BluePeak Retail"", ""industry"": ""Manufacturing"", ""company_size"": ""500-1000"", ""country"": ""United States"", ""state"": ""Illinois"", ""city"": ""Chicago"", ""currency"": ""USD"", ""customer_tier"": ""ENTERPRISE"", ""sales_owner_id"": ""2"", ""credit_limit"": ""250000.0"", ""payment_terms_days"": ""30"", ""lifetime_value"": ""114586.0"", ""status"": ""ACTIVE"", ""created_at"": ""2025-01-05 09:00:00"", ""updated_at"": ""2025-01-05 09:00:00""}"
customers,5,"{""id"": ""5"", ""customer_code"": ""CUST-005"", ""company_name"": ""Orion Manufacturing"", ""industry"": ""Retail"", ""company_size"": ""1000-5000"", ""country"": ""United States"", ""state"": ""Massachusetts"", ""city"": ""Boston"", ""currency"": ""USD"", ""customer_tier"": ""MID_MARKET"", ""sales_owner_id"": ""1"", ""credit_limit"": ""100000.0"", ""payment_terms_days"": ""45"", ""lifetime_value"": ""115801.0"", ""status"": ""ACTIVE"", ""created_at"": ""2025-01-06 09:00:00"", ""updated_at"": ""2025-01-06 09:00:00""}"
customers,6,"{""id"": ""6"", ""customer_code"": ""CUST-006"", ""company_name"": ""Apex Healthcare"", ""industry"": ""Financial Services"", ""company_size"": ""10-50"", ""country"": ""United States"", ""state"": ""New York"", ""city"": ""New York"", ""currency"": ""USD"", ""customer_tier"": ""SMB"", ""sales_owner_id"": ""2"", ""credit_limit"": ""40000.0"", ""payment_terms_days"": ""60"", ""lifetime_value"": ""48786.0"", ""status"": ""ACTIVE"", ""created_at"": ""2025-01-07 09:00:00"", ""updated_at"": ""2025-01-07 09:00:00""}"
customers,7,"{""id"": ""7"", ""customer_code"": ""CUST-007"", ""company_name"": ""Zenith Logistics"", ""industry"": ""Logistics"", ""company_size"": ""50-200"", ""country"": ""United States"", ""state"": ""Colorado"", ""city"": ""Denver"", ""currency"": ""USD"", ""customer_tier"": ""ENTERPRISE"", ""sales_owner_id"": ""1"", ""credit_limit"": ""250000.0"", ""payment_terms_days"": ""30"", ""lifetime_value"": ""89565.0"", ""status"": ""ACTIVE"", ""created_at"": ""2025-01-08 09:00:00"", ""updated_at"": ""2025-01-08 09:00:00""}"
customers,8,"{""id"": ""8"", ""customer_code"": ""CUST-008"", ""company_name"": ""CloudMatrix"", ""industry"": ""Professional Services"", ""company_size"": ""200-500"", ""country"": ""United States"", ""state"": ""Georgia"", ""city"": ""Atlanta"", ""currency"": ""USD"", ""customer_tier"": ""MID_MARKET"", ""sales_owner_id"": ""2"", ""credit_limit"": ""100000.0"", ""payment_terms_days"": ""45"", ""lifetime_value"": ""100314.0"", ""status"": ""ACTIVE"", ""created_at"": ""2025-01-09 09:00:00"", ""updated_at"": ""2025-01-09 09:00:00""}"
customers,9,"{""id"": ""9"", ""customer_code"": ""CUST-009"", ""company_name"": ""BrightPath Education"", ""industry"": ""Technology"", ""company_size"": ""500-1000"", ""country"": ""United States"", ""state"": ""California"", ""city"": ""San Francisco"", ""currency"": ""USD"", ""customer_tier"": ""SMB"", ""sales_owner_id"": ""1"", ""credit_limit"": ""40000.0"", ""payment_terms_days"": ""60"", ""lifetime_value"": ""43384.0"", ""status"": ""ACTIVE"", ""created_at"": ""2025-01-10 09:00:00"", ""updated_at"": ""2025-01-10 09:00:00""}"
customers,10,"{""id"": ""10"", ""customer_code"": ""CUST-010"", ""company_name"": ""Pinnacle Financial"", ""industry"": ""Healthcare"", ""company_size"": ""1000-5000"", ""country"": ""United States"", ""state"": ""Texas"", ""city"": ""Austin"", ""currency"": ""USD"", ""customer_tier"": ""ENTERPRISE"", ""sales_owner_id"": ""2"", ""credit_limit"": ""250000.0"", ""payment_terms_days"": ""30"", ""lifetime_value"": ""51280.0"", ""status"": ""ACTIVE"", ""created_at"": ""2025-01-11 09:00:00"", ""updated_at"": ""2025-01-11 09:00:00""}"
customers,11,"{""id"": ""11"", ""customer_code"": ""CUST-011"", ""company_name"": ""NexGen Software"", ""industry"": ""Education"", ""company_size"": ""10-50"", ""country"": ""United States"", ""state"": ""Washington"", ""city"": ""Seattle"", ""currency"": ""USD"", ""customer_tier"": ""MID_MARKET"", ""sales_owner_id"": ""1"", ""credit_limit"": ""100000.0"", ""payment_terms_days"": ""45"", ""lifetime_value"": ""110445.0"", ""status"": ""ACTIVE"", ""created_at"": ""2025-01-12 09:00:00"", ""updated_at"": ""2025-01-12 09:00:00""}"
customers,12,"{""id"": ""12"", ""customer_code"": ""CUST-012"", ""company_name"": ""BioHealth Labs"", ""industry"": ""Manufacturing"", ""company_size"": ""50-200"", ""country"": ""United States"", ""state"": ""Illinois"", ""city"": ""Chicago"", ""currency"": ""USD"", ""customer_tier"": ""SMB"", ""sales_owner_id"": ""2"", ""credit_limit"": ""40000.0"", ""payment_terms_days"": ""60"", ""lifetime_value"": ""64838.0"", ""status"": ""ACTIVE"", ""created_at"": ""2025-01-13 09:00:00"", ""updated_at"": ""2025-01-13 09:00:00""}"
customers,13,"{""id"": ""13"", ""customer_code"": ""CUST-013"", ""company_name"": ""Titan Industrial"", ""industry"": ""Retail"", ""company_size"": ""200-500"", ""country"": ""United States"", ""state"": ""Massachusetts"", ""city"": ""Boston"", ""currency"": ""USD"", ""customer_tier"": ""ENTERPRISE"", ""sales_owner_id"": ""1"", ""credit_limit"": ""250000.0"", ""payment_terms_days"": ""30"", ""lifetime_value"": ""24738.0"", ""status"": ""ACTIVE"", ""created_at"": ""2025-01-14 09:00:00"", ""updated_at"": ""2025-01-14 09:00:00""}"
customers,14,"{""id"": ""14"", ""customer_code"": ""CUST-014"", ""company_name"": ""Horizon Media"", ""industry"": ""Financial Services"", ""company_size"": ""500-1000"", ""country"": ""United States"", ""state"": ""New York"", ""city"": ""New York"", ""currency"": ""USD"", ""customer_tier"": ""MID_MARKET"", ""sales_owner_id"": ""2"", ""credit_limit"": ""100000.0"", ""payment_terms_days"": ""45"", ""lifetime_value"": ""73246.0"", ""status"": ""ACTIVE"", ""created_at"": ""2025-01-15 09:00:00"", ""updated_at"": ""2025-01-15 09:00:00""}"
customers,15,"{""id"": ""15"", ""customer_code"": ""CUST-015"", ""company_name"": ""Summit Analytics"", ""industry"": ""Logistics"", ""company_size"": ""1000-5000"", ""country"": ""United States"", ""state"": ""Colorado"", ""city"": ""Denver"", ""currency"": ""USD"", ""customer_tier"": ""SMB"", ""sales_owner_id"": ""1"", ""credit_limit"": ""40000.0"", ""payment_terms_days"": ""60"", ""lifetime_value"": ""88763.0"", ""status"": ""ACTIVE"", ""created_at"": ""2025-01-16 09:00:00"", ""updated_at"": ""2025-01-16 09:00:00""}"
customers,16,"{""id"": ""16"", ""customer_code"": ""CUST-016"", ""company_name"": ""Vanguard Logistics"", ""industry"": ""Professional Services"", ""company_size"": ""10-50"", ""country"": ""United States"", ""state"": ""Georgia"", ""city"": ""Atlanta"", ""currency"": ""USD"", ""customer_tier"": ""ENTERPRISE"", ""sales_owner_id"": ""2"", ""credit_limit"": ""250000.0"", ""payment_terms_days"": ""30"", ""lifetime_value"": ""45897.0"", ""status"": ""ACTIVE"", ""created_at"": ""2025-01-17 09:00:00"", ""updated_at"": ""2025-01-17 09:00:00""}"
customers,17,"{""id"": ""17"", ""customer_code"": ""CUST-017"", ""company_name"": ""Silverline Retail"", ""industry"": ""Technology"", ""company_size"": ""50-200"", ""country"": ""United States"", ""state"": ""California"", ""city"": ""San Francisco"", ""currency"": ""USD"", ""customer_tier"": ""MID_MARKET"", ""sales_owner_id"": ""1"", ""credit_limit"": ""100000.0"", ""payment_terms_days"": ""45"", ""lifetime_value"": ""83967.0"", ""status"": ""ACTIVE"", ""created_at"": ""2025-01-18 09:00:00"", ""updated_at"": ""2025-01-18 09:00:00""}"
customers,18,"{""id"": ""18"", ""customer_code"": ""CUST-018"", ""company_name"": ""CyberShield Networks"", ""industry"": ""Healthcare"", ""company_size"": ""200-500"", ""country"": ""United States"", ""state"": ""Texas"", ""city"": ""Austin"", ""currency"": ""USD"", ""customer_tier"": ""SMB"", ""sales_owner_id"": ""2"", ""credit_limit"": ""40000.0"", ""payment_terms_days"": ""60"", ""lifetime_value"": ""22552.0"", ""status"": ""ACTIVE"", ""created_at"": ""2025-01-19 09:00:00"", ""updated_at"": ""2025-01-19 09:00:00""}"
customers,19,"{""id"": ""19"", ""customer_code"": ""CUST-019"", ""company_name"": ""OmniGlobal Services"", ""industry"": ""Education"", ""company_size"": ""500-1000"", ""country"": ""United States"", ""state"": ""Washington"", ""city"": ""Seattle"", ""currency"": ""USD"", ""customer_tier"": ""ENTERPRISE"", ""sales_owner_id"": ""1"", ""credit_limit"": ""250000.0"", ""payment_terms_days"": ""30"", ""lifetime_value"": ""19917.0"", ""status"": ""ACTIVE"", ""created_at"": ""2025-01-20 09:00:00"", ""updated_at"": ""2025-01-20 09:00:00""}"
customers,20,"{""id"": ""20"", ""customer_code"": ""CUST-020"", ""company_name"": ""Starlight Education"", ""industry"": ""Manufacturing"", ""company_size"": ""1000-5000"", ""country"": ""United States"", ""state"": ""Illinois"", ""city"": ""Chicago"", ""currency"": ""USD"", ""customer_tier"": ""MID_MARKET"", ""sales_owner_id"": ""2"", ""credit_limit"": ""100000.0"", ""payment_terms_days"": ""45"", ""lifetime_value"": ""72962.0"", ""status"": ""ACTIVE"", ""created_at"": ""2025-01-21 09:00:00"", ""updated_at"": ""2025-01-21 09:00:00""}"
customers,21,"{""id"": ""21"", ""customer_code"": ""CUST-021"", ""company_name"": ""Beacon Medical"", ""industry"": ""Retail"", ""company_size"": ""10-50"", ""country"": ""United States"", ""state"": ""Massachusetts"", ""city"": ""Boston"", ""currency"": ""USD"", ""customer_tier"": ""SMB"", ""sales_owner_id"": ""1"", ""credit_limit"": ""40000.0"", ""payment_terms_days"": ""60"", ""lifetime_value"": ""49255.0"", ""status"": ""ACTIVE"", ""created_at"": ""2025-01-22 09:00:00"", ""updated_at"": ""2025-01-22 09:00:00""}"
customers,22,"{""id"": ""22"", ""customer_code"": ""CUST-022"", ""company_name"": ""Quantum Dynamics"", ""industry"": ""Financial Services"", ""company_size"": ""50-200"", ""country"": ""United States"", ""state"": ""New York"", ""city"": ""New York"", ""currency"": ""USD"", ""customer_tier"": ""ENTERPRISE"", ""sales_owner_id"": ""2"", ""credit_limit"": ""250000.0"", ""payment_terms_days"": ""30"", ""lifetime_value"": ""40812.0"", ""status"": ""ACTIVE"", ""created_at"": ""2025-01-23 09:00:00"", ""updated_at"": ""2025-01-23 09:00:00""}"
customers,23,"{""id"": ""23"", ""customer_code"": ""CUST-023"", ""company_name"": ""Atlas Heavy Machinery"", ""industry"": ""Logistics"", ""company_size"": ""200-500"", ""country"": ""United States"", ""state"": ""Colorado"", ""city"": ""Denver"", ""currency"": ""USD"", ""customer_tier"": ""MID_MARKET"", ""sales_owner_id"": ""1"", ""credit_limit"": ""100000.0"", ""payment_terms_days"": ""45"", ""lifetime_value"": ""59737.0"", ""status"": ""ACTIVE"", ""created_at"": ""2025-01-24 09:00:00"", ""updated_at"": ""2025-01-24 09:00:00""}"
customers,24,"{""id"": ""24"", ""customer_code"": ""CUST-024"", ""company_name"": ""Velocity Freight"", ""industry"": ""Professional Services"", ""company_size"": ""500-1000"", ""country"": ""United States"", ""state"": ""Georgia"", ""city"": ""Atlanta"", ""currency"": ""USD"", ""customer_tier"": ""SMB"", ""sales_owner_id"": ""2"", ""credit_limit"": ""40000.0"", ""payment_terms_days"": ""60"", ""lifetime_value"": ""28104.0"", ""status"": ""ACTIVE"", ""created_at"": ""2025-01-25 09:00:00"", ""updated_at"": ""2025-01-25 09:00:00""}"
customers,25,"{""id"": ""25"", ""customer_code"": ""CUST-025"", ""company_name"": ""GreenPulse Energy"", ""industry"": ""Technology"", ""company_size"": ""1000-5000"", ""country"": ""United States"", ""state"": ""California"", ""city"": ""San Francisco"", ""currency"": ""USD"", ""customer_tier"": ""ENTERPRISE"", ""sales_owner_id"": ""1"", ""credit_limit"": ""250000.0"", ""payment_terms_days"": ""30"", ""lifetime_value"": ""19572.0"", ""status"": ""ACTIVE"", ""created_at"": ""2025-01-26 09:00:00"", ""updated_at"": ""2025-01-26 09:00:00""}"
customers,26,"{""id"": ""26"", ""customer_code"": ""CUST-026"", ""company_name"": ""Echo Systems"", ""industry"": ""Healthcare"", ""company_size"": ""10-50"", ""country"": ""United States"", ""state"": ""Texas"", ""city"": ""Austin"", ""currency"": ""USD"", ""customer_tier"": ""MID_MARKET"", ""sales_owner_id"": ""2"", ""credit_limit"": ""100000.0"", ""payment_terms_days"": ""45"", ""lifetime_value"": ""89119.0"", ""status"": ""ACTIVE"", ""created_at"": ""2025-01-27 09:00:00"", ""updated_at"": ""2025-01-27 09:00:00""}"
customers,27,"{""id"": ""27"", ""customer_code"": ""CUST-027"", ""company_name"": ""Frontier Biotech"", ""industry"": ""Education"", ""company_size"": ""50-200"", ""country"": ""United States"", ""state"": ""Washington"", ""city"": ""Seattle"", ""currency"": ""USD"", ""customer_tier"": ""SMB"", ""sales_owner_id"": ""1"", ""credit_limit"": ""40000.0"", ""payment_terms_days"": ""60"", ""lifetime_value"": ""21487.0"", ""status"": ""ACTIVE"", ""created_at"": ""2025-01-28 09:00:00"", ""updated_at"": ""2025-01-28 09:00:00""}"
customers,28,"{""id"": ""28"", ""customer_code"": ""CUST-028"", ""company_name"": ""Catalyst Consulting"", ""industry"": ""Manufacturing"", ""company_size"": ""200-500"", ""country"": ""United States"", ""state"": ""Illinois"", ""city"": ""Chicago"", ""currency"": ""USD"", ""customer_tier"": ""ENTERPRISE"", ""sales_owner_id"": ""2"", ""credit_limit"": ""250000.0"", ""payment_terms_days"": ""30"", ""lifetime_value"": ""47667.0"", ""status"": ""ACTIVE"", ""created_at"": ""2025-01-29 09:00:00"", ""updated_at"": ""2025-01-29 09:00:00""}"
customers,29,"{""id"": ""29"", ""customer_code"": ""CUST-029"", ""company_name"": ""Ironclad Security"", ""industry"": ""Retail"", ""company_size"": ""500-1000"", ""country"": ""United States"", ""state"": ""Massachusetts"", ""city"": ""Boston"", ""currency"": ""USD"", ""customer_tier"": ""MID_MARKET"", ""sales_owner_id"": ""1"", ""credit_limit"": ""100000.0"", ""payment_terms_days"": ""45"", ""lifetime_value"": ""41200.0"", ""status"": ""ACTIVE"", ""created_at"": ""2025-01-30 09:00:00"", ""updated_at"": ""2025-01-30 09:00:00""}"
customers,30,"{""id"": ""30"", ""customer_code"": ""CUST-030"", ""company_name"": ""Alpine Financial"", ""industry"": ""Financial Services"", ""company_size"": ""1000-5000"", ""country"": ""United States"", ""state"": ""New York"", ""city"": ""New York"", ""currency"": ""USD"", ""customer_tier"": ""SMB"", ""sales_owner_id"": ""2"", ""credit_limit"": ""40000.0"", ""payment_terms_days"": ""60"", ""lifetime_value"": ""102664.0"", ""status"": ""ACTIVE"", ""created_at"": ""2025-01-31 09:00:00"", ""updated_at"": ""2025-01-31 09:00:00""}"
customers,31,"{""id"": ""31"", ""customer_code"": ""CUST-031"", ""company_name"": ""Synergy Solutions"", ""industry"": ""Logistics"", ""company_size"": ""10-50"", ""country"": ""United States"", ""state"": ""Colorado"", ""city"": ""Denver"", ""currency"": ""USD"", ""customer_tier"": ""ENTERPRISE"", ""sales_owner_id"": ""1"", ""credit_limit"": ""250000.0"", ""payment_terms_days"": ""30"", ""lifetime_value"": ""34736.0"", ""status"": ""ACTIVE"", ""created_at"": ""2025-02-01 09:00:00"", ""updated_at"": ""2025-02-01 09:00:00""}"
customers,32,"{""id"": ""32"", ""customer_code"": ""CUST-032"", ""company_name"": ""Prime Global"", ""industry"": ""Professional Services"", ""company_size"": ""50-200"", ""country"": ""United States"", ""state"": ""Georgia"", ""city"": ""Atlanta"", ""currency"": ""USD"", ""customer_tier"": ""MID_MARKET"", ""sales_owner_id"": ""2"", ""credit_limit"": ""100000.0"", ""payment_terms_days"": ""45"", ""lifetime_value"": ""109364.0"", ""status"": ""ACTIVE"", ""created_at"": ""2025-02-02 09:00:00"", ""updated_at"": ""2025-02-02 09:00:00""}"
customers,33,"{""id"": ""33"", ""customer_code"": ""CUST-033"", ""company_name"": ""Crestview Health"", ""industry"": ""Technology"", ""company_size"": ""200-500"", ""country"": ""United States"", ""state"": ""California"", ""city"": ""San Francisco"", ""currency"": ""USD"", ""customer_tier"": ""SMB"", ""sales_owner_id"": ""1"", ""credit_limit"": ""40000.0"", ""payment_terms_days"": ""60"", ""lifetime_value"": ""104561.0"", ""status"": ""ACTIVE"", ""created_at"": ""2025-02-03 09:00:00"", ""updated_at"": ""2025-02-03 09:00:00""}"
customers,34,"{""id"": ""34"", ""customer_code"": ""CUST-034"", ""company_name"": ""Paramount Packaging"", ""industry"": ""Healthcare"", ""company_size"": ""500-1000"", ""country"": ""United States"", ""state"": ""Texas"", ""city"": ""Austin"", ""currency"": ""USD"", ""customer_tier"": ""ENTERPRISE"", ""sales_owner_id"": ""2"", ""credit_limit"": ""250000.0"", ""payment_terms_days"": ""30"", ""lifetime_value"": ""15581.0"", ""status"": ""ACTIVE"", ""created_at"": ""2025-02-04 09:00:00"", ""updated_at"": ""2025-02-04 09:00:00""}"
customers,35,"{""id"": ""35"", ""customer_code"": ""CUST-035"", ""company_name"": ""Integra Core"", ""industry"": ""Education"", ""company_size"": ""1000-5000"", ""country"": ""United States"", ""state"": ""Washington"", ""city"": ""Seattle"", ""currency"": ""USD"", ""customer_tier"": ""MID_MARKET"", ""sales_owner_id"": ""1"", ""credit_limit"": ""100000.0"", ""payment_terms_days"": ""45"", ""lifetime_value"": ""101444.0"", ""status"": ""ACTIVE"", ""created_at"": ""2025-02-05 09:00:00"", ""updated_at"": ""2025-02-05 09:00:00""}"
customers,36,"{""id"": ""36"", ""customer_code"": ""CUST-036"", ""company_name"": ""Polaris Marine"", ""industry"": ""Manufacturing"", ""company_size"": ""10-50"", ""country"": ""United States"", ""state"": ""Illinois"", ""city"": ""Chicago"", ""currency"": ""USD"", ""customer_tier"": ""SMB"", ""sales_owner_id"": ""2"", ""credit_limit"": ""40000.0"", ""payment_terms_days"": ""60"", ""lifetime_value"": ""93515.0"", ""status"": ""ACTIVE"", ""created_at"": ""2025-02-06 09:00:00"", ""updated_at"": ""2025-02-06 09:00:00""}"
customers,37,"{""id"": ""37"", ""customer_code"": ""CUST-037"", ""company_name"": ""Dynamic Commerce"", ""industry"": ""Retail"", ""company_size"": ""50-200"", ""country"": ""United States"", ""state"": ""Massachusetts"", ""city"": ""Boston"", ""currency"": ""USD"", ""customer_tier"": ""ENTERPRISE"", ""sales_owner_id"": ""1"", ""credit_limit"": ""250000.0"", ""payment_terms_days"": ""30"", ""lifetime_value"": ""79358.0"", ""status"": ""ACTIVE"", ""created_at"": ""2025-02-07 09:00:00"", ""updated_at"": ""2025-02-07 09:00:00""}"
customers,38,"{""id"": ""38"", ""customer_code"": ""CUST-038"", ""company_name"": ""Spectrum Media"", ""industry"": ""Financial Services"", ""company_size"": ""200-500"", ""country"": ""United States"", ""state"": ""New York"", ""city"": ""New York"", ""currency"": ""USD"", ""customer_tier"": ""MID_MARKET"", ""sales_owner_id"": ""2"", ""credit_limit"": ""100000.0"", ""payment_terms_days"": ""45"", ""lifetime_value"": ""16195.0"", ""status"": ""ACTIVE"", ""created_at"": ""2025-02-08 09:00:00"", ""updated_at"": ""2025-02-08 09:00:00""}"
customers,39,"{""id"": ""39"", ""customer_code"": ""CUST-039"", ""company_name"": ""TrueNorth Health"", ""industry"": ""Logistics"", ""company_size"": ""500-1000"", ""country"": ""United States"", ""state"": ""Colorado"", ""city"": ""Denver"", ""currency"": ""USD"", ""customer_tier"": ""SMB"", ""sales_owner_id"": ""1"", ""credit_limit"": ""40000.0"", ""payment_terms_days"": ""60"", ""lifetime_value"": ""32830.0"", ""status"": ""ACTIVE"", ""created_at"": ""2025-02-09 09:00:00"", ""updated_at"": ""2025-02-09 09:00:00""}"
customers,40,"{""id"": ""40"", ""customer_code"": ""CUST-040"", ""company_name"": ""Vast Horizons"", ""industry"": ""Professional Services"", ""company_size"": ""1000-5000"", ""country"": ""United States"", ""state"": ""Georgia"", ""city"": ""Atlanta"", ""currency"": ""USD"", ""customer_tier"": ""ENTERPRISE"", ""sales_owner_id"": ""2"", ""credit_limit"": ""250000.0"", ""payment_terms_days"": ""30"", ""lifetime_value"": ""102648.0"", ""status"": ""ACTIVE"", ""created_at"": ""2025-02-10 09:00:00"", ""updated_at"": ""2025-02-10 09:00:00""}"
customer_contacts,1,"{""id"": ""1"", ""customer_id"": ""1"", ""name"": ""James Smith"", ""email"": ""kavita.rao@acme.demo"", ""phone"": ""+1-555-0101"", ""job_title"": ""Procurement Manager"", ""department"": ""Procurement"", ""is_primary"": ""True"", ""portal_enabled"": ""True"", ""status"": ""ACTIVE"", ""created_at"": ""2025-01-02 09:00:00"", ""updated_at"": ""2025-01-02 09:00:00""}"
customer_contacts,2,"{""id"": ""2"", ""customer_id"": ""2"", ""name"": ""Sarah Johnson"", ""email"": ""sameer.joshi@novasystems.demo"", ""phone"": ""+1-555-0102"", ""job_title"": ""IT Manager"", ""department"": ""IT"", ""is_primary"": ""True"", ""portal_enabled"": ""True"", ""status"": ""ACTIVE"", ""created_at"": ""2025-01-03 09:00:00"", ""updated_at"": ""2025-01-03 09:00:00""}"
customer_contacts,3,"{""id"": ""3"", ""customer_id"": ""3"", ""name"": ""Michael Williams"", ""email"": ""michael.williams@cust3.demo"", ""phone"": ""+1-555-0103"", ""job_title"": ""Finance Manager"", ""department"": ""Finance"", ""is_primary"": ""True"", ""portal_enabled"": ""False"", ""status"": ""ACTIVE"", ""created_at"": ""2025-01-04 09:00:00"", ""updated_at"": ""2025-01-04 09:00:00""}"
customer_contacts,4,"{""id"": ""4"", ""customer_id"": ""4"", ""name"": ""Emily Brown"", ""email"": ""emily.brown@cust4.demo"", ""phone"": ""+1-555-0104"", ""job_title"": ""Operations Manager"", ""department"": ""Operations"", ""is_primary"": ""True"", ""portal_enabled"": ""False"", ""status"": ""ACTIVE"", ""created_at"": ""2025-01-05 09:00:00"", ""updated_at"": ""2025-01-05 09:00:00""}"
customer_contacts,5,"{""id"": ""5"", ""customer_id"": ""5"", ""name"": ""David Jones"", ""email"": ""david.jones@cust5.demo"", ""phone"": ""+1-555-0105"", ""job_title"": ""CEO"", ""department"": ""Operations"", ""is_primary"": ""True"", ""portal_enabled"": ""False"", ""status"": ""ACTIVE"", ""created_at"": ""2025-01-06 09:00:00"", ""updated_at"": ""2025-01-06 09:00:00""}"
customer_contacts,6,"{""id"": ""6"", ""customer_id"": ""6"", ""name"": ""Jessica Miller"", ""email"": ""jessica.miller@cust6.demo"", ""phone"": ""+1-555-0106"", ""job_title"": ""CFO"", ""department"": ""Finance"", ""is_primary"": ""True"", ""portal_enabled"": ""True"", ""status"": ""ACTIVE"", ""created_at"": ""2025-01-07 09:00:00"", ""updated_at"": ""2025-01-07 09:00:00""}"
customer_contacts,7,"{""id"": ""7"", ""customer_id"": ""7"", ""name"": ""Robert Davis"", ""email"": ""robert.davis@cust7.demo"", ""phone"": ""+1-555-0107"", ""job_title"": ""CTO"", ""department"": ""IT"", ""is_primary"": ""True"", ""portal_enabled"": ""True"", ""status"": ""ACTIVE"", ""created_at"": ""2025-01-08 09:00:00"", ""updated_at"": ""2025-01-08 09:00:00""}"
customer_contacts,8,"{""id"": ""8"", ""customer_id"": ""8"", ""name"": ""Ashley Wilson"", ""email"": ""ashley.wilson@cust8.demo"", ""phone"": ""+1-555-0108"", ""job_title"": ""Administrative Manager"", ""department"": ""Operations"", ""is_primary"": ""True"", ""portal_enabled"": ""False"", ""status"": ""ACTIVE"", ""created_at"": ""2025-01-09 09:00:00"", ""updated_at"": ""2025-01-09 09:00:00""}"
customer_contacts,9,"{""id"": ""9"", ""customer_id"": ""9"", ""name"": ""William Taylor"", ""email"": ""william.taylor@cust9.demo"", ""phone"": ""+1-555-0109"", ""job_title"": ""Procurement Manager"", ""department"": ""Procurement"", ""is_primary"": ""True"", ""portal_enabled"": ""False"", ""status"": ""ACTIVE"", ""created_at"": ""2025-01-10 09:00:00"", ""updated_at"": ""2025-01-10 09:00:00""}"
customer_contacts,10,"{""id"": ""10"", ""customer_id"": ""10"", ""name"": ""Amanda Anderson"", ""email"": ""amanda.anderson@cust10.demo"", ""phone"": ""+1-555-0110"", ""job_title"": ""IT Manager"", ""department"": ""IT"", ""is_primary"": ""True"", ""portal_enabled"": ""True"", ""status"": ""ACTIVE"", ""created_at"": ""2025-01-11 09:00:00"", ""updated_at"": ""2025-01-11 09:00:00""}"
customer_contacts,11,"{""id"": ""11"", ""customer_id"": ""11"", ""name"": ""James Smith"", ""email"": ""james.smith@cust11.demo"", ""phone"": ""+1-555-0111"", ""job_title"": ""Finance Manager"", ""department"": ""Finance"", ""is_primary"": ""True"", ""portal_enabled"": ""False"", ""status"": ""ACTIVE"", ""created_at"": ""2025-01-12 09:00:00"", ""updated_at"": ""2025-01-12 09:00:00""}"
customer_contacts,12,"{""id"": ""12"", ""customer_id"": ""12"", ""name"": ""Sarah Johnson"", ""email"": ""sarah.johnson@cust12.demo"", ""phone"": ""+1-555-0112"", ""job_title"": ""Operations Manager"", ""department"": ""Operations"", ""is_primary"": ""True"", ""portal_enabled"": ""False"", ""status"": ""ACTIVE"", ""created_at"": ""2025-01-13 09:00:00"", ""updated_at"": ""2025-01-13 09:00:00""}"
customer_contacts,13,"{""id"": ""13"", ""customer_id"": ""13"", ""name"": ""Michael Williams"", ""email"": ""michael.williams@cust13.demo"", ""phone"": ""+1-555-0113"", ""job_title"": ""CEO"", ""department"": ""Operations"", ""is_primary"": ""True"", ""portal_enabled"": ""False"", ""status"": ""ACTIVE"", ""created_at"": ""2025-01-14 09:00:00"", ""updated_at"": ""2025-01-14 09:00:00""}"
customer_contacts,14,"{""id"": ""14"", ""customer_id"": ""14"", ""name"": ""Emily Brown"", ""email"": ""emily.brown@cust14.demo"", ""phone"": ""+1-555-0114"", ""job_title"": ""CFO"", ""department"": ""Finance"", ""is_primary"": ""True"", ""portal_enabled"": ""False"", ""status"": ""ACTIVE"", ""created_at"": ""2025-01-15 09:00:00"", ""updated_at"": ""2025-01-15 09:00:00""}"
customer_contacts,15,"{""id"": ""15"", ""customer_id"": ""15"", ""name"": ""David Jones"", ""email"": ""david.jones@cust15.demo"", ""phone"": ""+1-555-0115"", ""job_title"": ""CTO"", ""department"": ""IT"", ""is_primary"": ""True"", ""portal_enabled"": ""True"", ""status"": ""ACTIVE"", ""created_at"": ""2025-01-16 09:00:00"", ""updated_at"": ""2025-01-16 09:00:00""}"
customer_contacts,16,"{""id"": ""16"", ""customer_id"": ""16"", ""name"": ""Jessica Miller"", ""email"": ""jessica.miller@cust16.demo"", ""phone"": ""+1-555-0116"", ""job_title"": ""Administrative Manager"", ""department"": ""Operations"", ""is_primary"": ""True"", ""portal_enabled"": ""False"", ""status"": ""ACTIVE"", ""created_at"": ""2025-01-17 09:00:00"", ""updated_at"": ""2025-01-17 09:00:00""}"
customer_contacts,17,"{""id"": ""17"", ""customer_id"": ""17"", ""name"": ""Robert Davis"", ""email"": ""robert.davis@cust17.demo"", ""phone"": ""+1-555-0117"", ""job_title"": ""Procurement Manager"", ""department"": ""Procurement"", ""is_primary"": ""True"", ""portal_enabled"": ""False"", ""status"": ""ACTIVE"", ""created_at"": ""2025-01-18 09:00:00"", ""updated_at"": ""2025-01-18 09:00:00""}"
customer_contacts,18,"{""id"": ""18"", ""customer_id"": ""18"", ""name"": ""Ashley Wilson"", ""email"": ""ashley.wilson@cust18.demo"", ""phone"": ""+1-555-0118"", ""job_title"": ""IT Manager"", ""department"": ""IT"", ""is_primary"": ""True"", ""portal_enabled"": ""False"", ""status"": ""ACTIVE"", ""created_at"": ""2025-01-19 09:00:00"", ""updated_at"": ""2025-01-19 09:00:00""}"
customer_contacts,19,"{""id"": ""19"", ""customer_id"": ""19"", ""name"": ""William Taylor"", ""email"": ""william.taylor@cust19.demo"", ""phone"": ""+1-555-0119"", ""job_title"": ""Finance Manager"", ""department"": ""Finance"", ""is_primary"": ""True"", ""portal_enabled"": ""False"", ""status"": ""ACTIVE"", ""created_at"": ""2025-01-20 09:00:00"", ""updated_at"": ""2025-01-20 09:00:00""}"
customer_contacts,20,"{""id"": ""20"", ""customer_id"": ""20"", ""name"": ""Amanda Anderson"", ""email"": ""amanda.anderson@cust20.demo"", ""phone"": ""+1-555-0120"", ""job_title"": ""Operations Manager"", ""department"": ""Operations"", ""is_primary"": ""True"", ""portal_enabled"": ""False"", ""status"": ""ACTIVE"", ""created_at"": ""2025-01-21 09:00:00"", ""updated_at"": ""2025-01-21 09:00:00""}"
customer_contacts,21,"{""id"": ""21"", ""customer_id"": ""21"", ""name"": ""James Smith"", ""email"": ""james.smith@cust21.demo"", ""phone"": ""+1-555-0121"", ""job_title"": ""CEO"", ""department"": ""Operations"", ""is_primary"": ""True"", ""portal_enabled"": ""False"", ""status"": ""ACTIVE"", ""created_at"": ""2025-01-22 09:00:00"", ""updated_at"": ""2025-01-22 09:00:00""}"
customer_contacts,22,"{""id"": ""22"", ""customer_id"": ""22"", ""name"": ""Sarah Johnson"", ""email"": ""sarah.johnson@cust22.demo"", ""phone"": ""+1-555-0122"", ""job_title"": ""CFO"", ""department"": ""Finance"", ""is_primary"": ""True"", ""portal_enabled"": ""False"", ""status"": ""ACTIVE"", ""created_at"": ""2025-01-23 09:00:00"", ""updated_at"": ""2025-01-23 09:00:00""}"
customer_contacts,23,"{""id"": ""23"", ""customer_id"": ""23"", ""name"": ""Michael Williams"", ""email"": ""michael.williams@cust23.demo"", ""phone"": ""+1-555-0123"", ""job_title"": ""CTO"", ""department"": ""IT"", ""is_primary"": ""True"", ""portal_enabled"": ""False"", ""status"": ""ACTIVE"", ""created_at"": ""2025-01-24 09:00:00"", ""updated_at"": ""2025-01-24 09:00:00""}"
customer_contacts,24,"{""id"": ""24"", ""customer_id"": ""24"", ""name"": ""Emily Brown"", ""email"": ""emily.brown@cust24.demo"", ""phone"": ""+1-555-0124"", ""job_title"": ""Administrative Manager"", ""department"": ""Operations"", ""is_primary"": ""True"", ""portal_enabled"": ""False"", ""status"": ""ACTIVE"", ""created_at"": ""2025-01-25 09:00:00"", ""updated_at"": ""2025-01-25 09:00:00""}"
customer_contacts,25,"{""id"": ""25"", ""customer_id"": ""25"", ""name"": ""David Jones"", ""email"": ""david.jones@cust25.demo"", ""phone"": ""+1-555-0125"", ""job_title"": ""Procurement Manager"", ""department"": ""Procurement"", ""is_primary"": ""True"", ""portal_enabled"": ""False"", ""status"": ""ACTIVE"", ""created_at"": ""2025-01-26 09:00:00"", ""updated_at"": ""2025-01-26 09:00:00""}"
customer_contacts,26,"{""id"": ""26"", ""customer_id"": ""26"", ""name"": ""Jessica Miller"", ""email"": ""jessica.miller@cust26.demo"", ""phone"": ""+1-555-0126"", ""job_title"": ""IT Manager"", ""department"": ""IT"", ""is_primary"": ""True"", ""portal_enabled"": ""False"", ""status"": ""ACTIVE"", ""created_at"": ""2025-01-27 09:00:00"", ""updated_at"": ""2025-01-27 09:00:00""}"
customer_contacts,27,"{""id"": ""27"", ""customer_id"": ""27"", ""name"": ""Robert Davis"", ""email"": ""robert.davis@cust27.demo"", ""phone"": ""+1-555-0127"", ""job_title"": ""Finance Manager"", ""department"": ""Finance"", ""is_primary"": ""True"", ""portal_enabled"": ""False"", ""status"": ""ACTIVE"", ""created_at"": ""2025-01-28 09:00:00"", ""updated_at"": ""2025-01-28 09:00:00""}"
customer_contacts,28,"{""id"": ""28"", ""customer_id"": ""28"", ""name"": ""Ashley Wilson"", ""email"": ""ashley.wilson@cust28.demo"", ""phone"": ""+1-555-0128"", ""job_title"": ""Operations Manager"", ""department"": ""Operations"", ""is_primary"": ""True"", ""portal_enabled"": ""False"", ""status"": ""ACTIVE"", ""created_at"": ""2025-01-29 09:00:00"", ""updated_at"": ""2025-01-29 09:00:00""}"
customer_contacts,29,"{""id"": ""29"", ""customer_id"": ""29"", ""name"": ""William Taylor"", ""email"": ""william.taylor@cust29.demo"", ""phone"": ""+1-555-0129"", ""job_title"": ""CEO"", ""department"": ""Operations"", ""is_primary"": ""True"", ""portal_enabled"": ""False"", ""status"": ""ACTIVE"", ""created_at"": ""2025-01-30 09:00:00"", ""updated_at"": ""2025-01-30 09:00:00""}"
customer_contacts,30,"{""id"": ""30"", ""customer_id"": ""30"", ""name"": ""Amanda Anderson"", ""email"": ""amanda.anderson@cust30.demo"", ""phone"": ""+1-555-0130"", ""job_title"": ""CFO"", ""department"": ""Finance"", ""is_primary"": ""True"", ""portal_enabled"": ""False"", ""status"": ""ACTIVE"", ""created_at"": ""2025-01-31 09:00:00"", ""updated_at"": ""2025-01-31 09:00:00""}"
customer_contacts,31,"{""id"": ""31"", ""customer_id"": ""31"", ""name"": ""James Smith"", ""email"": ""james.smith@cust31.demo"", ""phone"": ""+1-555-0131"", ""job_title"": ""CTO"", ""department"": ""IT"", ""is_primary"": ""True"", ""portal_enabled"": ""False"", ""status"": ""ACTIVE"", ""created_at"": ""2025-02-01 09:00:00"", ""updated_at"": ""2025-02-01 09:00:00""}"
customer_contacts,32,"{""id"": ""32"", ""customer_id"": ""32"", ""name"": ""Sarah Johnson"", ""email"": ""sarah.johnson@cust32.demo"", ""phone"": ""+1-555-0132"", ""job_title"": ""Administrative Manager"", ""department"": ""Operations"", ""is_primary"": ""True"", ""portal_enabled"": ""False"", ""status"": ""ACTIVE"", ""created_at"": ""2025-02-02 09:00:00"", ""updated_at"": ""2025-02-02 09:00:00""}"
customer_contacts,33,"{""id"": ""33"", ""customer_id"": ""33"", ""name"": ""Michael Williams"", ""email"": ""michael.williams@cust33.demo"", ""phone"": ""+1-555-0133"", ""job_title"": ""Procurement Manager"", ""department"": ""Procurement"", ""is_primary"": ""False"", ""portal_enabled"": ""False"", ""status"": ""ACTIVE"", ""created_at"": ""2025-02-03 09:00:00"", ""updated_at"": ""2025-02-03 09:00:00""}"
customer_contacts,34,"{""id"": ""34"", ""customer_id"": ""34"", ""name"": ""Emily Brown"", ""email"": ""emily.brown@cust34.demo"", ""phone"": ""+1-555-0134"", ""job_title"": ""IT Manager"", ""department"": ""IT"", ""is_primary"": ""True"", ""portal_enabled"": ""False"", ""status"": ""ACTIVE"", ""created_at"": ""2025-02-04 09:00:00"", ""updated_at"": ""2025-02-04 09:00:00""}"
customer_contacts,35,"{""id"": ""35"", ""customer_id"": ""35"", ""name"": ""David Jones"", ""email"": ""david.jones@cust35.demo"", ""phone"": ""+1-555-0135"", ""job_title"": ""Finance Manager"", ""department"": ""Finance"", ""is_primary"": ""False"", ""portal_enabled"": ""False"", ""status"": ""ACTIVE"", ""created_at"": ""2025-02-05 09:00:00"", ""updated_at"": ""2025-02-05 09:00:00""}"
customer_contacts,36,"{""id"": ""36"", ""customer_id"": ""36"", ""name"": ""Jessica Miller"", ""email"": ""jessica.miller@cust36.demo"", ""phone"": ""+1-555-0136"", ""job_title"": ""Operations Manager"", ""department"": ""Operations"", ""is_primary"": ""True"", ""portal_enabled"": ""False"", ""status"": ""ACTIVE"", ""created_at"": ""2025-02-06 09:00:00"", ""updated_at"": ""2025-02-06 09:00:00""}"
customer_contacts,37,"{""id"": ""37"", ""customer_id"": ""37"", ""name"": ""Robert Davis"", ""email"": ""robert.davis@cust37.demo"", ""phone"": ""+1-555-0137"", ""job_title"": ""CEO"", ""department"": ""Operations"", ""is_primary"": ""False"", ""portal_enabled"": ""False"", ""status"": ""ACTIVE"", ""created_at"": ""2025-02-07 09:00:00"", ""updated_at"": ""2025-02-07 09:00:00""}"
customer_contacts,38,"{""id"": ""38"", ""customer_id"": ""38"", ""name"": ""Ashley Wilson"", ""email"": ""ashley.wilson@cust38.demo"", ""phone"": ""+1-555-0138"", ""job_title"": ""CFO"", ""department"": ""Finance"", ""is_primary"": ""True"", ""portal_enabled"": ""False"", ""status"": ""ACTIVE"", ""created_at"": ""2025-02-08 09:00:00"", ""updated_at"": ""2025-02-08 09:00:00""}"
customer_contacts,39,"{""id"": ""39"", ""customer_id"": ""39"", ""name"": ""William Taylor"", ""email"": ""william.taylor@cust39.demo"", ""phone"": ""+1-555-0139"", ""job_title"": ""CTO"", ""department"": ""IT"", ""is_primary"": ""False"", ""portal_enabled"": ""False"", ""status"": ""ACTIVE"", ""created_at"": ""2025-02-09 09:00:00"", ""updated_at"": ""2025-02-09 09:00:00""}"
customer_contacts,40,"{""id"": ""40"", ""customer_id"": ""40"", ""name"": ""Amanda Anderson"", ""email"": ""amanda.anderson@cust40.demo"", ""phone"": ""+1-555-0140"", ""job_title"": ""Administrative Manager"", ""department"": ""Operations"", ""is_primary"": ""True"", ""portal_enabled"": ""False"", ""status"": ""ACTIVE"", ""created_at"": ""2025-02-10 09:00:00"", ""updated_at"": ""2025-02-10 09:00:00""}"
product_categories,1,"{""id"": ""1"", ""name"": ""Laptops"", ""description"": ""High performance business and workstation laptops"", ""parent_category_id"": null, ""status"": ""ACTIVE"", ""created_at"": ""2025-01-01 09:00:00"", ""updated_at"": ""2025-01-01 09:00:00""}"
product_categories,2,"{""id"": ""2"", ""name"": ""Monitors"", ""description"": ""Ultra-sharp business and professional monitors"", ""parent_category_id"": null, ""status"": ""ACTIVE"", ""created_at"": ""2025-01-01 09:00:00"", ""updated_at"": ""2025-01-01 09:00:00""}"
product_categories,3,"{""id"": ""3"", ""name"": ""Accessories"", ""description"": ""Ergonomic and productivity accessories"", ""parent_category_id"": null, ""status"": ""ACTIVE"", ""created_at"": ""2025-01-01 09:00:00"", ""updated_at"": ""2025-01-01 09:00:00""}"
product_categories,4,"{""id"": ""4"", ""name"": ""Services"", ""description"": ""Professional deployment, installation and migration services"", ""parent_category_id"": null, ""status"": ""ACTIVE"", ""created_at"": ""2025-01-01 09:00:00"", ""updated_at"": ""2025-01-01 09:00:00""}"
product_categories,5,"{""id"": ""5"", ""name"": ""Support & Care"", ""description"": ""Warranty extensions and priority support plans"", ""parent_category_id"": null, ""status"": ""ACTIVE"", ""created_at"": ""2025-01-01 09:00:00"", ""updated_at"": ""2025-01-01 09:00:00""}"
product_categories,6,"{""id"": ""6"", ""name"": ""Networking"", ""description"": ""Enterprise gateways, routers and security hardware"", ""parent_category_id"": null, ""status"": ""ACTIVE"", ""created_at"": ""2025-01-01 09:00:00"", ""updated_at"": ""2025-01-01 09:00:00""}"
products,1,"{""id"": ""1"", ""sku"": ""LP-14"", ""name"": ""Laptop Pro 14"", ""description"": ""14-inch professional business laptop with Core i7"", ""category_id"": ""1"", ""product_family"": ""Laptop Pro"", ""product_type"": ""PHYSICAL"", ""tier"": ""1"", ""parent_product_id"": null, ""unit_price"": ""1200.0"", ""cost_price"": ""840.0"", ""margin_amount"": ""360.0"", ""margin_percent"": ""30.0"", ""is_subscription"": ""False"", ""subscription_plan_id"": null, ""is_active"": ""True"", ""is_sellable"": ""True"", ""is_service"": ""False"", ""created_at"": ""2025-01-01 09:00:00"", ""updated_at"": ""2025-01-01 09:00:00""}"
products,2,"{""id"": ""2"", ""sku"": ""LP-16"", ""name"": ""Laptop Pro 16"", ""description"": ""16-inch high performance laptop with Core i9 and 32GB RAM"", ""category_id"": ""1"", ""product_family"": ""Laptop Pro"", ""product_type"": ""PHYSICAL"", ""tier"": ""2"", ""parent_product_id"": ""1"", ""unit_price"": ""1550.0"", ""cost_price"": ""1020.0"", ""margin_amount"": ""530.0"", ""margin_percent"": ""34.19"", ""is_subscription"": ""False"", ""subscription_plan_id"": null, ""is_active"": ""True"", ""is_sellable"": ""True"", ""is_service"": ""False"", ""created_at"": ""2025-01-01 09:00:00"", ""updated_at"": ""2025-01-01 09:00:00""}"
products,3,"{""id"": ""3"", ""sku"": ""LP-18"", ""name"": ""Laptop Pro 18"", ""description"": ""18-inch flagship mobile workstation with RTX GPU"", ""category_id"": ""1"", ""product_family"": ""Laptop Pro"", ""product_type"": ""PHYSICAL"", ""tier"": ""3"", ""parent_product_id"": ""2"", ""unit_price"": ""2100.0"", ""cost_price"": ""1350.0"", ""margin_amount"": ""750.0"", ""margin_percent"": ""35.71"", ""is_subscription"": ""False"", ""subscription_plan_id"": null, ""is_active"": ""True"", ""is_sellable"": ""True"", ""is_service"": ""False"", ""created_at"": ""2025-01-01 09:00:00"", ""updated_at"": ""2025-01-01 09:00:00""}"
products,4,"{""id"": ""4"", ""sku"": ""MB-24"", ""name"": ""Monitor Basic 24"", ""description"": ""24-inch Full HD IPS desktop monitor"", ""category_id"": ""2"", ""product_family"": ""Business Monitor"", ""product_type"": ""PHYSICAL"", ""tier"": ""1"", ""parent_product_id"": null, ""unit_price"": ""220.0"", ""cost_price"": ""150.0"", ""margin_amount"": ""70.0"", ""margin_percent"": ""31.82"", ""is_subscription"": ""False"", ""subscription_plan_id"": null, ""is_active"": ""True"", ""is_sellable"": ""True"", ""is_service"": ""False"", ""created_at"": ""2025-01-01 09:00:00"", ""updated_at"": ""2025-01-01 09:00:00""}"
products,5,"{""id"": ""5"", ""sku"": ""MP-27"", ""name"": ""Monitor Pro 27"", ""description"": ""27-inch QHD professional color-accurate monitor"", ""category_id"": ""2"", ""product_family"": ""Business Monitor"", ""product_type"": ""PHYSICAL"", ""tier"": ""2"", ""parent_product_id"": ""4"", ""unit_price"": ""380.0"", ""cost_price"": ""240.0"", ""margin_amount"": ""140.0"", ""margin_percent"": ""36.84"", ""is_subscription"": ""False"", ""subscription_plan_id"": null, ""is_active"": ""True"", ""is_sellable"": ""True"", ""is_service"": ""False"", ""created_at"": ""2025-01-01 09:00:00"", ""updated_at"": ""2025-01-01 09:00:00""}"
products,6,"{""id"": ""6"", ""sku"": ""MU-32"", ""name"": ""Monitor Ultra 32"", ""description"": ""32-inch 4K UHD curved HDR monitor"", ""category_id"": ""2"", ""product_family"": ""Business Monitor"", ""product_type"": ""PHYSICAL"", ""tier"": ""3"", ""parent_product_id"": ""5"", ""unit_price"": ""650.0"", ""cost_price"": ""400.0"", ""margin_amount"": ""250.0"", ""margin_percent"": ""38.46"", ""is_subscription"": ""False"", ""subscription_plan_id"": null, ""is_active"": ""True"", ""is_sellable"": ""True"", ""is_service"": ""False"", ""created_at"": ""2025-01-01 09:00:00"", ""updated_at"": ""2025-01-01 09:00:00""}"
products,7,"{""id"": ""7"", ""sku"": ""BC-1Y"", ""name"": ""Basic Care 1yr"", ""description"": ""1-year standard warranty and email support"", ""category_id"": ""5"", ""product_family"": ""Support Plan"", ""product_type"": ""SUBSCRIPTION"", ""tier"": ""1"", ""parent_product_id"": null, ""unit_price"": ""120.0"", ""cost_price"": ""40.0"", ""margin_amount"": ""80.0"", ""margin_percent"": ""66.67"", ""is_subscription"": ""True"", ""subscription_plan_id"": ""PLAN-BC1"", ""is_active"": ""True"", ""is_sellable"": ""True"", ""is_service"": ""True"", ""created_at"": ""2025-01-01 09:00:00"", ""updated_at"": ""2025-01-01 09:00:00""}"
products,8,"{""id"": ""8"", ""sku"": ""PC-2Y"", ""name"": ""Premium Care 2yr"", ""description"": ""2-year 24/7 priority support with accidental damage coverage"", ""category_id"": ""5"", ""product_family"": ""Support Plan"", ""product_type"": ""SUBSCRIPTION"", ""tier"": ""2"", ""parent_product_id"": ""7"", ""unit_price"": ""250.0"", ""cost_price"": ""75.0"", ""margin_amount"": ""175.0"", ""margin_percent"": ""70.0"", ""is_subscription"": ""True"", ""subscription_plan_id"": ""PLAN-PC2"", ""is_active"": ""True"", ""is_sellable"": ""True"", ""is_service"": ""True"", ""created_at"": ""2025-01-01 09:00:00"", ""updated_at"": ""2025-01-01 09:00:00""}"
products,9,"{""id"": ""9"", ""sku"": ""EC-3Y"", ""name"": ""Enterprise Care 3yr"", ""description"": ""3-year mission-critical support with 4-hour onsite SLA"", ""category_id"": ""5"", ""product_family"": ""Support Plan"", ""product_type"": ""SUBSCRIPTION"", ""tier"": ""3"", ""parent_product_id"": ""8"", ""unit_price"": ""450.0"", ""cost_price"": ""120.0"", ""margin_amount"": ""330.0"", ""margin_percent"": ""73.33"", ""is_subscription"": ""True"", ""subscription_plan_id"": ""PLAN-EC3"", ""is_active"": ""True"", ""is_sellable"": ""True"", ""is_service"": ""True"", ""created_at"": ""2025-01-01 09:00:00"", ""updated_at"": ""2025-01-01 09:00:00""}"
products,10,"{""id"": ""10"", ""sku"": ""GW-STD"", ""name"": ""Gateway Standard"", ""description"": ""Secure branch office VPN router and firewall"", ""category_id"": ""6"", ""product_family"": ""Network Gateway"", ""product_type"": ""PHYSICAL"", ""tier"": ""1"", ""parent_product_id"": null, ""unit_price"": ""500.0"", ""cost_price"": ""340.0"", ""margin_amount"": ""160.0"", ""margin_percent"": ""32.0"", ""is_subscription"": ""False"", ""subscription_plan_id"": null, ""is_active"": ""True"", ""is_sellable"": ""True"", ""is_service"": ""False"", ""created_at"": ""2025-01-01 09:00:00"", ""updated_at"": ""2025-01-01 09:00:00""}"
products,11,"{""id"": ""11"", ""sku"": ""GW-PRO"", ""name"": ""Gateway Pro"", ""description"": ""High-throughput mid-market security gateway"", ""category_id"": ""6"", ""product_family"": ""Network Gateway"", ""product_type"": ""PHYSICAL"", ""tier"": ""2"", ""parent_product_id"": ""10"", ""unit_price"": ""850.0"", ""cost_price"": ""530.0"", ""margin_amount"": ""320.0"", ""margin_percent"": ""37.65"", ""is_subscription"": ""False"", ""subscription_plan_id"": null, ""is_active"": ""True"", ""is_sellable"": ""True"", ""is_service"": ""False"", ""created_at"": ""2025-01-01 09:00:00"", ""updated_at"": ""2025-01-01 09:00:00""}"
products,12,"{""id"": ""12"", ""sku"": ""GW-ENT"", ""name"": ""Gateway Enterprise"", ""description"": ""Redundant carrier-grade enterprise security appliance"", ""category_id"": ""6"", ""product_family"": ""Network Gateway"", ""product_type"": ""PHYSICAL"", ""tier"": ""3"", ""parent_product_id"": ""11"", ""unit_price"": ""1400.0"", ""cost_price"": ""820.0"", ""margin_amount"": ""580.0"", ""margin_percent"": ""41.43"", ""is_subscription"": ""False"", ""subscription_plan_id"": null, ""is_active"": ""True"", ""is_sellable"": ""True"", ""is_service"": ""False"", ""created_at"": ""2025-01-01 09:00:00"", ""updated_at"": ""2025-01-01 09:00:00""}"
products,13,"{""id"": ""13"", ""sku"": ""ACC-WM"", ""name"": ""Wireless Mouse"", ""description"": ""Ergonomic rechargeable multi-device wireless mouse"", ""category_id"": ""3"", ""product_family"": ""Accessories"", ""product_type"": ""PHYSICAL"", ""tier"": null, ""parent_product_id"": null, ""unit_price"": ""45.0"", ""cost_price"": ""18.0"", ""margin_amount"": ""27.0"", ""margin_percent"": ""60.0"", ""is_subscription"": ""False"", ""subscription_plan_id"": null, ""is_active"": ""True"", ""is_sellable"": ""True"", ""is_service"": ""False"", ""created_at"": ""2025-01-01 09:00:00"", ""updated_at"": ""2025-01-01 09:00:00""}"
products,14,"{""id"": ""14"", ""sku"": ""ACC-MK"", ""name"": ""Mechanical Keyboard"", ""description"": ""Low-profile tactile mechanical keyboard with backlight"", ""category_id"": ""3"", ""product_family"": ""Accessories"", ""product_type"": ""PHYSICAL"", ""tier"": null, ""parent_product_id"": null, ""unit_price"": ""95.0"", ""cost_price"": ""45.0"", ""margin_amount"": ""50.0"", ""margin_percent"": ""52.63"", ""is_subscription"": ""False"", ""subscription_plan_id"": null, ""is_active"": ""True"", ""is_sellable"": ""True"", ""is_service"": ""False"", ""created_at"": ""2025-01-01 09:00:00"", ""updated_at"": ""2025-01-01 09:00:00""}"
products,15,"{""id"": ""15"", ""sku"": ""ACC-DS"", ""name"": ""Docking Station"", ""description"": ""Universal Thunderbolt 4 dual 4K display dock"", ""category_id"": ""3"", ""product_family"": ""Accessories"", ""product_type"": ""PHYSICAL"", ""tier"": null, ""parent_product_id"": null, ""unit_price"": ""180.0"", ""cost_price"": ""95.0"", ""margin_amount"": ""85.0"", ""margin_percent"": ""47.22"", ""is_subscription"": ""False"", ""subscription_plan_id"": null, ""is_active"": ""True"", ""is_sellable"": ""True"", ""is_service"": ""False"", ""created_at"": ""2025-01-01 09:00:00"", ""updated_at"": ""2025-01-01 09:00:00""}"
products,16,"{""id"": ""16"", ""sku"": ""ACC-LB"", ""name"": ""Laptop Bag"", ""description"": ""Water-resistant padded travel laptop messenger bag"", ""category_id"": ""3"", ""product_family"": ""Accessories"", ""product_type"": ""PHYSICAL"", ""tier"": null, ""parent_product_id"": null, ""unit_price"": ""65.0"", ""cost_price"": ""25.0"", ""margin_amount"": ""40.0"", ""margin_percent"": ""61.54"", ""is_subscription"": ""False"", ""subscription_plan_id"": null, ""is_active"": ""True"", ""is_sellable"": ""True"", ""is_service"": ""False"", ""created_at"": ""2025-01-01 09:00:00"", ""updated_at"": ""2025-01-01 09:00:00""}"
products,17,"{""id"": ""17"", ""sku"": ""ACC-WC"", ""name"": ""Ultra HD Webcam"", ""description"": ""4K auto-framing noise-cancelling conference webcam"", ""category_id"": ""3"", ""product_family"": ""Accessories"", ""product_type"": ""PHYSICAL"", ""tier"": null, ""parent_product_id"": null, ""unit_price"": ""110.0"", ""cost_price"": ""55.0"", ""margin_amount"": ""55.0"", ""margin_percent"": ""50.0"", ""is_subscription"": ""False"", ""subscription_plan_id"": null, ""is_active"": ""True"", ""is_sellable"": ""True"", ""is_service"": ""False"", ""created_at"": ""2025-01-01 09:00:00"", ""updated_at"": ""2025-01-01 09:00:00""}"
products,18,"{""id"": ""18"", ""sku"": ""ACC-PA"", ""name"": ""Power Adapter 100W"", ""description"": ""Compact GaN dual USB-C fast power adapter"", ""category_id"": ""3"", ""product_family"": ""Accessories"", ""product_type"": ""PHYSICAL"", ""tier"": null, ""parent_product_id"": null, ""unit_price"": ""75.0"", ""cost_price"": ""30.0"", ""margin_amount"": ""45.0"", ""margin_percent"": ""60.0"", ""is_subscription"": ""False"", ""subscription_plan_id"": null, ""is_active"": ""True"", ""is_sellable"": ""True"", ""is_service"": ""False"", ""created_at"": ""2025-01-01 09:00:00"", ""updated_at"": ""2025-01-01 09:00:00""}"
products,19,"{""id"": ""19"", ""sku"": ""SRV-SET"", ""name"": ""Onsite Setup Service"", ""description"": ""Professional white-glove hardware deployment and configuration"", ""category_id"": ""4"", ""product_family"": ""Services"", ""product_type"": ""SERVICE"", ""tier"": null, ""parent_product_id"": null, ""unit_price"": ""450.0"", ""cost_price"": ""220.0"", ""margin_amount"": ""230.0"", ""margin_percent"": ""51.11"", ""is_subscription"": ""False"", ""subscription_plan_id"": null, ""is_active"": ""True"", ""is_sellable"": ""True"", ""is_service"": ""True"", ""created_at"": ""2025-01-01 09:00:00"", ""updated_at"": ""2025-01-01 09:00:00""}"
products,20,"{""id"": ""20"", ""sku"": ""SRV-DM"", ""name"": ""Data Migration"", ""description"": ""Secure legacy system user data and profile migration service"", ""category_id"": ""4"", ""product_family"": ""Services"", ""product_type"": ""SERVICE"", ""tier"": null, ""parent_product_id"": null, ""unit_price"": ""600.0"", ""cost_price"": ""280.0"", ""margin_amount"": ""320.0"", ""margin_percent"": ""53.33"", ""is_subscription"": ""False"", ""subscription_plan_id"": null, ""is_active"": ""True"", ""is_sellable"": ""True"", ""is_service"": ""True"", ""created_at"": ""2025-01-01 09:00:00"", ""updated_at"": ""2025-01-01 09:00:00""}"
products,21,"{""id"": ""21"", ""sku"": ""SRV-NET"", ""name"": ""Network Setup"", ""description"": ""Onsite network configuration, VLAN design and firewall setup"", ""category_id"": ""4"", ""product_family"": ""Services"", ""product_type"": ""SERVICE"", ""tier"": null, ""parent_product_id"": null, ""unit_price"": ""750.0"", ""cost_price"": ""350.0"", ""margin_amount"": ""400.0"", ""margin_percent"": ""53.33"", ""is_subscription"": ""False"", ""subscription_plan_id"": null, ""is_active"": ""True"", ""is_sellable"": ""True"", ""is_service"": ""True"", ""created_at"": ""2025-01-01 09:00:00"", ""updated_at"": ""2025-01-01 09:00:00""}"
products,22,"{""id"": ""22"", ""sku"": ""SUP-EW"", ""name"": ""Extended Warranty"", ""description"": ""1-year extended parts and labor replacement warranty"", ""category_id"": ""5"", ""product_family"": ""Support & Care"", ""product_type"": ""SERVICE"", ""tier"": null, ""parent_product_id"": null, ""unit_price"": ""180.0"", ""cost_price"": ""60.0"", ""margin_amount"": ""120.0"", ""margin_percent"": ""66.67"", ""is_subscription"": ""False"", ""subscription_plan_id"": null, ""is_active"": ""True"", ""is_sellable"": ""True"", ""is_service"": ""True"", ""created_at"": ""2025-01-01 09:00:00"", ""updated_at"": ""2025-01-01 09:00:00""}"
products,23,"{""id"": ""23"", ""sku"": ""SUB-CB"", ""name"": ""Cloud Backup 1yr"", ""description"": ""Automated daily cloud workstation backup subscription"", ""category_id"": ""5"", ""product_family"": ""Support & Care"", ""product_type"": ""SUBSCRIPTION"", ""tier"": null, ""parent_product_id"": null, ""unit_price"": ""150.0"", ""cost_price"": ""40.0"", ""margin_amount"": ""110.0"", ""margin_percent"": ""73.33"", ""is_subscription"": ""True"", ""subscription_plan_id"": ""PLAN-CB1"", ""is_active"": ""True"", ""is_sellable"": ""True"", ""is_service"": ""True"", ""created_at"": ""2025-01-01 09:00:00"", ""updated_at"": ""2025-01-01 09:00:00""}"
products,24,"{""id"": ""24"", ""sku"": ""SUB-EPS"", ""name"": ""Endpoint Security"", ""description"": ""Managed enterprise anti-malware and EDR subscription"", ""category_id"": ""5"", ""product_family"": ""Support & Care"", ""product_type"": ""SUBSCRIPTION"", ""tier"": null, ""parent_product_id"": null, ""unit_price"": ""200.0"", ""cost_price"": ""60.0"", ""margin_amount"": ""140.0"", ""margin_percent"": ""70.0"", ""is_subscription"": ""True"", ""subscription_plan_id"": ""PLAN-EPS1"", ""is_active"": ""True"", ""is_sellable"": ""True"", ""is_service"": ""True"", ""created_at"": ""2025-01-01 09:00:00"", ""updated_at"": ""2025-01-01 09:00:00""}"
pricelists,1,"{""id"": ""1"", ""name"": ""Standard Price List"", ""currency"": ""USD"", ""customer_tier"": null, ""discount_percent"": ""0.0"", ""valid_from"": ""2025-01-01 09:00:00"", ""valid_to"": ""2027-01-01 09:00:00"", ""status"": ""ACTIVE"", ""created_at"": ""2025-01-01 09:00:00"", ""updated_at"": ""2025-01-01 09:00:00""}"
pricelists,2,"{""id"": ""2"", ""name"": ""Enterprise Price List"", ""currency"": ""USD"", ""customer_tier"": ""ENTERPRISE"", ""discount_percent"": ""5.0"", ""valid_from"": ""2025-01-01 09:00:00"", ""valid_to"": ""2027-01-01 09:00:00"", ""status"": ""ACTIVE"", ""created_at"": ""2025-01-01 09:00:00"", ""updated_at"": ""2025-01-01 09:00:00""}"
promotions,1,"{""id"": ""1"", ""promotion_code"": ""UPGRADE10"", ""name"": ""Laptop Pro 16 Upgrade Incentive"", ""description"": ""10% off Laptop Pro 16 when upgrading from Laptop Pro 14"", ""promotion_type"": ""UPGRADE"", ""product_id"": ""2"", ""category_id"": ""1"", ""discount_percent"": ""10.0"", ""discount_amount"": ""0.0"", ""minimum_quantity"": ""1"", ""valid_from"": ""2025-01-01 09:00:00"", ""valid_to"": ""2027-01-01 09:00:00"", ""priority"": ""1"", ""status"": ""ACTIVE"", ""created_at"": ""2025-01-01 09:00:00"", ""updated_at"": ""2025-01-01 09:00:00""}"
promotions,2,"{""id"": ""2"", ""promotion_code"": ""UPGRADE15"", ""name"": ""Monitor Pro 27 Display Upgrade"", ""description"": ""15% off Monitor Pro 27 when upgrading from 24-inch"", ""promotion_type"": ""UPGRADE"", ""product_id"": ""5"", ""category_id"": ""2"", ""discount_percent"": ""15.0"", ""discount_amount"": ""0.0"", ""minimum_quantity"": ""1"", ""valid_from"": ""2025-01-01 09:00:00"", ""valid_to"": ""2027-01-01 09:00:00"", ""priority"": ""2"", ""status"": ""ACTIVE"", ""created_at"": ""2025-01-01 09:00:00"", ""updated_at"": ""2025-01-01 09:00:00""}"
promotions,3,"{""id"": ""3"", ""promotion_code"": ""ACCESSORY12"", ""name"": ""Docking Station 12% Off"", ""description"": ""12% off Docking Station when purchased with any laptop"", ""promotion_type"": ""PERCENTAGE"", ""product_id"": ""15"", ""category_id"": ""3"", ""discount_percent"": ""12.0"", ""discount_amount"": ""0.0"", ""minimum_quantity"": ""1"", ""valid_from"": ""2025-01-01 09:00:00"", ""valid_to"": ""2027-01-01 09:00:00"", ""priority"": ""1"", ""status"": ""ACTIVE"", ""created_at"": ""2025-01-01 09:00:00"", ""updated_at"": ""2025-01-01 09:00:00""}"
promotions,4,"{""id"": ""4"", ""promotion_code"": ""CARE15"", ""name"": ""Premium Care 15% Off"", ""description"": ""15% off Premium Care 2yr plan with workstation bundles"", ""promotion_type"": ""PERCENTAGE"", ""product_id"": ""8"", ""category_id"": ""5"", ""discount_percent"": ""15.0"", ""discount_amount"": ""0.0"", ""minimum_quantity"": ""1"", ""valid_from"": ""2025-01-01 09:00:00"", ""valid_to"": ""2027-01-01 09:00:00"", ""priority"": ""1"", ""status"": ""ACTIVE"", ""created_at"": ""2025-01-01 09:00:00"", ""updated_at"": ""2025-01-01 09:00:00""}"
promotions,5,"{""id"": ""5"", ""promotion_code"": ""MOUSE5"", ""name"": ""Wireless Mouse $5 Instant Credit"", ""description"": ""$5 off Wireless Mouse companion peripheral"", ""promotion_type"": ""FIXED_AMOUNT"", ""product_id"": ""13"", ""category_id"": ""3"", ""discount_percent"": ""0.0"", ""discount_amount"": ""5.0"", ""minimum_quantity"": ""1"", ""valid_from"": ""2025-01-01 09:00:00"", ""valid_to"": ""2027-01-01 09:00:00"", ""priority"": ""1"", ""status"": ""ACTIVE"", ""created_at"": ""2025-01-01 09:00:00"", ""updated_at"": ""2025-01-01 09:00:00""}"
promotions,6,"{""id"": ""6"", ""promotion_code"": ""BUNDLE_MONITOR"", ""name"": ""Dual Display Bundle"", ""description"": ""8% off Monitor Ultra 32 when bundling 2 or more"", ""promotion_type"": ""BUNDLE"", ""product_id"": ""6"", ""category_id"": ""2"", ""discount_percent"": ""8.0"", ""discount_amount"": ""0.0"", ""minimum_quantity"": ""2"", ""valid_from"": ""2025-01-01 09:00:00"", ""valid_to"": ""2027-01-01 09:00:00"", ""priority"": ""2"", ""status"": ""ACTIVE"", ""created_at"": ""2025-01-01 09:00:00"", ""updated_at"": ""2025-01-01 09:00:00""}"
promotions,7,"{""id"": ""7"", ""promotion_code"": ""WINTER_LAPTOP"", ""name"": ""Winter 2024 Laptop Sale"", ""description"": ""8% off laptops in Q4 2024"", ""promotion_type"": ""PERCENTAGE"", ""product_id"": null, ""category_id"": ""1"", ""discount_percent"": ""8.0"", ""discount_amount"": ""0.0"", ""minimum_quantity"": ""1"", ""valid_from"": ""2024-10-03 09:00:00"", ""valid_to"": ""2024-12-31 09:00:00"", ""priority"": ""3"", ""status"": ""EXPIRED"", ""created_at"": ""2025-01-01 09:00:00"", ""updated_at"": ""2025-01-01 09:00:00""}"
promotions,8,"{""id"": ""8"", ""promotion_code"": ""SPRING_CARE"", ""name"": ""Spring Support Promotion 2024"", ""description"": ""10% off Basic Care plans"", ""promotion_type"": ""PERCENTAGE"", ""product_id"": ""7"", ""category_id"": ""5"", ""discount_percent"": ""10.0"", ""discount_amount"": ""0.0"", ""minimum_quantity"": ""1"", ""valid_from"": ""2024-07-05 09:00:00"", ""valid_to"": ""2024-10-02 09:00:00"", ""priority"": ""2"", ""status"": ""EXPIRED"", ""created_at"": ""2025-01-01 09:00:00"", ""updated_at"": ""2025-01-01 09:00:00""}"
promotions,9,"{""id"": ""9"", ""promotion_code"": ""SERVICE_DISC"", ""name"": ""Initial Deployment Discount"", ""description"": ""5% off Professional Services in early 2024"", ""promotion_type"": ""CATEGORY"", ""product_id"": null, ""category_id"": ""4"", ""discount_percent"": ""5.0"", ""discount_amount"": ""0.0"", ""minimum_quantity"": ""1"", ""valid_from"": ""2024-05-06 09:00:00"", ""valid_to"": ""2024-09-03 09:00:00"", ""priority"": ""3"", ""status"": ""EXPIRED"", ""created_at"": ""2025-01-01 09:00:00"", ""updated_at"": ""2025-01-01 09:00:00""}"
promotions,10,"{""id"": ""10"", ""promotion_code"": ""NET_SUMMER"", ""name"": ""Summer 2026 Gateway Upgrade Promo"", ""description"": ""10% off Gateway Pro upcoming promotion"", ""promotion_type"": ""BUNDLE"", ""product_id"": ""11"", ""category_id"": ""6"", ""discount_percent"": ""10.0"", ""discount_amount"": ""0.0"", ""minimum_quantity"": ""1"", ""valid_from"": ""2026-05-16 09:00:00"", ""valid_to"": ""2026-08-14 09:00:00"", ""priority"": ""2"", ""status"": ""SCHEDULED"", ""created_at"": ""2025-01-01 09:00:00"", ""updated_at"": ""2025-01-01 09:00:00""}"
product_relationships,1,"{""id"": ""1"", ""source_product_id"": ""1"", ""target_product_id"": ""2"", ""relationship_type"": ""UPSELL"", ""strength"": ""0.88"", ""priority"": ""1"", ""reason"": ""Screen size and processor upgrade from 14-inch to 16-inch"", ""created_at"": ""2025-01-01 09:00:00"", ""updated_at"": ""2025-01-01 09:00:00""}"
product_relationships,2,"{""id"": ""2"", ""source_product_id"": ""1"", ""target_product_id"": ""3"", ""relationship_type"": ""UPSELL"", ""strength"": ""0.42"", ""priority"": ""2"", ""reason"": ""Workstation tier upgrade with dedicated graphics"", ""created_at"": ""2025-01-01 09:00:00"", ""updated_at"": ""2025-01-01 09:00:00""}"
product_relationships,3,"{""id"": ""3"", ""source_product_id"": ""2"", ""target_product_id"": ""3"", ""relationship_type"": ""UPSELL"", ""strength"": ""0.65"", ""priority"": ""1"", ""reason"": ""Flagship workstation upgrade with maximum memory"", ""created_at"": ""2025-01-01 09:00:00"", ""updated_at"": ""2025-01-01 09:00:00""}"
product_relationships,4,"{""id"": ""4"", ""source_product_id"": ""4"", ""target_product_id"": ""5"", ""relationship_type"": ""UPSELL"", ""strength"": ""0.82"", ""priority"": ""1"", ""reason"": ""QHD resolution and 27-inch screen size upgrade"", ""created_at"": ""2025-01-01 09:00:00"", ""updated_at"": ""2025-01-01 09:00:00""}"
product_relationships,5,"{""id"": ""5"", ""source_product_id"": ""4"", ""target_product_id"": ""6"", ""relationship_type"": ""UPSELL"", ""strength"": ""0.38"", ""priority"": ""2"", ""reason"": ""4K UHD ultra-wide premium display upgrade"", ""created_at"": ""2025-01-01 09:00:00"", ""updated_at"": ""2025-01-01 09:00:00""}"
product_relationships,6,"{""id"": ""6"", ""source_product_id"": ""5"", ""target_product_id"": ""6"", ""relationship_type"": ""UPSELL"", ""strength"": ""0.68"", ""priority"": ""1"", ""reason"": ""Curved 4K HDR ultra-wide upgrade"", ""created_at"": ""2025-01-01 09:00:00"", ""updated_at"": ""2025-01-01 09:00:00""}"
product_relationships,7,"{""id"": ""7"", ""source_product_id"": ""7"", ""target_product_id"": ""8"", ""relationship_type"": ""UPSELL"", ""strength"": ""0.78"", ""priority"": ""1"", ""reason"": ""2-year coverage with 24/7 priority support"", ""created_at"": ""2025-01-01 09:00:00"", ""updated_at"": ""2025-01-01 09:00:00""}"
product_relationships,8,"{""id"": ""8"", ""source_product_id"": ""7"", ""target_product_id"": ""9"", ""relationship_type"": ""UPSELL"", ""strength"": ""0.35"", ""priority"": ""2"", ""reason"": ""3-year mission-critical enterprise support SLA"", ""created_at"": ""2025-01-01 09:00:00"", ""updated_at"": ""2025-01-01 09:00:00""}"
product_relationships,9,"{""id"": ""9"", ""source_product_id"": ""8"", ""target_product_id"": ""9"", ""relationship_type"": ""UPSELL"", ""strength"": ""0.58"", ""priority"": ""1"", ""reason"": ""Enterprise on-site SLA upgrade"", ""created_at"": ""2025-01-01 09:00:00"", ""updated_at"": ""2025-01-01 09:00:00""}"
product_relationships,10,"{""id"": ""10"", ""source_product_id"": ""10"", ""target_product_id"": ""11"", ""relationship_type"": ""UPSELL"", ""strength"": ""0.75"", ""priority"": ""1"", ""reason"": ""Throughput and advanced VPN capacity upgrade"", ""created_at"": ""2025-01-01 09:00:00"", ""updated_at"": ""2025-01-01 09:00:00""}"
product_relationships,11,"{""id"": ""11"", ""source_product_id"": ""10"", ""target_product_id"": ""12"", ""relationship_type"": ""UPSELL"", ""strength"": ""0.32"", ""priority"": ""2"", ""reason"": ""Redundant carrier-grade appliance upgrade"", ""created_at"": ""2025-01-01 09:00:00"", ""updated_at"": ""2025-01-01 09:00:00""}"
product_relationships,12,"{""id"": ""12"", ""source_product_id"": ""11"", ""target_product_id"": ""12"", ""relationship_type"": ""UPSELL"", ""strength"": ""0.62"", ""priority"": ""1"", ""reason"": ""High availability enterprise cluster upgrade"", ""created_at"": ""2025-01-01 09:00:00"", ""updated_at"": ""2025-01-01 09:00:00""}"
product_relationships,13,"{""id"": ""13"", ""source_product_id"": ""1"", ""target_product_id"": ""13"", ""relationship_type"": ""CROSS_SELL"", ""strength"": ""0.92"", ""priority"": ""1"", ""reason"": ""Frequent co-purchase: Ergonomic Wireless Mouse"", ""created_at"": ""2025-01-01 09:00:00"", ""updated_at"": ""2025-01-01 09:00:00""}"
product_relationships,14,"{""id"": ""14"", ""source_product_id"": ""1"", ""target_product_id"": ""15"", ""relationship_type"": ""CROSS_SELL"", ""strength"": ""0.85"", ""priority"": ""1"", ""reason"": ""Frequent co-purchase: Thunderbolt 4 Docking Station"", ""created_at"": ""2025-01-01 09:00:00"", ""updated_at"": ""2025-01-01 09:00:00""}"
product_relationships,15,"{""id"": ""15"", ""source_product_id"": ""1"", ""target_product_id"": ""16"", ""relationship_type"": ""CROSS_SELL"", ""strength"": ""0.75"", ""priority"": ""2"", ""reason"": ""Complementary protection: Padded Laptop Bag"", ""created_at"": ""2025-01-01 09:00:00"", ""updated_at"": ""2025-01-01 09:00:00""}"
product_relationships,16,"{""id"": ""16"", ""source_product_id"": ""1"", ""target_product_id"": ""22"", ""relationship_type"": ""CROSS_SELL"", ""strength"": ""0.72"", ""priority"": ""2"", ""reason"": ""Hardware protection: Extended Warranty"", ""created_at"": ""2025-01-01 09:00:00"", ""updated_at"": ""2025-01-01 09:00:00""}"
product_relationships,17,"{""id"": ""17"", ""source_product_id"": ""1"", ""target_product_id"": ""8"", ""relationship_type"": ""CROSS_SELL"", ""strength"": ""0.68"", ""priority"": ""3"", ""reason"": ""Priority support plan: Premium Care 2yr"", ""created_at"": ""2025-01-01 09:00:00"", ""updated_at"": ""2025-01-01 09:00:00""}"
product_relationships,18,"{""id"": ""18"", ""source_product_id"": ""1"", ""target_product_id"": ""14"", ""relationship_type"": ""CROSS_SELL"", ""strength"": ""0.6"", ""priority"": ""3"", ""reason"": ""Productivity keyboard: Mechanical Keyboard"", ""created_at"": ""2025-01-01 09:00:00"", ""updated_at"": ""2025-01-01 09:00:00""}"
product_relationships,19,"{""id"": ""19"", ""source_product_id"": ""1"", ""target_product_id"": ""17"", ""relationship_type"": ""CROSS_SELL"", ""strength"": ""0.55"", ""priority"": ""4"", ""reason"": ""Remote conferencing: Ultra HD Webcam"", ""created_at"": ""2025-01-01 09:00:00"", ""updated_at"": ""2025-01-01 09:00:00""}"
product_relationships,20,"{""id"": ""20"", ""source_product_id"": ""1"", ""target_product_id"": ""18"", ""relationship_type"": ""CROSS_SELL"", ""strength"": ""0.52"", ""priority"": ""4"", ""reason"": ""Secondary mobile power: Power Adapter 100W"", ""created_at"": ""2025-01-01 09:00:00"", ""updated_at"": ""2025-01-01 09:00:00""}"
product_relationships,21,"{""id"": ""21"", ""source_product_id"": ""1"", ""target_product_id"": ""19"", ""relationship_type"": ""CROSS_SELL"", ""strength"": ""0.48"", ""priority"": ""4"", ""reason"": ""Deployment service: Onsite Setup Service"", ""created_at"": ""2025-01-01 09:00:00"", ""updated_at"": ""2025-01-01 09:00:00""}"
product_relationships,22,"{""id"": ""22"", ""source_product_id"": ""1"", ""target_product_id"": ""23"", ""relationship_type"": ""CROSS_SELL"", ""strength"": ""0.45"", ""priority"": ""5"", ""reason"": ""Data backup: Cloud Backup 1yr"", ""created_at"": ""2025-01-01 09:00:00"", ""updated_at"": ""2025-01-01 09:00:00""}"
product_relationships,23,"{""id"": ""23"", ""source_product_id"": ""2"", ""target_product_id"": ""13"", ""relationship_type"": ""CROSS_SELL"", ""strength"": ""0.9"", ""priority"": ""1"", ""reason"": ""High co-purchase: Wireless Mouse"", ""created_at"": ""2025-01-01 09:00:00"", ""updated_at"": ""2025-01-01 09:00:00""}"
product_relationships,24,"{""id"": ""24"", ""source_product_id"": ""2"", ""target_product_id"": ""15"", ""relationship_type"": ""CROSS_SELL"", ""strength"": ""0.88"", ""priority"": ""1"", ""reason"": ""High co-purchase: Docking Station"", ""created_at"": ""2025-01-01 09:00:00"", ""updated_at"": ""2025-01-01 09:00:00""}"
product_relationships,25,"{""id"": ""25"", ""source_product_id"": ""2"", ""target_product_id"": ""8"", ""relationship_type"": ""CROSS_SELL"", ""strength"": ""0.75"", ""priority"": ""2"", ""reason"": ""Recommended support: Premium Care 2yr"", ""created_at"": ""2025-01-01 09:00:00"", ""updated_at"": ""2025-01-01 09:00:00""}"
product_relationships,26,"{""id"": ""26"", ""source_product_id"": ""2"", ""target_product_id"": ""22"", ""relationship_type"": ""CROSS_SELL"", ""strength"": ""0.7"", ""priority"": ""2"", ""reason"": ""Extended Warranty protection"", ""created_at"": ""2025-01-01 09:00:00"", ""updated_at"": ""2025-01-01 09:00:00""}"
product_relationships,27,"{""id"": ""27"", ""source_product_id"": ""2"", ""target_product_id"": ""14"", ""relationship_type"": ""CROSS_SELL"", ""strength"": ""0.62"", ""priority"": ""3"", ""reason"": ""Mechanical Keyboard peripheral"", ""created_at"": ""2025-01-01 09:00:00"", ""updated_at"": ""2025-01-01 09:00:00""}"
product_relationships,28,"{""id"": ""28"", ""source_product_id"": ""2"", ""target_product_id"": ""19"", ""relationship_type"": ""CROSS_SELL"", ""strength"": ""0.5"", ""priority"": ""3"", ""reason"": ""Onsite Setup Service for 16-inch fleet"", ""created_at"": ""2025-01-01 09:00:00"", ""updated_at"": ""2025-01-01 09:00:00""}"
product_relationships,29,"{""id"": ""29"", ""source_product_id"": ""3"", ""target_product_id"": ""15"", ""relationship_type"": ""CROSS_SELL"", ""strength"": ""0.92"", ""priority"": ""1"", ""reason"": ""Essential Docking Station for workstation"", ""created_at"": ""2025-01-01 09:00:00"", ""updated_at"": ""2025-01-01 09:00:00""}"
product_relationships,30,"{""id"": ""30"", ""source_product_id"": ""3"", ""target_product_id"": ""9"", ""relationship_type"": ""CROSS_SELL"", ""strength"": ""0.8"", ""priority"": ""1"", ""reason"": ""Enterprise Care 3yr mission-critical protection"", ""created_at"": ""2025-01-01 09:00:00"", ""updated_at"": ""2025-01-01 09:00:00""}"
product_relationships,31,"{""id"": ""31"", ""source_product_id"": ""3"", ""target_product_id"": ""14"", ""relationship_type"": ""CROSS_SELL"", ""strength"": ""0.68"", ""priority"": ""2"", ""reason"": ""Mechanical Keyboard for workstation"", ""created_at"": ""2025-01-01 09:00:00"", ""updated_at"": ""2025-01-01 09:00:00""}"
product_relationships,32,"{""id"": ""32"", ""source_product_id"": ""4"", ""target_product_id"": ""15"", ""relationship_type"": ""CROSS_SELL"", ""strength"": ""0.7"", ""priority"": ""1"", ""reason"": ""Display docking connection: Docking Station"", ""created_at"": ""2025-01-01 09:00:00"", ""updated_at"": ""2025-01-01 09:00:00""}"
product_relationships,33,"{""id"": ""33"", ""source_product_id"": ""5"", ""target_product_id"": ""15"", ""relationship_type"": ""CROSS_SELL"", ""strength"": ""0.76"", ""priority"": ""1"", ""reason"": ""Display docking connection: Docking Station"", ""created_at"": ""2025-01-01 09:00:00"", ""updated_at"": ""2025-01-01 09:00:00""}"
product_relationships,34,"{""id"": ""34"", ""source_product_id"": ""5"", ""target_product_id"": ""17"", ""relationship_type"": ""CROSS_SELL"", ""strength"": ""0.64"", ""priority"": ""2"", ""reason"": ""Conferencing mount: Ultra HD Webcam"", ""created_at"": ""2025-01-01 09:00:00"", ""updated_at"": ""2025-01-01 09:00:00""}"
product_relationships,35,"{""id"": ""35"", ""source_product_id"": ""6"", ""target_product_id"": ""15"", ""relationship_type"": ""CROSS_SELL"", ""strength"": ""0.82"", ""priority"": ""1"", ""reason"": ""Thunderbolt docking for 4K display"", ""created_at"": ""2025-01-01 09:00:00"", ""updated_at"": ""2025-01-01 09:00:00""}"
product_relationships,36,"{""id"": ""36"", ""source_product_id"": ""10"", ""target_product_id"": ""21"", ""relationship_type"": ""CROSS_SELL"", ""strength"": ""0.85"", ""priority"": ""1"", ""reason"": ""Implementation service: Network Setup"", ""created_at"": ""2025-01-01 09:00:00"", ""updated_at"": ""2025-01-01 09:00:00""}"
product_relationships,37,"{""id"": ""37"", ""source_product_id"": ""11"", ""target_product_id"": ""21"", ""relationship_type"": ""CROSS_SELL"", ""strength"": ""0.88"", ""priority"": ""1"", ""reason"": ""Implementation service: Network Setup"", ""created_at"": ""2025-01-01 09:00:00"", ""updated_at"": ""2025-01-01 09:00:00""}"
product_relationships,38,"{""id"": ""38"", ""source_product_id"": ""12"", ""target_product_id"": ""21"", ""relationship_type"": ""CROSS_SELL"", ""strength"": ""0.94"", ""priority"": ""1"", ""reason"": ""Enterprise implementation: Network Setup"", ""created_at"": ""2025-01-01 09:00:00"", ""updated_at"": ""2025-01-01 09:00:00""}"
product_relationships,39,"{""id"": ""39"", ""source_product_id"": ""10"", ""target_product_id"": ""20"", ""relationship_type"": ""CROSS_SELL"", ""strength"": ""0.65"", ""priority"": ""2"", ""reason"": ""Deployment service: Data Migration"", ""created_at"": ""2025-01-01 09:00:00"", ""updated_at"": ""2025-01-01 09:00:00""}"
product_relationships,40,"{""id"": ""40"", ""source_product_id"": ""11"", ""target_product_id"": ""20"", ""relationship_type"": ""CROSS_SELL"", ""strength"": ""0.7"", ""priority"": ""2"", ""reason"": ""Deployment service: Data Migration"", ""created_at"": ""2025-01-01 09:00:00"", ""updated_at"": ""2025-01-01 09:00:00""}"
warehouses,1,"{""id"": ""1"", ""warehouse_code"": ""WH-A"", ""name"": ""Mumbai Central Warehouse"", ""location"": ""Industrial Zone, Andheri"", ""city"": ""Mumbai"", ""state"": ""Maharashtra"", ""country"": ""India"", ""manager_name"": ""Anand Kulkarni"", ""capacity"": ""15000"", ""status"": ""ACTIVE"", ""created_at"": ""2025-01-01 09:00:00"", ""updated_at"": ""2025-01-01 09:00:00""}"
warehouses,2,"{""id"": ""2"", ""warehouse_code"": ""WH-B"", ""name"": ""Bangalore Distribution Center"", ""location"": ""Electronic City Phase 1"", ""city"": ""Bangalore"", ""state"": ""Karnataka"", ""country"": ""India"", ""manager_name"": ""Sunita Nair"", ""capacity"": ""12000"", ""status"": ""ACTIVE"", ""created_at"": ""2025-01-01 09:00:00"", ""updated_at"": ""2025-01-01 09:00:00""}"
warehouses,3,"{""id"": ""3"", ""warehouse_code"": ""WH-C"", ""name"": ""Delhi Fulfillment Center"", ""location"": ""Okhla Industrial Area Phase 3"", ""city"": ""Delhi"", ""state"": ""Delhi"", ""country"": ""India"", ""manager_name"": ""Rakesh Verma"", ""capacity"": ""10000"", ""status"": ""ACTIVE"", ""created_at"": ""2025-01-01 09:00:00"", ""updated_at"": ""2025-01-01 09:00:00""}"
inventory_stock,1,"{""id"": ""1"", ""warehouse_id"": ""1"", ""product_id"": ""1"", ""quantity_on_hand"": ""60"", ""quantity_reserved"": ""5"", ""quantity_available"": ""55"", ""reorder_level"": ""10"", ""reorder_quantity"": ""40"", ""unit_cost"": ""840.0"", ""stock_status"": ""IN_STOCK"", ""last_restocked_at"": ""2025-12-17 09:00:00"", ""created_at"": ""2025-01-01 09:00:00"", ""updated_at"": ""2025-01-01 09:00:00""}"
inventory_stock,2,"{""id"": ""2"", ""warehouse_id"": ""2"", ""product_id"": ""1"", ""quantity_on_hand"": ""45"", ""quantity_reserved"": ""3"", ""quantity_available"": ""42"", ""reorder_level"": ""10"", ""reorder_quantity"": ""40"", ""unit_cost"": ""840.0"", ""stock_status"": ""IN_STOCK"", ""last_restocked_at"": ""2025-12-17 09:00:00"", ""created_at"": ""2025-01-01 09:00:00"", ""updated_at"": ""2025-01-01 09:00:00""}"
inventory_stock,3,"{""id"": ""3"", ""warehouse_id"": ""1"", ""product_id"": ""2"", ""quantity_on_hand"": ""60"", ""quantity_reserved"": ""5"", ""quantity_available"": ""55"", ""reorder_level"": ""10"", ""reorder_quantity"": ""40"", ""unit_cost"": ""1020.0"", ""stock_status"": ""IN_STOCK"", ""last_restocked_at"": ""2025-12-17 09:00:00"", ""created_at"": ""2025-01-01 09:00:00"", ""updated_at"": ""2025-01-01 09:00:00""}"
inventory_stock,4,"{""id"": ""4"", ""warehouse_id"": ""2"", ""product_id"": ""2"", ""quantity_on_hand"": ""45"", ""quantity_reserved"": ""3"", ""quantity_available"": ""42"", ""reorder_level"": ""10"", ""reorder_quantity"": ""40"", ""unit_cost"": ""1020.0"", ""stock_status"": ""IN_STOCK"", ""last_restocked_at"": ""2025-12-17 09:00:00"", ""created_at"": ""2025-01-01 09:00:00"", ""updated_at"": ""2025-01-01 09:00:00""}"
inventory_stock,5,"{""id"": ""5"", ""warehouse_id"": ""1"", ""product_id"": ""3"", ""quantity_on_hand"": ""60"", ""quantity_reserved"": ""5"", ""quantity_available"": ""55"", ""reorder_level"": ""10"", ""reorder_quantity"": ""40"", ""unit_cost"": ""1350.0"", ""stock_status"": ""IN_STOCK"", ""last_restocked_at"": ""2025-12-17 09:00:00"", ""created_at"": ""2025-01-01 09:00:00"", ""updated_at"": ""2025-01-01 09:00:00""}"
inventory_stock,6,"{""id"": ""6"", ""warehouse_id"": ""2"", ""product_id"": ""3"", ""quantity_on_hand"": ""45"", ""quantity_reserved"": ""3"", ""quantity_available"": ""42"", ""reorder_level"": ""10"", ""reorder_quantity"": ""40"", ""unit_cost"": ""1350.0"", ""stock_status"": ""IN_STOCK"", ""last_restocked_at"": ""2025-12-17 09:00:00"", ""created_at"": ""2025-01-01 09:00:00"", ""updated_at"": ""2025-01-01 09:00:00""}"
inventory_stock,7,"{""id"": ""7"", ""warehouse_id"": ""1"", ""product_id"": ""4"", ""quantity_on_hand"": ""30"", ""quantity_reserved"": ""4"", ""quantity_available"": ""26"", ""reorder_level"": ""10"", ""reorder_quantity"": ""40"", ""unit_cost"": ""150.0"", ""stock_status"": ""IN_STOCK"", ""last_restocked_at"": ""2025-12-17 09:00:00"", ""created_at"": ""2025-01-01 09:00:00"", ""updated_at"": ""2025-01-01 09:00:00""}"
inventory_stock,8,"{""id"": ""8"", ""warehouse_id"": ""2"", ""product_id"": ""4"", ""quantity_on_hand"": ""25"", ""quantity_reserved"": ""2"", ""quantity_available"": ""23"", ""reorder_level"": ""10"", ""reorder_quantity"": ""40"", ""unit_cost"": ""150.0"", ""stock_status"": ""IN_STOCK"", ""last_restocked_at"": ""2025-12-17 09:00:00"", ""created_at"": ""2025-01-01 09:00:00"", ""updated_at"": ""2025-01-01 09:00:00""}"
inventory_stock,9,"{""id"": ""9"", ""warehouse_id"": ""1"", ""product_id"": ""5"", ""quantity_on_hand"": ""30"", ""quantity_reserved"": ""4"", ""quantity_available"": ""26"", ""reorder_level"": ""10"", ""reorder_quantity"": ""40"", ""unit_cost"": ""240.0"", ""stock_status"": ""IN_STOCK"", ""last_restocked_at"": ""2025-12-17 09:00:00"", ""created_at"": ""2025-01-01 09:00:00"", ""updated_at"": ""2025-01-01 09:00:00""}"
inventory_stock,10,"{""id"": ""10"", ""warehouse_id"": ""2"", ""product_id"": ""5"", ""quantity_on_hand"": ""25"", ""quantity_reserved"": ""2"", ""quantity_available"": ""23"", ""reorder_level"": ""10"", ""reorder_quantity"": ""40"", ""unit_cost"": ""240.0"", ""stock_status"": ""IN_STOCK"", ""last_restocked_at"": ""2025-12-17 09:00:00"", ""created_at"": ""2025-01-01 09:00:00"", ""updated_at"": ""2025-01-01 09:00:00""}"
inventory_stock,11,"{""id"": ""11"", ""warehouse_id"": ""1"", ""product_id"": ""6"", ""quantity_on_hand"": ""30"", ""quantity_reserved"": ""4"", ""quantity_available"": ""26"", ""reorder_level"": ""10"", ""reorder_quantity"": ""40"", ""unit_cost"": ""400.0"", ""stock_status"": ""IN_STOCK"", ""last_restocked_at"": ""2025-12-17 09:00:00"", ""created_at"": ""2025-01-01 09:00:00"", ""updated_at"": ""2025-01-01 09:00:00""}"
inventory_stock,12,"{""id"": ""12"", ""warehouse_id"": ""2"", ""product_id"": ""6"", ""quantity_on_hand"": ""25"", ""quantity_reserved"": ""2"", ""quantity_available"": ""23"", ""reorder_level"": ""10"", ""reorder_quantity"": ""40"", ""unit_cost"": ""400.0"", ""stock_status"": ""IN_STOCK"", ""last_restocked_at"": ""2025-12-17 09:00:00"", ""created_at"": ""2025-01-01 09:00:00"", ""updated_at"": ""2025-01-01 09:00:00""}"
inventory_stock,13,"{""id"": ""13"", ""warehouse_id"": ""1"", ""product_id"": ""7"", ""quantity_on_hand"": ""30"", ""quantity_reserved"": ""4"", ""quantity_available"": ""26"", ""reorder_level"": ""10"", ""reorder_quantity"": ""40"", ""unit_cost"": ""40.0"", ""stock_status"": ""IN_STOCK"", ""last_restocked_at"": ""2025-12-17 09:00:00"", ""created_at"": ""2025-01-01 09:00:00"", ""updated_at"": ""2025-01-01 09:00:00""}"
inventory_stock,14,"{""id"": ""14"", ""warehouse_id"": ""2"", ""product_id"": ""7"", ""quantity_on_hand"": ""25"", ""quantity_reserved"": ""2"", ""quantity_available"": ""23"", ""reorder_level"": ""10"", ""reorder_quantity"": ""40"", ""unit_cost"": ""40.0"", ""stock_status"": ""IN_STOCK"", ""last_restocked_at"": ""2025-12-17 09:00:00"", ""created_at"": ""2025-01-01 09:00:00"", ""updated_at"": ""2025-01-01 09:00:00""}"
inventory_stock,15,"{""id"": ""15"", ""warehouse_id"": ""1"", ""product_id"": ""8"", ""quantity_on_hand"": ""60"", ""quantity_reserved"": ""5"", ""quantity_available"": ""55"", ""reorder_level"": ""10"", ""reorder_quantity"": ""40"", ""unit_cost"": ""75.0"", ""stock_status"": ""IN_STOCK"", ""last_restocked_at"": ""2025-12-17 09:00:00"", ""created_at"": ""2025-01-01 09:00:00"", ""updated_at"": ""2025-01-01 09:00:00""}"
inventory_stock,16,"{""id"": ""16"", ""warehouse_id"": ""2"", ""product_id"": ""8"", ""quantity_on_hand"": ""45"", ""quantity_reserved"": ""3"", ""quantity_available"": ""42"", ""reorder_level"": ""10"", ""reorder_quantity"": ""40"", ""unit_cost"": ""75.0"", ""stock_status"": ""IN_STOCK"", ""last_restocked_at"": ""2025-12-17 09:00:00"", ""created_at"": ""2025-01-01 09:00:00"", ""updated_at"": ""2025-01-01 09:00:00""}"
inventory_stock,17,"{""id"": ""17"", ""warehouse_id"": ""1"", ""product_id"": ""9"", ""quantity_on_hand"": ""30"", ""quantity_reserved"": ""4"", ""quantity_available"": ""26"", ""reorder_level"": ""10"", ""reorder_quantity"": ""40"", ""unit_cost"": ""120.0"", ""stock_status"": ""IN_STOCK"", ""last_restocked_at"": ""2025-12-17 09:00:00"", ""created_at"": ""2025-01-01 09:00:00"", ""updated_at"": ""2025-01-01 09:00:00""}"
inventory_stock,18,"{""id"": ""18"", ""warehouse_id"": ""2"", ""product_id"": ""9"", ""quantity_on_hand"": ""25"", ""quantity_reserved"": ""2"", ""quantity_available"": ""23"", ""reorder_level"": ""10"", ""reorder_quantity"": ""40"", ""unit_cost"": ""120.0"", ""stock_status"": ""IN_STOCK"", ""last_restocked_at"": ""2025-12-17 09:00:00"", ""created_at"": ""2025-01-01 09:00:00"", ""updated_at"": ""2025-01-01 09:00:00""}"
inventory_stock,19,"{""id"": ""19"", ""warehouse_id"": ""1"", ""product_id"": ""10"", ""quantity_on_hand"": ""15"", ""quantity_reserved"": ""2"", ""quantity_available"": ""13"", ""reorder_level"": ""10"", ""reorder_quantity"": ""40"", ""unit_cost"": ""340.0"", ""stock_status"": ""IN_STOCK"", ""last_restocked_at"": ""2025-12-17 09:00:00"", ""created_at"": ""2025-01-01 09:00:00"", ""updated_at"": ""2025-01-01 09:00:00""}"
inventory_stock,20,"{""id"": ""20"", ""warehouse_id"": ""2"", ""product_id"": ""10"", ""quantity_on_hand"": ""10"", ""quantity_reserved"": ""1"", ""quantity_available"": ""9"", ""reorder_level"": ""10"", ""reorder_quantity"": ""40"", ""unit_cost"": ""340.0"", ""stock_status"": ""IN_STOCK"", ""last_restocked_at"": ""2025-12-17 09:00:00"", ""created_at"": ""2025-01-01 09:00:00"", ""updated_at"": ""2025-01-01 09:00:00""}"
inventory_stock,21,"{""id"": ""21"", ""warehouse_id"": ""1"", ""product_id"": ""11"", ""quantity_on_hand"": ""15"", ""quantity_reserved"": ""2"", ""quantity_available"": ""13"", ""reorder_level"": ""10"", ""reorder_quantity"": ""40"", ""unit_cost"": ""530.0"", ""stock_status"": ""IN_STOCK"", ""last_restocked_at"": ""2025-12-17 09:00:00"", ""created_at"": ""2025-01-01 09:00:00"", ""updated_at"": ""2025-01-01 09:00:00""}"
inventory_stock,22,"{""id"": ""22"", ""warehouse_id"": ""2"", ""product_id"": ""11"", ""quantity_on_hand"": ""10"", ""quantity_reserved"": ""1"", ""quantity_available"": ""9"", ""reorder_level"": ""10"", ""reorder_quantity"": ""40"", ""unit_cost"": ""530.0"", ""stock_status"": ""IN_STOCK"", ""last_restocked_at"": ""2025-12-17 09:00:00"", ""created_at"": ""2025-01-01 09:00:00"", ""updated_at"": ""2025-01-01 09:00:00""}"
inventory_stock,23,"{""id"": ""23"", ""warehouse_id"": ""1"", ""product_id"": ""12"", ""quantity_on_hand"": ""15"", ""quantity_reserved"": ""2"", ""quantity_available"": ""13"", ""reorder_level"": ""10"", ""reorder_quantity"": ""40"", ""unit_cost"": ""820.0"", ""stock_status"": ""IN_STOCK"", ""last_restocked_at"": ""2025-12-17 09:00:00"", ""created_at"": ""2025-01-01 09:00:00"", ""updated_at"": ""2025-01-01 09:00:00""}"
inventory_stock,24,"{""id"": ""24"", ""warehouse_id"": ""2"", ""product_id"": ""12"", ""quantity_on_hand"": ""10"", ""quantity_reserved"": ""1"", ""quantity_available"": ""9"", ""reorder_level"": ""10"", ""reorder_quantity"": ""40"", ""unit_cost"": ""820.0"", ""stock_status"": ""IN_STOCK"", ""last_restocked_at"": ""2025-12-17 09:00:00"", ""created_at"": ""2025-01-01 09:00:00"", ""updated_at"": ""2025-01-01 09:00:00""}"
inventory_stock,25,"{""id"": ""25"", ""warehouse_id"": ""1"", ""product_id"": ""13"", ""quantity_on_hand"": ""60"", ""quantity_reserved"": ""5"", ""quantity_available"": ""55"", ""reorder_level"": ""10"", ""reorder_quantity"": ""40"", ""unit_cost"": ""18.0"", ""stock_status"": ""IN_STOCK"", ""last_restocked_at"": ""2025-12-17 09:00:00"", ""created_at"": ""2025-01-01 09:00:00"", ""updated_at"": ""2025-01-01 09:00:00""}"
inventory_stock,26,"{""id"": ""26"", ""warehouse_id"": ""2"", ""product_id"": ""13"", ""quantity_on_hand"": ""45"", ""quantity_reserved"": ""3"", ""quantity_available"": ""42"", ""reorder_level"": ""10"", ""reorder_quantity"": ""40"", ""unit_cost"": ""18.0"", ""stock_status"": ""IN_STOCK"", ""last_restocked_at"": ""2025-12-17 09:00:00"", ""created_at"": ""2025-01-01 09:00:00"", ""updated_at"": ""2025-01-01 09:00:00""}"
inventory_stock,27,"{""id"": ""27"", ""warehouse_id"": ""1"", ""product_id"": ""14"", ""quantity_on_hand"": ""30"", ""quantity_reserved"": ""4"", ""quantity_available"": ""26"", ""reorder_level"": ""10"", ""reorder_quantity"": ""40"", ""unit_cost"": ""45.0"", ""stock_status"": ""IN_STOCK"", ""last_restocked_at"": ""2025-12-17 09:00:00"", ""created_at"": ""2025-01-01 09:00:00"", ""updated_at"": ""2025-01-01 09:00:00""}"
inventory_stock,28,"{""id"": ""28"", ""warehouse_id"": ""2"", ""product_id"": ""14"", ""quantity_on_hand"": ""25"", ""quantity_reserved"": ""2"", ""quantity_available"": ""23"", ""reorder_level"": ""10"", ""reorder_quantity"": ""40"", ""unit_cost"": ""45.0"", ""stock_status"": ""IN_STOCK"", ""last_restocked_at"": ""2025-12-17 09:00:00"", ""created_at"": ""2025-01-01 09:00:00"", ""updated_at"": ""2025-01-01 09:00:00""}"
inventory_stock,29,"{""id"": ""29"", ""warehouse_id"": ""1"", ""product_id"": ""15"", ""quantity_on_hand"": ""60"", ""quantity_reserved"": ""5"", ""quantity_available"": ""55"", ""reorder_level"": ""10"", ""reorder_quantity"": ""40"", ""unit_cost"": ""95.0"", ""stock_status"": ""IN_STOCK"", ""last_restocked_at"": ""2025-12-17 09:00:00"", ""created_at"": ""2025-01-01 09:00:00"", ""updated_at"": ""2025-01-01 09:00:00""}"
inventory_stock,30,"{""id"": ""30"", ""warehouse_id"": ""2"", ""product_id"": ""15"", ""quantity_on_hand"": ""45"", ""quantity_reserved"": ""3"", ""quantity_available"": ""42"", ""reorder_level"": ""10"", ""reorder_quantity"": ""40"", ""unit_cost"": ""95.0"", ""stock_status"": ""IN_STOCK"", ""last_restocked_at"": ""2025-12-17 09:00:00"", ""created_at"": ""2025-01-01 09:00:00"", ""updated_at"": ""2025-01-01 09:00:00""}"
inventory_stock,31,"{""id"": ""31"", ""warehouse_id"": ""1"", ""product_id"": ""16"", ""quantity_on_hand"": ""30"", ""quantity_reserved"": ""4"", ""quantity_available"": ""26"", ""reorder_level"": ""10"", ""reorder_quantity"": ""40"", ""unit_cost"": ""25.0"", ""stock_status"": ""IN_STOCK"", ""last_restocked_at"": ""2025-12-17 09:00:00"", ""created_at"": ""2025-01-01 09:00:00"", ""updated_at"": ""2025-01-01 09:00:00""}"
inventory_stock,32,"{""id"": ""32"", ""warehouse_id"": ""2"", ""product_id"": ""16"", ""quantity_on_hand"": ""25"", ""quantity_reserved"": ""2"", ""quantity_available"": ""23"", ""reorder_level"": ""10"", ""reorder_quantity"": ""40"", ""unit_cost"": ""25.0"", ""stock_status"": ""IN_STOCK"", ""last_restocked_at"": ""2025-12-17 09:00:00"", ""created_at"": ""2025-01-01 09:00:00"", ""updated_at"": ""2025-01-01 09:00:00""}"
inventory_stock,33,"{""id"": ""33"", ""warehouse_id"": ""1"", ""product_id"": ""17"", ""quantity_on_hand"": ""30"", ""quantity_reserved"": ""4"", ""quantity_available"": ""26"", ""reorder_level"": ""10"", ""reorder_quantity"": ""40"", ""unit_cost"": ""55.0"", ""stock_status"": ""IN_STOCK"", ""last_restocked_at"": ""2025-12-17 09:00:00"", ""created_at"": ""2025-01-01 09:00:00"", ""updated_at"": ""2025-01-01 09:00:00""}"
inventory_stock,34,"{""id"": ""34"", ""warehouse_id"": ""2"", ""product_id"": ""17"", ""quantity_on_hand"": ""25"", ""quantity_reserved"": ""2"", ""quantity_available"": ""23"", ""reorder_level"": ""10"", ""reorder_quantity"": ""40"", ""unit_cost"": ""55.0"", ""stock_status"": ""IN_STOCK"", ""last_restocked_at"": ""2025-12-17 09:00:00"", ""created_at"": ""2025-01-01 09:00:00"", ""updated_at"": ""2025-01-01 09:00:00""}"
inventory_stock,35,"{""id"": ""35"", ""warehouse_id"": ""1"", ""product_id"": ""18"", ""quantity_on_hand"": ""30"", ""quantity_reserved"": ""4"", ""quantity_available"": ""26"", ""reorder_level"": ""10"", ""reorder_quantity"": ""40"", ""unit_cost"": ""30.0"", ""stock_status"": ""IN_STOCK"", ""last_restocked_at"": ""2025-12-17 09:00:00"", ""created_at"": ""2025-01-01 09:00:00"", ""updated_at"": ""2025-01-01 09:00:00""}"
inventory_stock,36,"{""id"": ""36"", ""warehouse_id"": ""2"", ""product_id"": ""18"", ""quantity_on_hand"": ""25"", ""quantity_reserved"": ""2"", ""quantity_available"": ""23"", ""reorder_level"": ""10"", ""reorder_quantity"": ""40"", ""unit_cost"": ""30.0"", ""stock_status"": ""IN_STOCK"", ""last_restocked_at"": ""2025-12-17 09:00:00"", ""created_at"": ""2025-01-01 09:00:00"", ""updated_at"": ""2025-01-01 09:00:00""}"
inventory_stock,37,"{""id"": ""37"", ""warehouse_id"": ""1"", ""product_id"": ""19"", ""quantity_on_hand"": ""60"", ""quantity_reserved"": ""5"", ""quantity_available"": ""55"", ""reorder_level"": ""10"", ""reorder_quantity"": ""40"", ""unit_cost"": ""220.0"", ""stock_status"": ""IN_STOCK"", ""last_restocked_at"": ""2025-12-17 09:00:00"", ""created_at"": ""2025-01-01 09:00:00"", ""updated_at"": ""2025-01-01 09:00:00""}"
inventory_stock,38,"{""id"": ""38"", ""warehouse_id"": ""2"", ""product_id"": ""19"", ""quantity_on_hand"": ""45"", ""quantity_reserved"": ""3"", ""quantity_available"": ""42"", ""reorder_level"": ""10"", ""reorder_quantity"": ""40"", ""unit_cost"": ""220.0"", ""stock_status"": ""IN_STOCK"", ""last_restocked_at"": ""2025-12-17 09:00:00"", ""created_at"": ""2025-01-01 09:00:00"", ""updated_at"": ""2025-01-01 09:00:00""}"
inventory_stock,39,"{""id"": ""39"", ""warehouse_id"": ""1"", ""product_id"": ""20"", ""quantity_on_hand"": ""4"", ""quantity_reserved"": ""1"", ""quantity_available"": ""3"", ""reorder_level"": ""10"", ""reorder_quantity"": ""40"", ""unit_cost"": ""280.0"", ""stock_status"": ""LOW_STOCK"", ""last_restocked_at"": ""2025-12-17 09:00:00"", ""created_at"": ""2025-01-01 09:00:00"", ""updated_at"": ""2025-01-01 09:00:00""}"
inventory_stock,40,"{""id"": ""40"", ""warehouse_id"": ""2"", ""product_id"": ""20"", ""quantity_on_hand"": ""4"", ""quantity_reserved"": ""1"", ""quantity_available"": ""3"", ""reorder_level"": ""10"", ""reorder_quantity"": ""40"", ""unit_cost"": ""280.0"", ""stock_status"": ""LOW_STOCK"", ""last_restocked_at"": ""2025-12-17 09:00:00"", ""created_at"": ""2025-01-01 09:00:00"", ""updated_at"": ""2025-01-01 09:00:00""}"
inventory_stock,41,"{""id"": ""41"", ""warehouse_id"": ""1"", ""product_id"": ""21"", ""quantity_on_hand"": ""30"", ""quantity_reserved"": ""4"", ""quantity_available"": ""26"", ""reorder_level"": ""10"", ""reorder_quantity"": ""40"", ""unit_cost"": ""350.0"", ""stock_status"": ""IN_STOCK"", ""last_restocked_at"": ""2025-12-17 09:00:00"", ""created_at"": ""2025-01-01 09:00:00"", ""updated_at"": ""2025-01-01 09:00:00""}"
inventory_stock,42,"{""id"": ""42"", ""warehouse_id"": ""2"", ""product_id"": ""21"", ""quantity_on_hand"": ""25"", ""quantity_reserved"": ""2"", ""quantity_available"": ""23"", ""reorder_level"": ""10"", ""reorder_quantity"": ""40"", ""unit_cost"": ""350.0"", ""stock_status"": ""IN_STOCK"", ""last_restocked_at"": ""2025-12-17 09:00:00"", ""created_at"": ""2025-01-01 09:00:00"", ""updated_at"": ""2025-01-01 09:00:00""}"
inventory_stock,43,"{""id"": ""43"", ""warehouse_id"": ""1"", ""product_id"": ""22"", ""quantity_on_hand"": ""60"", ""quantity_reserved"": ""5"", ""quantity_available"": ""55"", ""reorder_level"": ""10"", ""reorder_quantity"": ""40"", ""unit_cost"": ""60.0"", ""stock_status"": ""IN_STOCK"", ""last_restocked_at"": ""2025-12-17 09:00:00"", ""created_at"": ""2025-01-01 09:00:00"", ""updated_at"": ""2025-01-01 09:00:00""}"
inventory_stock,44,"{""id"": ""44"", ""warehouse_id"": ""2"", ""product_id"": ""22"", ""quantity_on_hand"": ""45"", ""quantity_reserved"": ""3"", ""quantity_available"": ""42"", ""reorder_level"": ""10"", ""reorder_quantity"": ""40"", ""unit_cost"": ""60.0"", ""stock_status"": ""IN_STOCK"", ""last_restocked_at"": ""2025-12-17 09:00:00"", ""created_at"": ""2025-01-01 09:00:00"", ""updated_at"": ""2025-01-01 09:00:00""}"
inventory_stock,45,"{""id"": ""45"", ""warehouse_id"": ""1"", ""product_id"": ""23"", ""quantity_on_hand"": ""30"", ""quantity_reserved"": ""4"", ""quantity_available"": ""26"", ""reorder_level"": ""10"", ""reorder_quantity"": ""40"", ""unit_cost"": ""40.0"", ""stock_status"": ""IN_STOCK"", ""last_restocked_at"": ""2025-12-17 09:00:00"", ""created_at"": ""2025-01-01 09:00:00"", ""updated_at"": ""2025-01-01 09:00:00""}"
inventory_stock,46,"{""id"": ""46"", ""warehouse_id"": ""2"", ""product_id"": ""23"", ""quantity_on_hand"": ""25"", ""quantity_reserved"": ""2"", ""quantity_available"": ""23"", ""reorder_level"": ""10"", ""reorder_quantity"": ""40"", ""unit_cost"": ""40.0"", ""stock_status"": ""IN_STOCK"", ""last_restocked_at"": ""2025-12-17 09:00:00"", ""created_at"": ""2025-01-01 09:00:00"", ""updated_at"": ""2025-01-01 09:00:00""}"
inventory_stock,47,"{""id"": ""47"", ""warehouse_id"": ""1"", ""product_id"": ""24"", ""quantity_on_hand"": ""0"", ""quantity_reserved"": ""0"", ""quantity_available"": ""0"", ""reorder_level"": ""10"", ""reorder_quantity"": ""40"", ""unit_cost"": ""60.0"", ""stock_status"": ""OUT_OF_STOCK"", ""last_restocked_at"": ""2025-12-17 09:00:00"", ""created_at"": ""2025-01-01 09:00:00"", ""updated_at"": ""2025-01-01 09:00:00""}"
inventory_stock,48,"{""id"": ""48"", ""warehouse_id"": ""2"", ""product_id"": ""24"", ""quantity_on_hand"": ""0"", ""quantity_reserved"": ""0"", ""quantity_available"": ""0"", ""reorder_level"": ""10"", ""reorder_quantity"": ""40"", ""unit_cost"": ""60.0"", ""stock_status"": ""OUT_OF_STOCK"", ""last_restocked_at"": ""2025-12-17 09:00:00"", ""created_at"": ""2025-01-01 09:00:00"", ""updated_at"": ""2025-01-01 09:00:00""}"
discount_tiers,1,"{""id"": ""1"", ""name"": ""Bronze"", ""min_discount"": ""0.0"", ""max_discount"": ""5.0"", ""approval_required"": ""False"", ""approval_level"": null, ""description"": ""Standard representative discretionary discount"", ""status"": ""ACTIVE"", ""created_at"": ""2025-01-01 09:00:00"", ""updated_at"": ""2025-01-01 09:00:00""}"
discount_tiers,2,"{""id"": ""2"", ""name"": ""Silver"", ""min_discount"": ""5.0"", ""max_discount"": ""10.0"", ""approval_required"": ""True"", ""approval_level"": ""Sales Manager"", ""description"": ""Mid-range discount requiring Sales Manager approval"", ""status"": ""ACTIVE"", ""created_at"": ""2025-01-01 09:00:00"", ""updated_at"": ""2025-01-01 09:00:00""}"
discount_tiers,3,"{""id"": ""3"", ""name"": ""Gold"", ""min_discount"": ""10.0"", ""max_discount"": ""15.0"", ""approval_required"": ""True"", ""approval_level"": ""Finance/Operations"", ""description"": ""Deep discount requiring Finance/Operations executive approval"", ""status"": ""ACTIVE"", ""created_at"": ""2025-01-01 09:00:00"", ""updated_at"": ""2025-01-01 09:00:00""}"
discount_rules,1,"{""id"": ""1"", ""name"": ""Hardware Standard Cap"", ""category_id"": ""1"", ""product_id"": null, ""customer_tier"": null, ""max_discount_percent"": ""15.0"", ""approval_required"": ""False"", ""approval_role"": null, ""risk_level"": ""LOW"", ""rule_description"": ""Standard hardware discount limit up to 15%"", ""status"": ""ACTIVE"", ""created_at"": ""2025-01-01 09:00:00"", ""updated_at"": ""2025-01-01 09:00:00""}"
discount_rules,2,"{""id"": ""2"", ""name"": ""Monitors Standard Cap"", ""category_id"": ""2"", ""product_id"": null, ""customer_tier"": null, ""max_discount_percent"": ""15.0"", ""approval_required"": ""False"", ""approval_role"": null, ""risk_level"": ""LOW"", ""rule_description"": ""Standard monitors discount ceiling"", ""status"": ""ACTIVE"", ""created_at"": ""2025-01-01 09:00:00"", ""updated_at"": ""2025-01-01 09:00:00""}"
discount_rules,3,"{""id"": ""3"", ""name"": ""Services Maximum Cap"", ""category_id"": ""4"", ""product_id"": null, ""customer_tier"": null, ""max_discount_percent"": ""10.0"", ""approval_required"": ""True"", ""approval_role"": ""Sales Manager"", ""risk_level"": ""HIGH"", ""rule_description"": ""Services discount ceiling is 10%. Higher discounts require manager approval"", ""status"": ""ACTIVE"", ""created_at"": ""2025-01-01 09:00:00"", ""updated_at"": ""2025-01-01 09:00:00""}"
discount_rules,4,"{""id"": ""4"", ""name"": ""Support Plans Cap"", ""category_id"": ""5"", ""product_id"": null, ""customer_tier"": null, ""max_discount_percent"": ""12.0"", ""approval_required"": ""True"", ""approval_role"": ""Sales Manager"", ""risk_level"": ""MEDIUM"", ""rule_description"": ""Support plans discount limit is 12%"", ""status"": ""ACTIVE"", ""created_at"": ""2025-01-01 09:00:00"", ""updated_at"": ""2025-01-01 09:00:00""}"
discount_rules,5,"{""id"": ""5"", ""name"": ""Networking Hardware Cap"", ""category_id"": ""6"", ""product_id"": null, ""customer_tier"": null, ""max_discount_percent"": ""12.0"", ""approval_required"": ""False"", ""approval_role"": null, ""risk_level"": ""LOW"", ""rule_description"": ""Standard networking devices discount limit"", ""status"": ""ACTIVE"", ""created_at"": ""2025-01-01 09:00:00"", ""updated_at"": ""2025-01-01 09:00:00""}"
discount_rules,6,"{""id"": ""6"", ""name"": ""Enterprise Tier Privilege"", ""category_id"": null, ""product_id"": null, ""customer_tier"": ""ENTERPRISE"", ""max_discount_percent"": ""18.0"", ""approval_required"": ""True"", ""approval_role"": ""Sales Manager"", ""risk_level"": ""MEDIUM"", ""rule_description"": ""Enterprise accounts can receive up to 18% with manager sign-off"", ""status"": ""ACTIVE"", ""created_at"": ""2025-01-01 09:00:00"", ""updated_at"": ""2025-01-01 09:00:00""}"
discount_rules,7,"{""id"": ""7"", ""name"": ""Accessories Clearance Allowance"", ""category_id"": ""3"", ""product_id"": null, ""customer_tier"": null, ""max_discount_percent"": ""20.0"", ""approval_required"": ""False"", ""approval_role"": null, ""risk_level"": ""LOW"", ""rule_description"": ""High-margin accessories permitted up to 20% discount"", ""status"": ""ACTIVE"", ""created_at"": ""2025-01-01 09:00:00"", ""updated_at"": ""2025-01-01 09:00:00""}"
discount_rules,8,"{""id"": ""8"", ""name"": ""Deep Discount Risk Floor"", ""category_id"": null, ""product_id"": null, ""customer_tier"": null, ""max_discount_percent"": ""20.0"", ""approval_required"": ""True"", ""approval_role"": ""Finance/Operations"", ""risk_level"": ""CRITICAL"", ""rule_description"": ""Discounts over 20% strictly require Finance/Operations approval"", ""status"": ""ACTIVE"", ""created_at"": ""2025-01-01 09:00:00"", ""updated_at"": ""2025-01-01 09:00:00""}"
quotations,1,"{""id"": ""1"", ""quote_number"": ""Q-1042"", ""customer_id"": ""1"", ""sales_rep_id"": ""1"", ""price_list_id"": ""1"", ""quote_date"": ""2026-01-16 09:00:00"", ""valid_until"": ""2026-02-15 09:00:00"", ""status"": ""PENDING_APPROVAL"", ""currency"": ""USD"", ""subtotal"": ""3030.0"", ""discount_amount"": ""387.0"", ""tax_amount"": ""211.44"", ""total_amount"": ""2854.44"", ""total_cost"": ""1960.0"", ""gross_margin"": ""683.0"", ""margin_percent"": ""25.84"", ""discount_percent"": ""12.77"", ""approval_required"": ""True"", ""approval_status"": ""PENDING"", ""deal_health_score"": ""64.0"", ""customer_notes"": ""Standard quotation terms for Q-1042."", ""internal_notes"": ""Review discount thresholds and margins."", ""created_at"": ""2026-01-16 09:00:00"", ""updated_at"": ""2026-01-16 09:00:00""}"
quotations,2,"{""id"": ""2"", ""quote_number"": ""Q-1002"", ""customer_id"": ""2"", ""sales_rep_id"": ""2"", ""price_list_id"": ""1"", ""quote_date"": ""2025-07-26 09:00:00"", ""valid_until"": ""2025-08-25 09:00:00"", ""status"": ""PENDING_APPROVAL"", ""currency"": ""USD"", ""subtotal"": ""1030.0"", ""discount_amount"": ""116.1"", ""tax_amount"": ""73.11"", ""total_amount"": ""987.01"", ""total_cost"": ""640.0"", ""gross_margin"": ""273.9"", ""margin_percent"": ""29.97"", ""discount_percent"": ""11.27"", ""approval_required"": ""True"", ""approval_status"": ""PENDING"", ""deal_health_score"": ""60.0"", ""customer_notes"": ""Standard quotation terms for Q-1002."", ""internal_notes"": ""Review discount thresholds and margins."", ""created_at"": ""2025-07-26 09:00:00"", ""updated_at"": ""2025-07-26 09:00:00""}"
quotations,3,"{""id"": ""3"", ""quote_number"": ""Q-1003"", ""customer_id"": ""3"", ""sales_rep_id"": ""1"", ""price_list_id"": ""1"", ""quote_date"": ""2025-07-29 09:00:00"", ""valid_until"": ""2025-08-28 09:00:00"", ""status"": ""PENDING_APPROVAL"", ""currency"": ""USD"", ""subtotal"": ""370.0"", ""discount_amount"": ""18.5"", ""tax_amount"": ""28.12"", ""total_amount"": ""379.62"", ""total_cost"": ""115.0"", ""gross_margin"": ""236.5"", ""margin_percent"": ""67.28"", ""discount_percent"": ""5.0"", ""approval_required"": ""False"", ""approval_status"": null, ""deal_health_score"": ""88.0"", ""customer_notes"": ""Standard quotation terms for Q-1003."", ""internal_notes"": ""Standard deal."", ""created_at"": ""2025-07-29 09:00:00"", ""updated_at"": ""2025-07-29 09:00:00""}"
quotations,4,"{""id"": ""4"", ""quote_number"": ""Q-1004"", ""customer_id"": ""4"", ""sales_rep_id"": ""2"", ""price_list_id"": ""1"", ""quote_date"": ""2025-08-01 09:00:00"", ""valid_until"": ""2025-08-31 09:00:00"", ""status"": ""APPROVED"", ""currency"": ""USD"", ""subtotal"": ""950.0"", ""discount_amount"": ""47.5"", ""tax_amount"": ""72.2"", ""total_amount"": ""974.7"", ""total_cost"": ""460.0"", ""gross_margin"": ""442.5"", ""margin_percent"": ""49.03"", ""discount_percent"": ""5.0"", ""approval_required"": ""False"", ""approval_status"": ""APPROVED"", ""deal_health_score"": ""76.0"", ""customer_notes"": ""Standard quotation terms for Q-1004."", ""internal_notes"": ""Standard deal."", ""created_at"": ""2025-08-01 09:00:00"", ""updated_at"": ""2025-08-01 09:00:00""}"
quotations,5,"{""id"": ""5"", ""quote_number"": ""Q-1005"", ""customer_id"": ""5"", ""sales_rep_id"": ""1"", ""price_list_id"": ""1"", ""quote_date"": ""2025-08-04 09:00:00"", ""valid_until"": ""2025-09-03 09:00:00"", ""status"": ""PENDING_APPROVAL"", ""currency"": ""USD"", ""subtotal"": ""2250.0"", ""discount_amount"": ""257.0"", ""tax_amount"": ""159.44"", ""total_amount"": ""2152.44"", ""total_cost"": ""1350.0"", ""gross_margin"": ""643.0"", ""margin_percent"": ""32.26"", ""discount_percent"": ""11.42"", ""approval_required"": ""True"", ""approval_status"": ""PENDING"", ""deal_health_score"": ""60.0"", ""customer_notes"": ""Standard quotation terms for Q-1005."", ""internal_notes"": ""Review discount thresholds and margins."", ""created_at"": ""2025-08-04 09:00:00"", ""updated_at"": ""2025-08-04 09:00:00""}"
quotations,6,"{""id"": ""6"", ""quote_number"": ""Q-1006"", ""customer_id"": ""6"", ""sales_rep_id"": ""2"", ""price_list_id"": ""1"", ""quote_date"": ""2025-08-07 09:00:00"", ""valid_until"": ""2025-09-06 09:00:00"", ""status"": ""SENT"", ""currency"": ""USD"", ""subtotal"": ""140.0"", ""discount_amount"": ""7.0"", ""tax_amount"": ""10.64"", ""total_amount"": ""143.64"", ""total_cost"": ""63.0"", ""gross_margin"": ""70.0"", ""margin_percent"": ""52.63"", ""discount_percent"": ""5.0"", ""approval_required"": ""False"", ""approval_status"": null, ""deal_health_score"": ""86.0"", ""customer_notes"": ""Standard quotation terms for Q-1006."", ""internal_notes"": ""Standard deal."", ""created_at"": ""2025-08-07 09:00:00"", ""updated_at"": ""2025-08-07 09:00:00""}"
quotations,7,"{""id"": ""7"", ""quote_number"": ""Q-1007"", ""customer_id"": ""7"", ""sales_rep_id"": ""1"", ""price_list_id"": ""1"", ""quote_date"": ""2025-08-10 09:00:00"", ""valid_until"": ""2025-09-09 09:00:00"", ""status"": ""ACCEPTED"", ""currency"": ""USD"", ""subtotal"": ""245.0"", ""discount_amount"": ""12.25"", ""tax_amount"": ""18.62"", ""total_amount"": ""251.37"", ""total_cost"": ""120.0"", ""gross_margin"": ""112.75"", ""margin_percent"": ""48.44"", ""discount_percent"": ""5.0"", ""approval_required"": ""False"", ""approval_status"": null, ""deal_health_score"": ""70.0"", ""customer_notes"": ""Standard quotation terms for Q-1007."", ""internal_notes"": ""Standard deal."", ""created_at"": ""2025-08-10 09:00:00"", ""updated_at"": ""2025-08-10 09:00:00""}"
quotations,8,"{""id"": ""8"", ""quote_number"": ""Q-1008"", ""customer_id"": ""8"", ""sales_rep_id"": ""2"", ""price_list_id"": ""1"", ""quote_date"": ""2025-08-13 09:00:00"", ""valid_until"": ""2025-09-12 09:00:00"", ""status"": ""PENDING_APPROVAL"", ""currency"": ""USD"", ""subtotal"": ""185.0"", ""discount_amount"": ""27.95"", ""tax_amount"": ""12.56"", ""total_amount"": ""169.61"", ""total_cost"": ""85.0"", ""gross_margin"": ""72.05"", ""margin_percent"": ""45.88"", ""discount_percent"": ""15.11"", ""approval_required"": ""True"", ""approval_status"": ""PENDING"", ""deal_health_score"": ""60.0"", ""customer_notes"": ""Standard quotation terms for Q-1008."", ""internal_notes"": ""Review discount thresholds and margins."", ""created_at"": ""2025-08-13 09:00:00"", ""updated_at"": ""2025-08-13 09:00:00""}"
quotations,9,"{""id"": ""9"", ""quote_number"": ""Q-1009"", ""customer_id"": ""9"", ""sales_rep_id"": ""1"", ""price_list_id"": ""1"", ""quote_date"": ""2025-08-16 09:00:00"", ""valid_until"": ""2025-09-15 09:00:00"", ""status"": ""CANCELLED"", ""currency"": ""USD"", ""subtotal"": ""1050.0"", ""discount_amount"": ""52.5"", ""tax_amount"": ""79.8"", ""total_amount"": ""1077.3"", ""total_cost"": ""500.0"", ""gross_margin"": ""497.5"", ""margin_percent"": ""49.87"", ""discount_percent"": ""5.0"", ""approval_required"": ""False"", ""approval_status"": null, ""deal_health_score"": ""73.0"", ""customer_notes"": ""Standard quotation terms for Q-1009."", ""internal_notes"": ""Standard deal."", ""created_at"": ""2025-08-16 09:00:00"", ""updated_at"": ""2025-08-16 09:00:00""}"
quotations,10,"{""id"": ""10"", ""quote_number"": ""Q-1010"", ""customer_id"": ""10"", ""sales_rep_id"": ""2"", ""price_list_id"": ""1"", ""quote_date"": ""2025-08-19 09:00:00"", ""valid_until"": ""2025-09-18 09:00:00"", ""status"": ""REJECTED"", ""currency"": ""USD"", ""subtotal"": ""930.0"", ""discount_amount"": ""46.5"", ""tax_amount"": ""70.68"", ""total_amount"": ""954.18"", ""total_cost"": ""410.0"", ""gross_margin"": ""473.5"", ""margin_percent"": ""53.59"", ""discount_percent"": ""5.0"", ""approval_required"": ""False"", ""approval_status"": null, ""deal_health_score"": ""80.0"", ""customer_notes"": ""Standard quotation terms for Q-1010."", ""internal_notes"": ""Standard deal."", ""created_at"": ""2025-08-19 09:00:00"", ""updated_at"": ""2025-08-19 09:00:00""}"
quotations,11,"{""id"": ""11"", ""quote_number"": ""Q-1011"", ""customer_id"": ""11"", ""sales_rep_id"": ""1"", ""price_list_id"": ""1"", ""quote_date"": ""2025-08-22 09:00:00"", ""valid_until"": ""2025-09-21 09:00:00"", ""status"": ""DRAFT"", ""currency"": ""USD"", ""subtotal"": ""350.0"", ""discount_amount"": ""17.5"", ""tax_amount"": ""26.6"", ""total_amount"": ""359.1"", ""total_cost"": ""100.0"", ""gross_margin"": ""232.5"", ""margin_percent"": ""69.92"", ""discount_percent"": ""5.0"", ""approval_required"": ""False"", ""approval_status"": null, ""deal_health_score"": ""81.0"", ""customer_notes"": ""Standard quotation terms for Q-1011."", ""internal_notes"": ""Standard deal."", ""created_at"": ""2025-08-22 09:00:00"", ""updated_at"": ""2025-08-22 09:00:00""}"
quotations,12,"{""id"": ""12"", ""quote_number"": ""Q-1012"", ""customer_id"": ""12"", ""sales_rep_id"": ""2"", ""price_list_id"": ""1"", ""quote_date"": ""2025-08-25 09:00:00"", ""valid_until"": ""2025-09-24 09:00:00"", ""status"": ""PENDING_APPROVAL"", ""currency"": ""USD"", ""subtotal"": ""2750.0"", ""discount_amount"": ""341.5"", ""tax_amount"": ""192.68"", ""total_amount"": ""2601.18"", ""total_cost"": ""1860.0"", ""gross_margin"": ""548.5"", ""margin_percent"": ""22.77"", ""discount_percent"": ""12.42"", ""approval_required"": ""True"", ""approval_status"": ""PENDING"", ""deal_health_score"": ""60.0"", ""customer_notes"": ""Standard quotation terms for Q-1012."", ""internal_notes"": ""Review discount thresholds and margins."", ""created_at"": ""2025-08-25 09:00:00"", ""updated_at"": ""2025-08-25 09:00:00""}"
quotations,13,"{""id"": ""13"", ""quote_number"": ""Q-1013"", ""customer_id"": ""13"", ""sales_rep_id"": ""1"", ""price_list_id"": ""1"", ""quote_date"": ""2025-08-28 09:00:00"", ""valid_until"": ""2025-09-27 09:00:00"", ""status"": ""APPROVED"", ""currency"": ""USD"", ""subtotal"": ""2320.0"", ""discount_amount"": ""116.0"", ""tax_amount"": ""176.32"", ""total_amount"": ""2380.32"", ""total_cost"": ""1500.0"", ""gross_margin"": ""704.0"", ""margin_percent"": ""31.94"", ""discount_percent"": ""5.0"", ""approval_required"": ""False"", ""approval_status"": ""APPROVED"", ""deal_health_score"": ""85.0"", ""customer_notes"": ""Standard quotation terms for Q-1013."", ""internal_notes"": ""Standard deal."", ""created_at"": ""2025-08-28 09:00:00"", ""updated_at"": ""2025-08-28 09:00:00""}"
quotations,14,"{""id"": ""14"", ""quote_number"": ""Q-1014"", ""customer_id"": ""14"", ""sales_rep_id"": ""2"", ""price_list_id"": ""1"", ""quote_date"": ""2025-08-31 09:00:00"", ""valid_until"": ""2025-09-30 09:00:00"", ""status"": ""SUBMITTED"", ""currency"": ""USD"", ""subtotal"": ""1030.0"", ""discount_amount"": ""51.5"", ""tax_amount"": ""78.28"", ""total_amount"": ""1056.78"", ""total_cost"": ""640.0"", ""gross_margin"": ""338.5"", ""margin_percent"": ""34.59"", ""discount_percent"": ""5.0"", ""approval_required"": ""False"", ""approval_status"": null, ""deal_health_score"": ""72.0"", ""customer_notes"": ""Standard quotation terms for Q-1014."", ""internal_notes"": ""Standard deal."", ""created_at"": ""2025-08-31 09:00:00"", ""updated_at"": ""2025-08-31 09:00:00""}"
quotations,15,"{""id"": ""15"", ""quote_number"": ""Q-1015"", ""customer_id"": ""15"", ""sales_rep_id"": ""1"", ""price_list_id"": ""1"", ""quote_date"": ""2025-09-03 09:00:00"", ""valid_until"": ""2025-10-03 09:00:00"", ""status"": ""SENT"", ""currency"": ""USD"", ""subtotal"": ""370.0"", ""discount_amount"": ""18.5"", ""tax_amount"": ""28.12"", ""total_amount"": ""379.62"", ""total_cost"": ""115.0"", ""gross_margin"": ""236.5"", ""margin_percent"": ""67.28"", ""discount_percent"": ""5.0"", ""approval_required"": ""False"", ""approval_status"": null, ""deal_health_score"": ""95.0"", ""customer_notes"": ""Standard quotation terms for Q-1015."", ""internal_notes"": ""Standard deal."", ""created_at"": ""2025-09-03 09:00:00"", ""updated_at"": ""2025-09-03 09:00:00""}"
quotations,16,"{""id"": ""16"", ""quote_number"": ""Q-1016"", ""customer_id"": ""16"", ""sales_rep_id"": ""2"", ""price_list_id"": ""1"", ""quote_date"": ""2025-09-06 09:00:00"", ""valid_until"": ""2025-10-06 09:00:00"", ""status"": ""ACCEPTED"", ""currency"": ""USD"", ""subtotal"": ""950.0"", ""discount_amount"": ""47.5"", ""tax_amount"": ""72.2"", ""total_amount"": ""974.7"", ""total_cost"": ""460.0"", ""gross_margin"": ""442.5"", ""margin_percent"": ""49.03"", ""discount_percent"": ""5.0"", ""approval_required"": ""False"", ""approval_status"": null, ""deal_health_score"": ""76.0"", ""customer_notes"": ""Standard quotation terms for Q-1016."", ""internal_notes"": ""Standard deal."", ""created_at"": ""2025-09-06 09:00:00"", ""updated_at"": ""2025-09-06 09:00:00""}"
quotations,17,"{""id"": ""17"", ""quote_number"": ""Q-1017"", ""customer_id"": ""17"", ""sales_rep_id"": ""1"", ""price_list_id"": ""1"", ""quote_date"": ""2025-09-09 09:00:00"", ""valid_until"": ""2025-10-09 09:00:00"", ""status"": ""EXPIRED"", ""currency"": ""USD"", ""subtotal"": ""2250.0"", ""discount_amount"": ""112.5"", ""tax_amount"": ""171.0"", ""total_amount"": ""2308.5"", ""total_cost"": ""1350.0"", ""gross_margin"": ""787.5"", ""margin_percent"": ""36.84"", ""discount_percent"": ""5.0"", ""approval_required"": ""False"", ""approval_status"": null, ""deal_health_score"": ""81.0"", ""customer_notes"": ""Standard quotation terms for Q-1017."", ""internal_notes"": ""Standard deal."", ""created_at"": ""2025-09-09 09:00:00"", ""updated_at"": ""2025-09-09 09:00:00""}"
quotations,18,"{""id"": ""18"", ""quote_number"": ""Q-1018"", ""customer_id"": ""18"", ""sales_rep_id"": ""2"", ""price_list_id"": ""1"", ""quote_date"": ""2025-09-12 09:00:00"", ""valid_until"": ""2025-10-12 09:00:00"", ""status"": ""CANCELLED"", ""currency"": ""USD"", ""subtotal"": ""140.0"", ""discount_amount"": ""14.65"", ""tax_amount"": ""10.03"", ""total_amount"": ""135.38"", ""total_cost"": ""63.0"", ""gross_margin"": ""62.35"", ""margin_percent"": ""49.74"", ""discount_percent"": ""10.46"", ""approval_required"": ""False"", ""approval_status"": null, ""deal_health_score"": ""83.0"", ""customer_notes"": ""Standard quotation terms for Q-1018."", ""internal_notes"": ""Standard deal."", ""created_at"": ""2025-09-12 09:00:00"", ""updated_at"": ""2025-09-12 09:00:00""}"
quotations,19,"{""id"": ""19"", ""quote_number"": ""Q-1019"", ""customer_id"": ""19"", ""sales_rep_id"": ""1"", ""price_list_id"": ""1"", ""quote_date"": ""2025-09-15 09:00:00"", ""valid_until"": ""2025-10-15 09:00:00"", ""status"": ""REJECTED"", ""currency"": ""USD"", ""subtotal"": ""245.0"", ""discount_amount"": ""12.25"", ""tax_amount"": ""18.62"", ""total_amount"": ""251.37"", ""total_cost"": ""120.0"", ""gross_margin"": ""112.75"", ""margin_percent"": ""48.44"", ""discount_percent"": ""5.0"", ""approval_required"": ""False"", ""approval_status"": null, ""deal_health_score"": ""90.0"", ""customer_notes"": ""Standard quotation terms for Q-1019."", ""internal_notes"": ""Standard deal."", ""created_at"": ""2025-09-15 09:00:00"", ""updated_at"": ""2025-09-15 09:00:00""}"
quotations,20,"{""id"": ""20"", ""quote_number"": ""Q-1020"", ""customer_id"": ""20"", ""sales_rep_id"": ""2"", ""price_list_id"": ""1"", ""quote_date"": ""2025-09-18 09:00:00"", ""valid_until"": ""2025-10-18 09:00:00"", ""status"": ""DRAFT"", ""currency"": ""USD"", ""subtotal"": ""185.0"", ""discount_amount"": ""9.25"", ""tax_amount"": ""14.06"", ""total_amount"": ""189.81"", ""total_cost"": ""85.0"", ""gross_margin"": ""90.75"", ""margin_percent"": ""51.64"", ""discount_percent"": ""5.0"", ""approval_required"": ""False"", ""approval_status"": null, ""deal_health_score"": ""78.0"", ""customer_notes"": ""Standard quotation terms for Q-1020."", ""internal_notes"": ""Standard deal."", ""created_at"": ""2025-09-18 09:00:00"", ""updated_at"": ""2025-09-18 09:00:00""}"
quotations,21,"{""id"": ""21"", ""quote_number"": ""Q-1021"", ""customer_id"": ""21"", ""sales_rep_id"": ""1"", ""price_list_id"": ""1"", ""quote_date"": ""2025-09-21 09:00:00"", ""valid_until"": ""2025-10-21 09:00:00"", ""status"": ""PENDING_APPROVAL"", ""currency"": ""USD"", ""subtotal"": ""1050.0"", ""discount_amount"": ""52.5"", ""tax_amount"": ""79.8"", ""total_amount"": ""1077.3"", ""total_cost"": ""500.0"", ""gross_margin"": ""497.5"", ""margin_percent"": ""49.87"", ""discount_percent"": ""5.0"", ""approval_required"": ""False"", ""approval_status"": null, ""deal_health_score"": ""86.0"", ""customer_notes"": ""Standard quotation terms for Q-1021."", ""internal_notes"": ""Standard deal."", ""created_at"": ""2025-09-21 09:00:00"", ""updated_at"": ""2025-09-21 09:00:00""}"
quotations,22,"{""id"": ""22"", ""quote_number"": ""Q-1022"", ""customer_id"": ""22"", ""sales_rep_id"": ""2"", ""price_list_id"": ""1"", ""quote_date"": ""2025-09-24 09:00:00"", ""valid_until"": ""2025-10-24 09:00:00"", ""status"": ""APPROVED"", ""currency"": ""USD"", ""subtotal"": ""930.0"", ""discount_amount"": ""46.5"", ""tax_amount"": ""70.68"", ""total_amount"": ""954.18"", ""total_cost"": ""410.0"", ""gross_margin"": ""473.5"", ""margin_percent"": ""53.59"", ""discount_percent"": ""5.0"", ""approval_required"": ""False"", ""approval_status"": ""APPROVED"", ""deal_health_score"": ""78.0"", ""customer_notes"": ""Standard quotation terms for Q-1022."", ""internal_notes"": ""Standard deal."", ""created_at"": ""2025-09-24 09:00:00"", ""updated_at"": ""2025-09-24 09:00:00""}"
quotations,23,"{""id"": ""23"", ""quote_number"": ""Q-1023"", ""customer_id"": ""23"", ""sales_rep_id"": ""1"", ""price_list_id"": ""1"", ""quote_date"": ""2025-09-27 09:00:00"", ""valid_until"": ""2025-10-27 09:00:00"", ""status"": ""SUBMITTED"", ""currency"": ""USD"", ""subtotal"": ""350.0"", ""discount_amount"": ""17.5"", ""tax_amount"": ""26.6"", ""total_amount"": ""359.1"", ""total_cost"": ""100.0"", ""gross_margin"": ""232.5"", ""margin_percent"": ""69.92"", ""discount_percent"": ""5.0"", ""approval_required"": ""False"", ""approval_status"": null, ""deal_health_score"": ""77.0"", ""customer_notes"": ""Standard quotation terms for Q-1023."", ""internal_notes"": ""Standard deal."", ""created_at"": ""2025-09-27 09:00:00"", ""updated_at"": ""2025-09-27 09:00:00""}"
quotations,24,"{""id"": ""24"", ""quote_number"": ""Q-1024"", ""customer_id"": ""24"", ""sales_rep_id"": ""2"", ""price_list_id"": ""1"", ""quote_date"": ""2025-09-30 09:00:00"", ""valid_until"": ""2025-10-30 09:00:00"", ""status"": ""SENT"", ""currency"": ""USD"", ""subtotal"": ""2750.0"", ""discount_amount"": ""137.5"", ""tax_amount"": ""209.0"", ""total_amount"": ""2821.5"", ""total_cost"": ""1860.0"", ""gross_margin"": ""752.5"", ""margin_percent"": ""28.8"", ""discount_percent"": ""5.0"", ""approval_required"": ""False"", ""approval_status"": null, ""deal_health_score"": ""80.0"", ""customer_notes"": ""Standard quotation terms for Q-1024."", ""internal_notes"": ""Standard deal."", ""created_at"": ""2025-09-30 09:00:00"", ""updated_at"": ""2025-09-30 09:00:00""}"
quotations,25,"{""id"": ""25"", ""quote_number"": ""Q-1025"", ""customer_id"": ""25"", ""sales_rep_id"": ""1"", ""price_list_id"": ""1"", ""quote_date"": ""2025-10-03 09:00:00"", ""valid_until"": ""2025-11-02 09:00:00"", ""status"": ""ACCEPTED"", ""currency"": ""USD"", ""subtotal"": ""2320.0"", ""discount_amount"": ""473.0"", ""tax_amount"": ""147.76"", ""total_amount"": ""1994.76"", ""total_cost"": ""1500.0"", ""gross_margin"": ""347.0"", ""margin_percent"": ""18.79"", ""discount_percent"": ""20.39"", ""approval_required"": ""False"", ""approval_status"": null, ""deal_health_score"": ""76.0"", ""customer_notes"": ""Standard quotation terms for Q-1025."", ""internal_notes"": ""Standard deal."", ""created_at"": ""2025-10-03 09:00:00"", ""updated_at"": ""2025-10-03 09:00:00""}"
quotations,26,"{""id"": ""26"", ""quote_number"": ""Q-1026"", ""customer_id"": ""26"", ""sales_rep_id"": ""2"", ""price_list_id"": ""1"", ""quote_date"": ""2025-10-06 09:00:00"", ""valid_until"": ""2025-11-05 09:00:00"", ""status"": ""EXPIRED"", ""currency"": ""USD"", ""subtotal"": ""1030.0"", ""discount_amount"": ""51.5"", ""tax_amount"": ""78.28"", ""total_amount"": ""1056.78"", ""total_cost"": ""640.0"", ""gross_margin"": ""338.5"", ""margin_percent"": ""34.59"", ""discount_percent"": ""5.0"", ""approval_required"": ""False"", ""approval_status"": null, ""deal_health_score"": ""76.0"", ""customer_notes"": ""Standard quotation terms for Q-1026."", ""internal_notes"": ""Standard deal."", ""created_at"": ""2025-10-06 09:00:00"", ""updated_at"": ""2025-10-06 09:00:00""}"
quotations,27,"{""id"": ""27"", ""quote_number"": ""Q-1027"", ""customer_id"": ""27"", ""sales_rep_id"": ""1"", ""price_list_id"": ""1"", ""quote_date"": ""2025-10-09 09:00:00"", ""valid_until"": ""2025-11-08 09:00:00"", ""status"": ""CANCELLED"", ""currency"": ""USD"", ""subtotal"": ""370.0"", ""discount_amount"": ""18.5"", ""tax_amount"": ""28.12"", ""total_amount"": ""379.62"", ""total_cost"": ""115.0"", ""gross_margin"": ""236.5"", ""margin_percent"": ""67.28"", ""discount_percent"": ""5.0"", ""approval_required"": ""False"", ""approval_status"": null, ""deal_health_score"": ""72.0"", ""customer_notes"": ""Standard quotation terms for Q-1027."", ""internal_notes"": ""Standard deal."", ""created_at"": ""2025-10-09 09:00:00"", ""updated_at"": ""2025-10-09 09:00:00""}"
quotations,28,"{""id"": ""28"", ""quote_number"": ""Q-1028"", ""customer_id"": ""28"", ""sales_rep_id"": ""2"", ""price_list_id"": ""1"", ""quote_date"": ""2025-10-12 09:00:00"", ""valid_until"": ""2025-11-11 09:00:00"", ""status"": ""REJECTED"", ""currency"": ""USD"", ""subtotal"": ""950.0"", ""discount_amount"": ""47.5"", ""tax_amount"": ""72.2"", ""total_amount"": ""974.7"", ""total_cost"": ""460.0"", ""gross_margin"": ""442.5"", ""margin_percent"": ""49.03"", ""discount_percent"": ""5.0"", ""approval_required"": ""False"", ""approval_status"": null, ""deal_health_score"": ""89.0"", ""customer_notes"": ""Standard quotation terms for Q-1028."", ""internal_notes"": ""Standard deal."", ""created_at"": ""2025-10-12 09:00:00"", ""updated_at"": ""2025-10-12 09:00:00""}"
quotations,29,"{""id"": ""29"", ""quote_number"": ""Q-1029"", ""customer_id"": ""29"", ""sales_rep_id"": ""1"", ""price_list_id"": ""1"", ""quote_date"": ""2025-10-15 09:00:00"", ""valid_until"": ""2025-11-14 09:00:00"", ""status"": ""DRAFT"", ""currency"": ""USD"", ""subtotal"": ""2250.0"", ""discount_amount"": ""112.5"", ""tax_amount"": ""171.0"", ""total_amount"": ""2308.5"", ""total_cost"": ""1350.0"", ""gross_margin"": ""787.5"", ""margin_percent"": ""36.84"", ""discount_percent"": ""5.0"", ""approval_required"": ""False"", ""approval_status"": null, ""deal_health_score"": ""90.0"", ""customer_notes"": ""Standard quotation terms for Q-1029."", ""internal_notes"": ""Standard deal."", ""created_at"": ""2025-10-15 09:00:00"", ""updated_at"": ""2025-10-15 09:00:00""}"
quotations,30,"{""id"": ""30"", ""quote_number"": ""Q-1030"", ""customer_id"": ""30"", ""sales_rep_id"": ""2"", ""price_list_id"": ""1"", ""quote_date"": ""2025-10-18 09:00:00"", ""valid_until"": ""2025-11-17 09:00:00"", ""status"": ""PENDING_APPROVAL"", ""currency"": ""USD"", ""subtotal"": ""140.0"", ""discount_amount"": ""7.0"", ""tax_amount"": ""10.64"", ""total_amount"": ""143.64"", ""total_cost"": ""63.0"", ""gross_margin"": ""70.0"", ""margin_percent"": ""52.63"", ""discount_percent"": ""5.0"", ""approval_required"": ""False"", ""approval_status"": null, ""deal_health_score"": ""78.0"", ""customer_notes"": ""Standard quotation terms for Q-1030."", ""internal_notes"": ""Standard deal."", ""created_at"": ""2025-10-18 09:00:00"", ""updated_at"": ""2025-10-18 09:00:00""}"
quotations,31,"{""id"": ""31"", ""quote_number"": ""Q-1031"", ""customer_id"": ""31"", ""sales_rep_id"": ""1"", ""price_list_id"": ""1"", ""quote_date"": ""2025-10-21 09:00:00"", ""valid_until"": ""2025-11-20 09:00:00"", ""status"": ""APPROVED"", ""currency"": ""USD"", ""subtotal"": ""245.0"", ""discount_amount"": ""12.25"", ""tax_amount"": ""18.62"", ""total_amount"": ""251.37"", ""total_cost"": ""120.0"", ""gross_margin"": ""112.75"", ""margin_percent"": ""48.44"", ""discount_percent"": ""5.0"", ""approval_required"": ""False"", ""approval_status"": ""APPROVED"", ""deal_health_score"": ""82.0"", ""customer_notes"": ""Standard quotation terms for Q-1031."", ""internal_notes"": ""Standard deal."", ""created_at"": ""2025-10-21 09:00:00"", ""updated_at"": ""2025-10-21 09:00:00""}"
quotations,32,"{""id"": ""32"", ""quote_number"": ""Q-1032"", ""customer_id"": ""32"", ""sales_rep_id"": ""2"", ""price_list_id"": ""1"", ""quote_date"": ""2025-10-24 09:00:00"", ""valid_until"": ""2025-11-23 09:00:00"", ""status"": ""SUBMITTED"", ""currency"": ""USD"", ""subtotal"": ""185.0"", ""discount_amount"": ""9.25"", ""tax_amount"": ""14.06"", ""total_amount"": ""189.81"", ""total_cost"": ""85.0"", ""gross_margin"": ""90.75"", ""margin_percent"": ""51.64"", ""discount_percent"": ""5.0"", ""approval_required"": ""False"", ""approval_status"": null, ""deal_health_score"": ""70.0"", ""customer_notes"": ""Standard quotation terms for Q-1032."", ""internal_notes"": ""Standard deal."", ""created_at"": ""2025-10-24 09:00:00"", ""updated_at"": ""2025-10-24 09:00:00""}"
quotations,33,"{""id"": ""33"", ""quote_number"": ""Q-1033"", ""customer_id"": ""33"", ""sales_rep_id"": ""1"", ""price_list_id"": ""1"", ""quote_date"": ""2025-10-27 09:00:00"", ""valid_until"": ""2025-11-26 09:00:00"", ""status"": ""SENT"", ""currency"": ""USD"", ""subtotal"": ""1050.0"", ""discount_amount"": ""129.0"", ""tax_amount"": ""73.68"", ""total_amount"": ""994.68"", ""total_cost"": ""500.0"", ""gross_margin"": ""421.0"", ""margin_percent"": ""45.71"", ""discount_percent"": ""12.29"", ""approval_required"": ""False"", ""approval_status"": null, ""deal_health_score"": ""92.0"", ""customer_notes"": ""Standard quotation terms for Q-1033."", ""internal_notes"": ""Standard deal."", ""created_at"": ""2025-10-27 09:00:00"", ""updated_at"": ""2025-10-27 09:00:00""}"
quotations,34,"{""id"": ""34"", ""quote_number"": ""Q-1034"", ""customer_id"": ""34"", ""sales_rep_id"": ""2"", ""price_list_id"": ""1"", ""quote_date"": ""2025-10-30 09:00:00"", ""valid_until"": ""2025-11-29 09:00:00"", ""status"": ""ACCEPTED"", ""currency"": ""USD"", ""subtotal"": ""930.0"", ""discount_amount"": ""46.5"", ""tax_amount"": ""70.68"", ""total_amount"": ""954.18"", ""total_cost"": ""410.0"", ""gross_margin"": ""473.5"", ""margin_percent"": ""53.59"", ""discount_percent"": ""5.0"", ""approval_required"": ""False"", ""approval_status"": null, ""deal_health_score"": ""82.0"", ""customer_notes"": ""Standard quotation terms for Q-1034."", ""internal_notes"": ""Standard deal."", ""created_at"": ""2025-10-30 09:00:00"", ""updated_at"": ""2025-10-30 09:00:00""}"
quotations,35,"{""id"": ""35"", ""quote_number"": ""Q-1035"", ""customer_id"": ""35"", ""sales_rep_id"": ""1"", ""price_list_id"": ""1"", ""quote_date"": ""2025-11-02 09:00:00"", ""valid_until"": ""2025-12-02 09:00:00"", ""status"": ""EXPIRED"", ""currency"": ""USD"", ""subtotal"": ""350.0"", ""discount_amount"": ""17.5"", ""tax_amount"": ""26.6"", ""total_amount"": ""359.1"", ""total_cost"": ""100.0"", ""gross_margin"": ""232.5"", ""margin_percent"": ""69.92"", ""discount_percent"": ""5.0"", ""approval_required"": ""False"", ""approval_status"": null, ""deal_health_score"": ""77.0"", ""customer_notes"": ""Standard quotation terms for Q-1035."", ""internal_notes"": ""Standard deal."", ""created_at"": ""2025-11-02 09:00:00"", ""updated_at"": ""2025-11-02 09:00:00""}"
quotations,36,"{""id"": ""36"", ""quote_number"": ""Q-1036"", ""customer_id"": ""36"", ""sales_rep_id"": ""2"", ""price_list_id"": ""1"", ""quote_date"": ""2025-11-05 09:00:00"", ""valid_until"": ""2025-12-05 09:00:00"", ""status"": ""CANCELLED"", ""currency"": ""USD"", ""subtotal"": ""2750.0"", ""discount_amount"": ""137.5"", ""tax_amount"": ""209.0"", ""total_amount"": ""2821.5"", ""total_cost"": ""1860.0"", ""gross_margin"": ""752.5"", ""margin_percent"": ""28.8"", ""discount_percent"": ""5.0"", ""approval_required"": ""False"", ""approval_status"": null, ""deal_health_score"": ""74.0"", ""customer_notes"": ""Standard quotation terms for Q-1036."", ""internal_notes"": ""Standard deal."", ""created_at"": ""2025-11-05 09:00:00"", ""updated_at"": ""2025-11-05 09:00:00""}"
quotations,37,"{""id"": ""37"", ""quote_number"": ""Q-1037"", ""customer_id"": ""37"", ""sales_rep_id"": ""1"", ""price_list_id"": ""1"", ""quote_date"": ""2025-11-08 09:00:00"", ""valid_until"": ""2025-12-08 09:00:00"", ""status"": ""REJECTED"", ""currency"": ""USD"", ""subtotal"": ""2320.0"", ""discount_amount"": ""116.0"", ""tax_amount"": ""176.32"", ""total_amount"": ""2380.32"", ""total_cost"": ""1500.0"", ""gross_margin"": ""704.0"", ""margin_percent"": ""31.94"", ""discount_percent"": ""5.0"", ""approval_required"": ""False"", ""approval_status"": null, ""deal_health_score"": ""84.0"", ""customer_notes"": ""Standard quotation terms for Q-1037."", ""internal_notes"": ""Standard deal."", ""created_at"": ""2025-11-08 09:00:00"", ""updated_at"": ""2025-11-08 09:00:00""}"
quotations,38,"{""id"": ""38"", ""quote_number"": ""Q-1038"", ""customer_id"": ""38"", ""sales_rep_id"": ""2"", ""price_list_id"": ""1"", ""quote_date"": ""2025-11-11 09:00:00"", ""valid_until"": ""2025-12-11 09:00:00"", ""status"": ""DRAFT"", ""currency"": ""USD"", ""subtotal"": ""1030.0"", ""discount_amount"": ""51.5"", ""tax_amount"": ""78.28"", ""total_amount"": ""1056.78"", ""total_cost"": ""640.0"", ""gross_margin"": ""338.5"", ""margin_percent"": ""34.59"", ""discount_percent"": ""5.0"", ""approval_required"": ""False"", ""approval_status"": null, ""deal_health_score"": ""79.0"", ""customer_notes"": ""Standard quotation terms for Q-1038."", ""internal_notes"": ""Standard deal."", ""created_at"": ""2025-11-11 09:00:00"", ""updated_at"": ""2025-11-11 09:00:00""}"
quotations,39,"{""id"": ""39"", ""quote_number"": ""Q-1039"", ""customer_id"": ""39"", ""sales_rep_id"": ""1"", ""price_list_id"": ""1"", ""quote_date"": ""2025-11-14 09:00:00"", ""valid_until"": ""2025-12-14 09:00:00"", ""status"": ""PENDING_APPROVAL"", ""currency"": ""USD"", ""subtotal"": ""370.0"", ""discount_amount"": ""18.5"", ""tax_amount"": ""28.12"", ""total_amount"": ""379.62"", ""total_cost"": ""115.0"", ""gross_margin"": ""236.5"", ""margin_percent"": ""67.28"", ""discount_percent"": ""5.0"", ""approval_required"": ""False"", ""approval_status"": null, ""deal_health_score"": ""83.0"", ""customer_notes"": ""Standard quotation terms for Q-1039."", ""internal_notes"": ""Standard deal."", ""created_at"": ""2025-11-14 09:00:00"", ""updated_at"": ""2025-11-14 09:00:00""}"
quotations,40,"{""id"": ""40"", ""quote_number"": ""Q-1040"", ""customer_id"": ""40"", ""sales_rep_id"": ""2"", ""price_list_id"": ""1"", ""quote_date"": ""2025-11-17 09:00:00"", ""valid_until"": ""2025-12-17 09:00:00"", ""status"": ""APPROVED"", ""currency"": ""USD"", ""subtotal"": ""950.0"", ""discount_amount"": ""47.5"", ""tax_amount"": ""72.2"", ""total_amount"": ""974.7"", ""total_cost"": ""460.0"", ""gross_margin"": ""442.5"", ""margin_percent"": ""49.03"", ""discount_percent"": ""5.0"", ""approval_required"": ""False"", ""approval_status"": ""APPROVED"", ""deal_health_score"": ""73.0"", ""customer_notes"": ""Standard quotation terms for Q-1040."", ""internal_notes"": ""Standard deal."", ""created_at"": ""2025-11-17 09:00:00"", ""updated_at"": ""2025-11-17 09:00:00""}"
quotations,41,"{""id"": ""41"", ""quote_number"": ""Q-1041"", ""customer_id"": ""1"", ""sales_rep_id"": ""1"", ""price_list_id"": ""1"", ""quote_date"": ""2025-11-20 09:00:00"", ""valid_until"": ""2025-12-20 09:00:00"", ""status"": ""SUBMITTED"", ""currency"": ""USD"", ""subtotal"": ""2250.0"", ""discount_amount"": ""257.0"", ""tax_amount"": ""159.44"", ""total_amount"": ""2152.44"", ""total_cost"": ""1350.0"", ""gross_margin"": ""643.0"", ""margin_percent"": ""32.26"", ""discount_percent"": ""11.42"", ""approval_required"": ""False"", ""approval_status"": null, ""deal_health_score"": ""94.0"", ""customer_notes"": ""Standard quotation terms for Q-1041."", ""internal_notes"": ""Standard deal."", ""created_at"": ""2025-11-20 09:00:00"", ""updated_at"": ""2025-11-20 09:00:00""}"
quotations,42,"{""id"": ""42"", ""quote_number"": ""Q-1099"", ""customer_id"": ""2"", ""sales_rep_id"": ""2"", ""price_list_id"": ""1"", ""quote_date"": ""2025-11-23 09:00:00"", ""valid_until"": ""2025-12-23 09:00:00"", ""status"": ""SENT"", ""currency"": ""USD"", ""subtotal"": ""140.0"", ""discount_amount"": ""7.0"", ""tax_amount"": ""10.64"", ""total_amount"": ""143.64"", ""total_cost"": ""63.0"", ""gross_margin"": ""70.0"", ""margin_percent"": ""52.63"", ""discount_percent"": ""5.0"", ""approval_required"": ""False"", ""approval_status"": null, ""deal_health_score"": ""83.0"", ""customer_notes"": ""Standard quotation terms for Q-1099."", ""internal_notes"": ""Standard deal."", ""created_at"": ""2025-11-23 09:00:00"", ""updated_at"": ""2025-11-23 09:00:00""}"
quotations,43,"{""id"": ""43"", ""quote_number"": ""Q-1043"", ""customer_id"": ""3"", ""sales_rep_id"": ""1"", ""price_list_id"": ""1"", ""quote_date"": ""2025-11-26 09:00:00"", ""valid_until"": ""2025-12-26 09:00:00"", ""status"": ""ACCEPTED"", ""currency"": ""USD"", ""subtotal"": ""245.0"", ""discount_amount"": ""12.25"", ""tax_amount"": ""18.62"", ""total_amount"": ""251.37"", ""total_cost"": ""120.0"", ""gross_margin"": ""112.75"", ""margin_percent"": ""48.44"", ""discount_percent"": ""5.0"", ""approval_required"": ""False"", ""approval_status"": null, ""deal_health_score"": ""94.0"", ""customer_notes"": ""Standard quotation terms for Q-1043."", ""internal_notes"": ""Standard deal."", ""created_at"": ""2025-11-26 09:00:00"", ""updated_at"": ""2025-11-26 09:00:00""}"
quotations,44,"{""id"": ""44"", ""quote_number"": ""Q-1044"", ""customer_id"": ""4"", ""sales_rep_id"": ""2"", ""price_list_id"": ""1"", ""quote_date"": ""2025-11-29 09:00:00"", ""valid_until"": ""2025-12-29 09:00:00"", ""status"": ""EXPIRED"", ""currency"": ""USD"", ""subtotal"": ""185.0"", ""discount_amount"": ""9.25"", ""tax_amount"": ""14.06"", ""total_amount"": ""189.81"", ""total_cost"": ""85.0"", ""gross_margin"": ""90.75"", ""margin_percent"": ""51.64"", ""discount_percent"": ""5.0"", ""approval_required"": ""False"", ""approval_status"": null, ""deal_health_score"": ""83.0"", ""customer_notes"": ""Standard quotation terms for Q-1044."", ""internal_notes"": ""Standard deal."", ""created_at"": ""2025-11-29 09:00:00"", ""updated_at"": ""2025-11-29 09:00:00""}"
quotations,45,"{""id"": ""45"", ""quote_number"": ""Q-1045"", ""customer_id"": ""5"", ""sales_rep_id"": ""1"", ""price_list_id"": ""1"", ""quote_date"": ""2025-12-02 09:00:00"", ""valid_until"": ""2026-01-01 09:00:00"", ""status"": ""CANCELLED"", ""currency"": ""USD"", ""subtotal"": ""1050.0"", ""discount_amount"": ""52.5"", ""tax_amount"": ""79.8"", ""total_amount"": ""1077.3"", ""total_cost"": ""500.0"", ""gross_margin"": ""497.5"", ""margin_percent"": ""49.87"", ""discount_percent"": ""5.0"", ""approval_required"": ""False"", ""approval_status"": null, ""deal_health_score"": ""87.0"", ""customer_notes"": ""Standard quotation terms for Q-1045."", ""internal_notes"": ""Standard deal."", ""created_at"": ""2025-12-02 09:00:00"", ""updated_at"": ""2025-12-02 09:00:00""}"
quotations,46,"{""id"": ""46"", ""quote_number"": ""Q-1046"", ""customer_id"": ""6"", ""sales_rep_id"": ""2"", ""price_list_id"": ""1"", ""quote_date"": ""2025-12-05 09:00:00"", ""valid_until"": ""2026-01-04 09:00:00"", ""status"": ""REJECTED"", ""currency"": ""USD"", ""subtotal"": ""930.0"", ""discount_amount"": ""46.5"", ""tax_amount"": ""70.68"", ""total_amount"": ""954.18"", ""total_cost"": ""410.0"", ""gross_margin"": ""473.5"", ""margin_percent"": ""53.59"", ""discount_percent"": ""5.0"", ""approval_required"": ""False"", ""approval_status"": null, ""deal_health_score"": ""79.0"", ""customer_notes"": ""Standard quotation terms for Q-1046."", ""internal_notes"": ""Standard deal."", ""created_at"": ""2025-12-05 09:00:00"", ""updated_at"": ""2025-12-05 09:00:00""}"
quotations,47,"{""id"": ""47"", ""quote_number"": ""Q-1047"", ""customer_id"": ""7"", ""sales_rep_id"": ""1"", ""price_list_id"": ""1"", ""quote_date"": ""2025-12-08 09:00:00"", ""valid_until"": ""2026-01-07 09:00:00"", ""status"": ""DRAFT"", ""currency"": ""USD"", ""subtotal"": ""350.0"", ""discount_amount"": ""43.0"", ""tax_amount"": ""24.56"", ""total_amount"": ""331.56"", ""total_cost"": ""100.0"", ""gross_margin"": ""207.0"", ""margin_percent"": ""67.43"", ""discount_percent"": ""12.29"", ""approval_required"": ""False"", ""approval_status"": null, ""deal_health_score"": ""80.0"", ""customer_notes"": ""Standard quotation terms for Q-1047."", ""internal_notes"": ""Standard deal."", ""created_at"": ""2025-12-08 09:00:00"", ""updated_at"": ""2025-12-08 09:00:00""}"
quotations,48,"{""id"": ""48"", ""quote_number"": ""Q-1048"", ""customer_id"": ""8"", ""sales_rep_id"": ""2"", ""price_list_id"": ""1"", ""quote_date"": ""2025-12-11 09:00:00"", ""valid_until"": ""2026-01-10 09:00:00"", ""status"": ""PENDING_APPROVAL"", ""currency"": ""USD"", ""subtotal"": ""2750.0"", ""discount_amount"": ""137.5"", ""tax_amount"": ""209.0"", ""total_amount"": ""2821.5"", ""total_cost"": ""1860.0"", ""gross_margin"": ""752.5"", ""margin_percent"": ""28.8"", ""discount_percent"": ""5.0"", ""approval_required"": ""False"", ""approval_status"": null, ""deal_health_score"": ""75.0"", ""customer_notes"": ""Standard quotation terms for Q-1048."", ""internal_notes"": ""Standard deal."", ""created_at"": ""2025-12-11 09:00:00"", ""updated_at"": ""2025-12-11 09:00:00""}"
quotations,49,"{""id"": ""49"", ""quote_number"": ""Q-1049"", ""customer_id"": ""9"", ""sales_rep_id"": ""1"", ""price_list_id"": ""1"", ""quote_date"": ""2025-12-14 09:00:00"", ""valid_until"": ""2026-01-13 09:00:00"", ""status"": ""APPROVED"", ""currency"": ""USD"", ""subtotal"": ""2320.0"", ""discount_amount"": ""116.0"", ""tax_amount"": ""176.32"", ""total_amount"": ""2380.32"", ""total_cost"": ""1500.0"", ""gross_margin"": ""704.0"", ""margin_percent"": ""31.94"", ""discount_percent"": ""5.0"", ""approval_required"": ""False"", ""approval_status"": ""APPROVED"", ""deal_health_score"": ""95.0"", ""customer_notes"": ""Standard quotation terms for Q-1049."", ""internal_notes"": ""Standard deal."", ""created_at"": ""2025-12-14 09:00:00"", ""updated_at"": ""2025-12-14 09:00:00""}"
quotations,50,"{""id"": ""50"", ""quote_number"": ""Q-1050"", ""customer_id"": ""10"", ""sales_rep_id"": ""2"", ""price_list_id"": ""1"", ""quote_date"": ""2025-12-17 09:00:00"", ""valid_until"": ""2026-01-16 09:00:00"", ""status"": ""SUBMITTED"", ""currency"": ""USD"", ""subtotal"": ""1030.0"", ""discount_amount"": ""51.5"", ""tax_amount"": ""78.28"", ""total_amount"": ""1056.78"", ""total_cost"": ""640.0"", ""gross_margin"": ""338.5"", ""margin_percent"": ""34.59"", ""discount_percent"": ""5.0"", ""approval_required"": ""False"", ""approval_status"": null, ""deal_health_score"": ""86.0"", ""customer_notes"": ""Standard quotation terms for Q-1050."", ""internal_notes"": ""Standard deal."", ""created_at"": ""2025-12-17 09:00:00"", ""updated_at"": ""2025-12-17 09:00:00""}"
quotations,51,"{""id"": ""51"", ""quote_number"": ""Q-1051"", ""customer_id"": ""11"", ""sales_rep_id"": ""1"", ""price_list_id"": ""1"", ""quote_date"": ""2025-12-20 09:00:00"", ""valid_until"": ""2026-01-19 09:00:00"", ""status"": ""SENT"", ""currency"": ""USD"", ""subtotal"": ""370.0"", ""discount_amount"": ""18.5"", ""tax_amount"": ""28.12"", ""total_amount"": ""379.62"", ""total_cost"": ""115.0"", ""gross_margin"": ""236.5"", ""margin_percent"": ""67.28"", ""discount_percent"": ""5.0"", ""approval_required"": ""False"", ""approval_status"": null, ""deal_health_score"": ""77.0"", ""customer_notes"": ""Standard quotation terms for Q-1051."", ""internal_notes"": ""Standard deal."", ""created_at"": ""2025-12-20 09:00:00"", ""updated_at"": ""2025-12-20 09:00:00""}"
quotations,52,"{""id"": ""52"", ""quote_number"": ""Q-1052"", ""customer_id"": ""12"", ""sales_rep_id"": ""2"", ""price_list_id"": ""1"", ""quote_date"": ""2025-12-23 09:00:00"", ""valid_until"": ""2026-01-22 09:00:00"", ""status"": ""ACCEPTED"", ""currency"": ""USD"", ""subtotal"": ""950.0"", ""discount_amount"": ""47.5"", ""tax_amount"": ""72.2"", ""total_amount"": ""974.7"", ""total_cost"": ""460.0"", ""gross_margin"": ""442.5"", ""margin_percent"": ""49.03"", ""discount_percent"": ""5.0"", ""approval_required"": ""False"", ""approval_status"": null, ""deal_health_score"": ""79.0"", ""customer_notes"": ""Standard quotation terms for Q-1052."", ""internal_notes"": ""Standard deal."", ""created_at"": ""2025-12-23 09:00:00"", ""updated_at"": ""2025-12-23 09:00:00""}"
quotations,53,"{""id"": ""53"", ""quote_number"": ""Q-1053"", ""customer_id"": ""13"", ""sales_rep_id"": ""1"", ""price_list_id"": ""1"", ""quote_date"": ""2025-12-26 09:00:00"", ""valid_until"": ""2026-01-25 09:00:00"", ""status"": ""EXPIRED"", ""currency"": ""USD"", ""subtotal"": ""2250.0"", ""discount_amount"": ""257.0"", ""tax_amount"": ""159.44"", ""total_amount"": ""2152.44"", ""total_cost"": ""1350.0"", ""gross_margin"": ""643.0"", ""margin_percent"": ""32.26"", ""discount_percent"": ""11.42"", ""approval_required"": ""False"", ""approval_status"": null, ""deal_health_score"": ""85.0"", ""customer_notes"": ""Standard quotation terms for Q-1053."", ""internal_notes"": ""Standard deal."", ""created_at"": ""2025-12-26 09:00:00"", ""updated_at"": ""2025-12-26 09:00:00""}"
quotations,54,"{""id"": ""54"", ""quote_number"": ""Q-1054"", ""customer_id"": ""14"", ""sales_rep_id"": ""2"", ""price_list_id"": ""1"", ""quote_date"": ""2025-12-29 09:00:00"", ""valid_until"": ""2026-01-28 09:00:00"", ""status"": ""CANCELLED"", ""currency"": ""USD"", ""subtotal"": ""140.0"", ""discount_amount"": ""7.0"", ""tax_amount"": ""10.64"", ""total_amount"": ""143.64"", ""total_cost"": ""63.0"", ""gross_margin"": ""70.0"", ""margin_percent"": ""52.63"", ""discount_percent"": ""5.0"", ""approval_required"": ""False"", ""approval_status"": null, ""deal_health_score"": ""92.0"", ""customer_notes"": ""Standard quotation terms for Q-1054."", ""internal_notes"": ""Standard deal."", ""created_at"": ""2025-12-29 09:00:00"", ""updated_at"": ""2025-12-29 09:00:00""}"
quotations,55,"{""id"": ""55"", ""quote_number"": ""Q-1055"", ""customer_id"": ""15"", ""sales_rep_id"": ""1"", ""price_list_id"": ""1"", ""quote_date"": ""2026-01-01 09:00:00"", ""valid_until"": ""2026-01-31 09:00:00"", ""status"": ""REJECTED"", ""currency"": ""USD"", ""subtotal"": ""245.0"", ""discount_amount"": ""12.25"", ""tax_amount"": ""18.62"", ""total_amount"": ""251.37"", ""total_cost"": ""120.0"", ""gross_margin"": ""112.75"", ""margin_percent"": ""48.44"", ""discount_percent"": ""5.0"", ""approval_required"": ""False"", ""approval_status"": null, ""deal_health_score"": ""84.0"", ""customer_notes"": ""Standard quotation terms for Q-1055."", ""internal_notes"": ""Standard deal."", ""created_at"": ""2026-01-01 09:00:00"", ""updated_at"": ""2026-01-01 09:00:00""}"
quotations,56,"{""id"": ""56"", ""quote_number"": ""Q-1056"", ""customer_id"": ""16"", ""sales_rep_id"": ""2"", ""price_list_id"": ""1"", ""quote_date"": ""2026-01-04 09:00:00"", ""valid_until"": ""2026-02-03 09:00:00"", ""status"": ""DRAFT"", ""currency"": ""USD"", ""subtotal"": ""185.0"", ""discount_amount"": ""9.25"", ""tax_amount"": ""14.06"", ""total_amount"": ""189.81"", ""total_cost"": ""85.0"", ""gross_margin"": ""90.75"", ""margin_percent"": ""51.64"", ""discount_percent"": ""5.0"", ""approval_required"": ""False"", ""approval_status"": null, ""deal_health_score"": ""89.0"", ""customer_notes"": ""Standard quotation terms for Q-1056."", ""internal_notes"": ""Standard deal."", ""created_at"": ""2026-01-04 09:00:00"", ""updated_at"": ""2026-01-04 09:00:00""}"
quotations,57,"{""id"": ""57"", ""quote_number"": ""Q-1057"", ""customer_id"": ""17"", ""sales_rep_id"": ""1"", ""price_list_id"": ""1"", ""quote_date"": ""2026-01-07 09:00:00"", ""valid_until"": ""2026-02-06 09:00:00"", ""status"": ""PENDING_APPROVAL"", ""currency"": ""USD"", ""subtotal"": ""1050.0"", ""discount_amount"": ""52.5"", ""tax_amount"": ""79.8"", ""total_amount"": ""1077.3"", ""total_cost"": ""500.0"", ""gross_margin"": ""497.5"", ""margin_percent"": ""49.87"", ""discount_percent"": ""5.0"", ""approval_required"": ""False"", ""approval_status"": null, ""deal_health_score"": ""70.0"", ""customer_notes"": ""Standard quotation terms for Q-1057."", ""internal_notes"": ""Standard deal."", ""created_at"": ""2026-01-07 09:00:00"", ""updated_at"": ""2026-01-07 09:00:00""}"
quotations,58,"{""id"": ""58"", ""quote_number"": ""Q-1058"", ""customer_id"": ""18"", ""sales_rep_id"": ""2"", ""price_list_id"": ""1"", ""quote_date"": ""2026-01-10 09:00:00"", ""valid_until"": ""2026-02-09 09:00:00"", ""status"": ""APPROVED"", ""currency"": ""USD"", ""subtotal"": ""930.0"", ""discount_amount"": ""174.0"", ""tax_amount"": ""60.48"", ""total_amount"": ""816.48"", ""total_cost"": ""410.0"", ""gross_margin"": ""346.0"", ""margin_percent"": ""45.77"", ""discount_percent"": ""18.71"", ""approval_required"": ""False"", ""approval_status"": ""APPROVED"", ""deal_health_score"": ""84.0"", ""customer_notes"": ""Standard quotation terms for Q-1058."", ""internal_notes"": ""Standard deal."", ""created_at"": ""2026-01-10 09:00:00"", ""updated_at"": ""2026-01-10 09:00:00""}"
quotations,59,"{""id"": ""59"", ""quote_number"": ""Q-1059"", ""customer_id"": ""19"", ""sales_rep_id"": ""1"", ""price_list_id"": ""1"", ""quote_date"": ""2026-01-13 09:00:00"", ""valid_until"": ""2026-02-12 09:00:00"", ""status"": ""SUBMITTED"", ""currency"": ""USD"", ""subtotal"": ""350.0"", ""discount_amount"": ""17.5"", ""tax_amount"": ""26.6"", ""total_amount"": ""359.1"", ""total_cost"": ""100.0"", ""gross_margin"": ""232.5"", ""margin_percent"": ""69.92"", ""discount_percent"": ""5.0"", ""approval_required"": ""False"", ""approval_status"": null, ""deal_health_score"": ""72.0"", ""customer_notes"": ""Standard quotation terms for Q-1059."", ""internal_notes"": ""Standard deal."", ""created_at"": ""2026-01-13 09:00:00"", ""updated_at"": ""2026-01-13 09:00:00""}"
quotations,60,"{""id"": ""60"", ""quote_number"": ""Q-1060"", ""customer_id"": ""20"", ""sales_rep_id"": ""2"", ""price_list_id"": ""1"", ""quote_date"": ""2026-01-16 09:00:00"", ""valid_until"": ""2026-02-15 09:00:00"", ""status"": ""SENT"", ""currency"": ""USD"", ""subtotal"": ""1200.0"", ""discount_amount"": ""60.0"", ""tax_amount"": ""91.2"", ""total_amount"": ""1231.2"", ""total_cost"": ""840.0"", ""gross_margin"": ""300.0"", ""margin_percent"": ""26.32"", ""discount_percent"": ""5.0"", ""approval_required"": ""False"", ""approval_status"": null, ""deal_health_score"": ""84.0"", ""customer_notes"": ""Standard quotation terms for Q-1060."", ""internal_notes"": ""Standard deal."", ""created_at"": ""2026-01-16 09:00:00"", ""updated_at"": ""2026-01-16 09:00:00""}"
quotation_lines,1,"{""id"": ""1"", ""quotation_id"": ""1"", ""product_id"": ""1"", ""quantity"": ""2"", ""unit_price"": ""1200.0"", ""discount_percent"": ""12.0"", ""discount_amount"": ""288.0"", ""line_subtotal"": ""2112.0"", ""unit_cost"": ""840.0"", ""line_cost"": ""1680.0"", ""line_margin"": ""432.0"", ""line_margin_percent"": ""20.45"", ""discount_limit_percent"": ""15.0"", ""discount_status"": ""OK"", ""created_at"": ""2026-01-16 09:00:00"", ""updated_at"": ""2026-01-16 09:00:00""}"
quotation_lines,2,"{""id"": ""2"", ""quotation_id"": ""1"", ""product_id"": ""19"", ""quantity"": ""1"", ""unit_price"": ""450.0"", ""discount_percent"": ""18.0"", ""discount_amount"": ""81.0"", ""line_subtotal"": ""369.0"", ""unit_cost"": ""220.0"", ""line_cost"": ""220.0"", ""line_margin"": ""149.0"", ""line_margin_percent"": ""40.38"", ""discount_limit_percent"": ""10.0"", ""discount_status"": ""OVER_LIMIT"", ""created_at"": ""2026-01-16 09:00:00"", ""updated_at"": ""2026-01-16 09:00:00""}"
quotation_lines,3,"{""id"": ""3"", ""quotation_id"": ""1"", ""product_id"": ""22"", ""quantity"": ""1"", ""unit_price"": ""180.0"", ""discount_percent"": ""10.0"", ""discount_amount"": ""18.0"", ""line_subtotal"": ""162.0"", ""unit_cost"": ""60.0"", ""line_cost"": ""60.0"", ""line_margin"": ""102.0"", ""line_margin_percent"": ""62.96"", ""discount_limit_percent"": ""15.0"", ""discount_status"": ""OK"", ""created_at"": ""2026-01-16 09:00:00"", ""updated_at"": ""2026-01-16 09:00:00""}"
quotation_lines,4,"{""id"": ""4"", ""quotation_id"": ""2"", ""product_id"": ""5"", ""quantity"": ""1"", ""unit_price"": ""380.0"", ""discount_percent"": ""22.0"", ""discount_amount"": ""83.6"", ""line_subtotal"": ""296.4"", ""unit_cost"": ""240.0"", ""line_cost"": ""240.0"", ""line_margin"": ""56.4"", ""line_margin_percent"": ""19.03"", ""discount_limit_percent"": ""15.0"", ""discount_status"": ""OVER_LIMIT"", ""created_at"": ""2025-07-26 09:00:00"", ""updated_at"": ""2025-07-26 09:00:00""}"
quotation_lines,5,"{""id"": ""5"", ""quotation_id"": ""2"", ""product_id"": ""6"", ""quantity"": ""1"", ""unit_price"": ""650.0"", ""discount_percent"": ""5.0"", ""discount_amount"": ""32.5"", ""line_subtotal"": ""617.5"", ""unit_cost"": ""400.0"", ""line_cost"": ""400.0"", ""line_margin"": ""217.5"", ""line_margin_percent"": ""35.22"", ""discount_limit_percent"": ""15.0"", ""discount_status"": ""OK"", ""created_at"": ""2025-07-26 09:00:00"", ""updated_at"": ""2025-07-26 09:00:00""}"
quotation_lines,6,"{""id"": ""6"", ""quotation_id"": ""3"", ""product_id"": ""7"", ""quantity"": ""1"", ""unit_price"": ""120.0"", ""discount_percent"": ""5.0"", ""discount_amount"": ""6.0"", ""line_subtotal"": ""114.0"", ""unit_cost"": ""40.0"", ""line_cost"": ""40.0"", ""line_margin"": ""74.0"", ""line_margin_percent"": ""64.91"", ""discount_limit_percent"": ""15.0"", ""discount_status"": ""OK"", ""created_at"": ""2025-07-29 09:00:00"", ""updated_at"": ""2025-07-29 09:00:00""}"
quotation_lines,7,"{""id"": ""7"", ""quotation_id"": ""3"", ""product_id"": ""8"", ""quantity"": ""1"", ""unit_price"": ""250.0"", ""discount_percent"": ""5.0"", ""discount_amount"": ""12.5"", ""line_subtotal"": ""237.5"", ""unit_cost"": ""75.0"", ""line_cost"": ""75.0"", ""line_margin"": ""162.5"", ""line_margin_percent"": ""68.42"", ""discount_limit_percent"": ""15.0"", ""discount_status"": ""OK"", ""created_at"": ""2025-07-29 09:00:00"", ""updated_at"": ""2025-07-29 09:00:00""}"
quotation_lines,8,"{""id"": ""8"", ""quotation_id"": ""4"", ""product_id"": ""9"", ""quantity"": ""1"", ""unit_price"": ""450.0"", ""discount_percent"": ""5.0"", ""discount_amount"": ""22.5"", ""line_subtotal"": ""427.5"", ""unit_cost"": ""120.0"", ""line_cost"": ""120.0"", ""line_margin"": ""307.5"", ""line_margin_percent"": ""71.93"", ""discount_limit_percent"": ""15.0"", ""discount_status"": ""OK"", ""created_at"": ""2025-08-01 09:00:00"", ""updated_at"": ""2025-08-01 09:00:00""}"
quotation_lines,9,"{""id"": ""9"", ""quotation_id"": ""4"", ""product_id"": ""10"", ""quantity"": ""1"", ""unit_price"": ""500.0"", ""discount_percent"": ""5.0"", ""discount_amount"": ""25.0"", ""line_subtotal"": ""475.0"", ""unit_cost"": ""340.0"", ""line_cost"": ""340.0"", ""line_margin"": ""135.0"", ""line_margin_percent"": ""28.42"", ""discount_limit_percent"": ""15.0"", ""discount_status"": ""OK"", ""created_at"": ""2025-08-01 09:00:00"", ""updated_at"": ""2025-08-01 09:00:00""}"
quotation_lines,10,"{""id"": ""10"", ""quotation_id"": ""5"", ""product_id"": ""11"", ""quantity"": ""1"", ""unit_price"": ""850.0"", ""discount_percent"": ""22.0"", ""discount_amount"": ""187.0"", ""line_subtotal"": ""663.0"", ""unit_cost"": ""530.0"", ""line_cost"": ""530.0"", ""line_margin"": ""133.0"", ""line_margin_percent"": ""20.06"", ""discount_limit_percent"": ""15.0"", ""discount_status"": ""OVER_LIMIT"", ""created_at"": ""2025-08-04 09:00:00"", ""updated_at"": ""2025-08-04 09:00:00""}"
quotation_lines,11,"{""id"": ""11"", ""quotation_id"": ""5"", ""product_id"": ""12"", ""quantity"": ""1"", ""unit_price"": ""1400.0"", ""discount_percent"": ""5.0"", ""discount_amount"": ""70.0"", ""line_subtotal"": ""1330.0"", ""unit_cost"": ""820.0"", ""line_cost"": ""820.0"", ""line_margin"": ""510.0"", ""line_margin_percent"": ""38.35"", ""discount_limit_percent"": ""15.0"", ""discount_status"": ""OK"", ""created_at"": ""2025-08-04 09:00:00"", ""updated_at"": ""2025-08-04 09:00:00""}"
quotation_lines,12,"{""id"": ""12"", ""quotation_id"": ""6"", ""product_id"": ""13"", ""quantity"": ""1"", ""unit_price"": ""45.0"", ""discount_percent"": ""5.0"", ""discount_amount"": ""2.25"", ""line_subtotal"": ""42.75"", ""unit_cost"": ""18.0"", ""line_cost"": ""18.0"", ""line_margin"": ""24.75"", ""line_margin_percent"": ""57.89"", ""discount_limit_percent"": ""15.0"", ""discount_status"": ""OK"", ""created_at"": ""2025-08-07 09:00:00"", ""updated_at"": ""2025-08-07 09:00:00""}"
quotation_lines,13,"{""id"": ""13"", ""quotation_id"": ""6"", ""product_id"": ""14"", ""quantity"": ""1"", ""unit_price"": ""95.0"", ""discount_percent"": ""5.0"", ""discount_amount"": ""4.75"", ""line_subtotal"": ""90.25"", ""unit_cost"": ""45.0"", ""line_cost"": ""45.0"", ""line_margin"": ""45.25"", ""line_margin_percent"": ""50.14"", ""discount_limit_percent"": ""15.0"", ""discount_status"": ""OK"", ""created_at"": ""2025-08-07 09:00:00"", ""updated_at"": ""2025-08-07 09:00:00""}"
quotation_lines,14,"{""id"": ""14"", ""quotation_id"": ""7"", ""product_id"": ""15"", ""quantity"": ""1"", ""unit_price"": ""180.0"", ""discount_percent"": ""5.0"", ""discount_amount"": ""9.0"", ""line_subtotal"": ""171.0"", ""unit_cost"": ""95.0"", ""line_cost"": ""95.0"", ""line_margin"": ""76.0"", ""line_margin_percent"": ""44.44"", ""discount_limit_percent"": ""15.0"", ""discount_status"": ""OK"", ""created_at"": ""2025-08-10 09:00:00"", ""updated_at"": ""2025-08-10 09:00:00""}"
quotation_lines,15,"{""id"": ""15"", ""quotation_id"": ""7"", ""product_id"": ""16"", ""quantity"": ""1"", ""unit_price"": ""65.0"", ""discount_percent"": ""5.0"", ""discount_amount"": ""3.25"", ""line_subtotal"": ""61.75"", ""unit_cost"": ""25.0"", ""line_cost"": ""25.0"", ""line_margin"": ""36.75"", ""line_margin_percent"": ""59.51"", ""discount_limit_percent"": ""15.0"", ""discount_status"": ""OK"", ""created_at"": ""2025-08-10 09:00:00"", ""updated_at"": ""2025-08-10 09:00:00""}"
quotation_lines,16,"{""id"": ""16"", ""quotation_id"": ""8"", ""product_id"": ""17"", ""quantity"": ""1"", ""unit_price"": ""110.0"", ""discount_percent"": ""22.0"", ""discount_amount"": ""24.2"", ""line_subtotal"": ""85.8"", ""unit_cost"": ""55.0"", ""line_cost"": ""55.0"", ""line_margin"": ""30.8"", ""line_margin_percent"": ""35.9"", ""discount_limit_percent"": ""15.0"", ""discount_status"": ""OVER_LIMIT"", ""created_at"": ""2025-08-13 09:00:00"", ""updated_at"": ""2025-08-13 09:00:00""}"
quotation_lines,17,"{""id"": ""17"", ""quotation_id"": ""8"", ""product_id"": ""18"", ""quantity"": ""1"", ""unit_price"": ""75.0"", ""discount_percent"": ""5.0"", ""discount_amount"": ""3.75"", ""line_subtotal"": ""71.25"", ""unit_cost"": ""30.0"", ""line_cost"": ""30.0"", ""line_margin"": ""41.25"", ""line_margin_percent"": ""57.89"", ""discount_limit_percent"": ""15.0"", ""discount_status"": ""OK"", ""created_at"": ""2025-08-13 09:00:00"", ""updated_at"": ""2025-08-13 09:00:00""}"
quotation_lines,18,"{""id"": ""18"", ""quotation_id"": ""9"", ""product_id"": ""19"", ""quantity"": ""1"", ""unit_price"": ""450.0"", ""discount_percent"": ""5.0"", ""discount_amount"": ""22.5"", ""line_subtotal"": ""427.5"", ""unit_cost"": ""220.0"", ""line_cost"": ""220.0"", ""line_margin"": ""207.5"", ""line_margin_percent"": ""48.54"", ""discount_limit_percent"": ""15.0"", ""discount_status"": ""OK"", ""created_at"": ""2025-08-16 09:00:00"", ""updated_at"": ""2025-08-16 09:00:00""}"
quotation_lines,19,"{""id"": ""19"", ""quotation_id"": ""9"", ""product_id"": ""20"", ""quantity"": ""1"", ""unit_price"": ""600.0"", ""discount_percent"": ""5.0"", ""discount_amount"": ""30.0"", ""line_subtotal"": ""570.0"", ""unit_cost"": ""280.0"", ""line_cost"": ""280.0"", ""line_margin"": ""290.0"", ""line_margin_percent"": ""50.88"", ""discount_limit_percent"": ""15.0"", ""discount_status"": ""OK"", ""created_at"": ""2025-08-16 09:00:00"", ""updated_at"": ""2025-08-16 09:00:00""}"
quotation_lines,20,"{""id"": ""20"", ""quotation_id"": ""10"", ""product_id"": ""21"", ""quantity"": ""1"", ""unit_price"": ""750.0"", ""discount_percent"": ""5.0"", ""discount_amount"": ""37.5"", ""line_subtotal"": ""712.5"", ""unit_cost"": ""350.0"", ""line_cost"": ""350.0"", ""line_margin"": ""362.5"", ""line_margin_percent"": ""50.88"", ""discount_limit_percent"": ""15.0"", ""discount_status"": ""OK"", ""created_at"": ""2025-08-19 09:00:00"", ""updated_at"": ""2025-08-19 09:00:00""}"
quotation_lines,21,"{""id"": ""21"", ""quotation_id"": ""10"", ""product_id"": ""22"", ""quantity"": ""1"", ""unit_price"": ""180.0"", ""discount_percent"": ""5.0"", ""discount_amount"": ""9.0"", ""line_subtotal"": ""171.0"", ""unit_cost"": ""60.0"", ""line_cost"": ""60.0"", ""line_margin"": ""111.0"", ""line_margin_percent"": ""64.91"", ""discount_limit_percent"": ""15.0"", ""discount_status"": ""OK"", ""created_at"": ""2025-08-19 09:00:00"", ""updated_at"": ""2025-08-19 09:00:00""}"
quotation_lines,22,"{""id"": ""22"", ""quotation_id"": ""11"", ""product_id"": ""23"", ""quantity"": ""1"", ""unit_price"": ""150.0"", ""discount_percent"": ""5.0"", ""discount_amount"": ""7.5"", ""line_subtotal"": ""142.5"", ""unit_cost"": ""40.0"", ""line_cost"": ""40.0"", ""line_margin"": ""102.5"", ""line_margin_percent"": ""71.93"", ""discount_limit_percent"": ""15.0"", ""discount_status"": ""OK"", ""created_at"": ""2025-08-22 09:00:00"", ""updated_at"": ""2025-08-22 09:00:00""}"
quotation_lines,23,"{""id"": ""23"", ""quotation_id"": ""11"", ""product_id"": ""24"", ""quantity"": ""1"", ""unit_price"": ""200.0"", ""discount_percent"": ""5.0"", ""discount_amount"": ""10.0"", ""line_subtotal"": ""190.0"", ""unit_cost"": ""60.0"", ""line_cost"": ""60.0"", ""line_margin"": ""130.0"", ""line_margin_percent"": ""68.42"", ""discount_limit_percent"": ""15.0"", ""discount_status"": ""OK"", ""created_at"": ""2025-08-22 09:00:00"", ""updated_at"": ""2025-08-22 09:00:00""}"
quotation_lines,24,"{""id"": ""24"", ""quotation_id"": ""12"", ""product_id"": ""1"", ""quantity"": ""1"", ""unit_price"": ""1200.0"", ""discount_percent"": ""22.0"", ""discount_amount"": ""264.0"", ""line_subtotal"": ""936.0"", ""unit_cost"": ""840.0"", ""line_cost"": ""840.0"", ""line_margin"": ""96.0"", ""line_margin_percent"": ""10.26"", ""discount_limit_percent"": ""15.0"", ""discount_status"": ""OVER_LIMIT"", ""created_at"": ""2025-08-25 09:00:00"", ""updated_at"": ""2025-08-25 09:00:00""}"
quotation_lines,25,"{""id"": ""25"", ""quotation_id"": ""12"", ""product_id"": ""2"", ""quantity"": ""1"", ""unit_price"": ""1550.0"", ""discount_percent"": ""5.0"", ""discount_amount"": ""77.5"", ""line_subtotal"": ""1472.5"", ""unit_cost"": ""1020.0"", ""line_cost"": ""1020.0"", ""line_margin"": ""452.5"", ""line_margin_percent"": ""30.73"", ""discount_limit_percent"": ""15.0"", ""discount_status"": ""OK"", ""created_at"": ""2025-08-25 09:00:00"", ""updated_at"": ""2025-08-25 09:00:00""}"
quotation_lines,26,"{""id"": ""26"", ""quotation_id"": ""13"", ""product_id"": ""3"", ""quantity"": ""1"", ""unit_price"": ""2100.0"", ""discount_percent"": ""5.0"", ""discount_amount"": ""105.0"", ""line_subtotal"": ""1995.0"", ""unit_cost"": ""1350.0"", ""line_cost"": ""1350.0"", ""line_margin"": ""645.0"", ""line_margin_percent"": ""32.33"", ""discount_limit_percent"": ""15.0"", ""discount_status"": ""OK"", ""created_at"": ""2025-08-28 09:00:00"", ""updated_at"": ""2025-08-28 09:00:00""}"
quotation_lines,27,"{""id"": ""27"", ""quotation_id"": ""13"", ""product_id"": ""4"", ""quantity"": ""1"", ""unit_price"": ""220.0"", ""discount_percent"": ""5.0"", ""discount_amount"": ""11.0"", ""line_subtotal"": ""209.0"", ""unit_cost"": ""150.0"", ""line_cost"": ""150.0"", ""line_margin"": ""59.0"", ""line_margin_percent"": ""28.23"", ""discount_limit_percent"": ""15.0"", ""discount_status"": ""OK"", ""created_at"": ""2025-08-28 09:00:00"", ""updated_at"": ""2025-08-28 09:00:00""}"
quotation_lines,28,"{""id"": ""28"", ""quotation_id"": ""14"", ""product_id"": ""5"", ""quantity"": ""1"", ""unit_price"": ""380.0"", ""discount_percent"": ""5.0"", ""discount_amount"": ""19.0"", ""line_subtotal"": ""361.0"", ""unit_cost"": ""240.0"", ""line_cost"": ""240.0"", ""line_margin"": ""121.0"", ""line_margin_percent"": ""33.52"", ""discount_limit_percent"": ""15.0"", ""discount_status"": ""OK"", ""created_at"": ""2025-08-31 09:00:00"", ""updated_at"": ""2025-08-31 09:00:00""}"
quotation_lines,29,"{""id"": ""29"", ""quotation_id"": ""14"", ""product_id"": ""6"", ""quantity"": ""1"", ""unit_price"": ""650.0"", ""discount_percent"": ""5.0"", ""discount_amount"": ""32.5"", ""line_subtotal"": ""617.5"", ""unit_cost"": ""400.0"", ""line_cost"": ""400.0"", ""line_margin"": ""217.5"", ""line_margin_percent"": ""35.22"", ""discount_limit_percent"": ""15.0"", ""discount_status"": ""OK"", ""created_at"": ""2025-08-31 09:00:00"", ""updated_at"": ""2025-08-31 09:00:00""}"
quotation_lines,30,"{""id"": ""30"", ""quotation_id"": ""15"", ""product_id"": ""7"", ""quantity"": ""1"", ""unit_price"": ""120.0"", ""discount_percent"": ""5.0"", ""discount_amount"": ""6.0"", ""line_subtotal"": ""114.0"", ""unit_cost"": ""40.0"", ""line_cost"": ""40.0"", ""line_margin"": ""74.0"", ""line_margin_percent"": ""64.91"", ""discount_limit_percent"": ""15.0"", ""discount_status"": ""OK"", ""created_at"": ""2025-09-03 09:00:00"", ""updated_at"": ""2025-09-03 09:00:00""}"
quotation_lines,31,"{""id"": ""31"", ""quotation_id"": ""15"", ""product_id"": ""8"", ""quantity"": ""1"", ""unit_price"": ""250.0"", ""discount_percent"": ""5.0"", ""discount_amount"": ""12.5"", ""line_subtotal"": ""237.5"", ""unit_cost"": ""75.0"", ""line_cost"": ""75.0"", ""line_margin"": ""162.5"", ""line_margin_percent"": ""68.42"", ""discount_limit_percent"": ""15.0"", ""discount_status"": ""OK"", ""created_at"": ""2025-09-03 09:00:00"", ""updated_at"": ""2025-09-03 09:00:00""}"
quotation_lines,32,"{""id"": ""32"", ""quotation_id"": ""16"", ""product_id"": ""9"", ""quantity"": ""1"", ""unit_price"": ""450.0"", ""discount_percent"": ""5.0"", ""discount_amount"": ""22.5"", ""line_subtotal"": ""427.5"", ""unit_cost"": ""120.0"", ""line_cost"": ""120.0"", ""line_margin"": ""307.5"", ""line_margin_percent"": ""71.93"", ""discount_limit_percent"": ""15.0"", ""discount_status"": ""OK"", ""created_at"": ""2025-09-06 09:00:00"", ""updated_at"": ""2025-09-06 09:00:00""}"
quotation_lines,33,"{""id"": ""33"", ""quotation_id"": ""16"", ""product_id"": ""10"", ""quantity"": ""1"", ""unit_price"": ""500.0"", ""discount_percent"": ""5.0"", ""discount_amount"": ""25.0"", ""line_subtotal"": ""475.0"", ""unit_cost"": ""340.0"", ""line_cost"": ""340.0"", ""line_margin"": ""135.0"", ""line_margin_percent"": ""28.42"", ""discount_limit_percent"": ""15.0"", ""discount_status"": ""OK"", ""created_at"": ""2025-09-06 09:00:00"", ""updated_at"": ""2025-09-06 09:00:00""}"
quotation_lines,34,"{""id"": ""34"", ""quotation_id"": ""17"", ""product_id"": ""11"", ""quantity"": ""1"", ""unit_price"": ""850.0"", ""discount_percent"": ""5.0"", ""discount_amount"": ""42.5"", ""line_subtotal"": ""807.5"", ""unit_cost"": ""530.0"", ""line_cost"": ""530.0"", ""line_margin"": ""277.5"", ""line_margin_percent"": ""34.37"", ""discount_limit_percent"": ""15.0"", ""discount_status"": ""OK"", ""created_at"": ""2025-09-09 09:00:00"", ""updated_at"": ""2025-09-09 09:00:00""}"
quotation_lines,35,"{""id"": ""35"", ""quotation_id"": ""17"", ""product_id"": ""12"", ""quantity"": ""1"", ""unit_price"": ""1400.0"", ""discount_percent"": ""5.0"", ""discount_amount"": ""70.0"", ""line_subtotal"": ""1330.0"", ""unit_cost"": ""820.0"", ""line_cost"": ""820.0"", ""line_margin"": ""510.0"", ""line_margin_percent"": ""38.35"", ""discount_limit_percent"": ""15.0"", ""discount_status"": ""OK"", ""created_at"": ""2025-09-09 09:00:00"", ""updated_at"": ""2025-09-09 09:00:00""}"
quotation_lines,36,"{""id"": ""36"", ""quotation_id"": ""18"", ""product_id"": ""13"", ""quantity"": ""1"", ""unit_price"": ""45.0"", ""discount_percent"": ""22.0"", ""discount_amount"": ""9.9"", ""line_subtotal"": ""35.1"", ""unit_cost"": ""18.0"", ""line_cost"": ""18.0"", ""line_margin"": ""17.1"", ""line_margin_percent"": ""48.72"", ""discount_limit_percent"": ""15.0"", ""discount_status"": ""OVER_LIMIT"", ""created_at"": ""2025-09-12 09:00:00"", ""updated_at"": ""2025-09-12 09:00:00""}"
quotation_lines,37,"{""id"": ""37"", ""quotation_id"": ""18"", ""product_id"": ""14"", ""quantity"": ""1"", ""unit_price"": ""95.0"", ""discount_percent"": ""5.0"", ""discount_amount"": ""4.75"", ""line_subtotal"": ""90.25"", ""unit_cost"": ""45.0"", ""line_cost"": ""45.0"", ""line_margin"": ""45.25"", ""line_margin_percent"": ""50.14"", ""discount_limit_percent"": ""15.0"", ""discount_status"": ""OK"", ""created_at"": ""2025-09-12 09:00:00"", ""updated_at"": ""2025-09-12 09:00:00""}"
quotation_lines,38,"{""id"": ""38"", ""quotation_id"": ""19"", ""product_id"": ""15"", ""quantity"": ""1"", ""unit_price"": ""180.0"", ""discount_percent"": ""5.0"", ""discount_amount"": ""9.0"", ""line_subtotal"": ""171.0"", ""unit_cost"": ""95.0"", ""line_cost"": ""95.0"", ""line_margin"": ""76.0"", ""line_margin_percent"": ""44.44"", ""discount_limit_percent"": ""15.0"", ""discount_status"": ""OK"", ""created_at"": ""2025-09-15 09:00:00"", ""updated_at"": ""2025-09-15 09:00:00""}"
quotation_lines,39,"{""id"": ""39"", ""quotation_id"": ""19"", ""product_id"": ""16"", ""quantity"": ""1"", ""unit_price"": ""65.0"", ""discount_percent"": ""5.0"", ""discount_amount"": ""3.25"", ""line_subtotal"": ""61.75"", ""unit_cost"": ""25.0"", ""line_cost"": ""25.0"", ""line_margin"": ""36.75"", ""line_margin_percent"": ""59.51"", ""discount_limit_percent"": ""15.0"", ""discount_status"": ""OK"", ""created_at"": ""2025-09-15 09:00:00"", ""updated_at"": ""2025-09-15 09:00:00""}"
quotation_lines,40,"{""id"": ""40"", ""quotation_id"": ""20"", ""product_id"": ""17"", ""quantity"": ""1"", ""unit_price"": ""110.0"", ""discount_percent"": ""5.0"", ""discount_amount"": ""5.5"", ""line_subtotal"": ""104.5"", ""unit_cost"": ""55.0"", ""line_cost"": ""55.0"", ""line_margin"": ""49.5"", ""line_margin_percent"": ""47.37"", ""discount_limit_percent"": ""15.0"", ""discount_status"": ""OK"", ""created_at"": ""2025-09-18 09:00:00"", ""updated_at"": ""2025-09-18 09:00:00""}"
quotation_lines,41,"{""id"": ""41"", ""quotation_id"": ""20"", ""product_id"": ""18"", ""quantity"": ""1"", ""unit_price"": ""75.0"", ""discount_percent"": ""5.0"", ""discount_amount"": ""3.75"", ""line_subtotal"": ""71.25"", ""unit_cost"": ""30.0"", ""line_cost"": ""30.0"", ""line_margin"": ""41.25"", ""line_margin_percent"": ""57.89"", ""discount_limit_percent"": ""15.0"", ""discount_status"": ""OK"", ""created_at"": ""2025-09-18 09:00:00"", ""updated_at"": ""2025-09-18 09:00:00""}"
quotation_lines,42,"{""id"": ""42"", ""quotation_id"": ""21"", ""product_id"": ""19"", ""quantity"": ""1"", ""unit_price"": ""450.0"", ""discount_percent"": ""5.0"", ""discount_amount"": ""22.5"", ""line_subtotal"": ""427.5"", ""unit_cost"": ""220.0"", ""line_cost"": ""220.0"", ""line_margin"": ""207.5"", ""line_margin_percent"": ""48.54"", ""discount_limit_percent"": ""15.0"", ""discount_status"": ""OK"", ""created_at"": ""2025-09-21 09:00:00"", ""updated_at"": ""2025-09-21 09:00:00""}"
quotation_lines,43,"{""id"": ""43"", ""quotation_id"": ""21"", ""product_id"": ""20"", ""quantity"": ""1"", ""unit_price"": ""600.0"", ""discount_percent"": ""5.0"", ""discount_amount"": ""30.0"", ""line_subtotal"": ""570.0"", ""unit_cost"": ""280.0"", ""line_cost"": ""280.0"", ""line_margin"": ""290.0"", ""line_margin_percent"": ""50.88"", ""discount_limit_percent"": ""15.0"", ""discount_status"": ""OK"", ""created_at"": ""2025-09-21 09:00:00"", ""updated_at"": ""2025-09-21 09:00:00""}"
quotation_lines,44,"{""id"": ""44"", ""quotation_id"": ""22"", ""product_id"": ""21"", ""quantity"": ""1"", ""unit_price"": ""750.0"", ""discount_percent"": ""5.0"", ""discount_amount"": ""37.5"", ""line_subtotal"": ""712.5"", ""unit_cost"": ""350.0"", ""line_cost"": ""350.0"", ""line_margin"": ""362.5"", ""line_margin_percent"": ""50.88"", ""discount_limit_percent"": ""15.0"", ""discount_status"": ""OK"", ""created_at"": ""2025-09-24 09:00:00"", ""updated_at"": ""2025-09-24 09:00:00""}"
quotation_lines,45,"{""id"": ""45"", ""quotation_id"": ""22"", ""product_id"": ""22"", ""quantity"": ""1"", ""unit_price"": ""180.0"", ""discount_percent"": ""5.0"", ""discount_amount"": ""9.0"", ""line_subtotal"": ""171.0"", ""unit_cost"": ""60.0"", ""line_cost"": ""60.0"", ""line_margin"": ""111.0"", ""line_margin_percent"": ""64.91"", ""discount_limit_percent"": ""15.0"", ""discount_status"": ""OK"", ""created_at"": ""2025-09-24 09:00:00"", ""updated_at"": ""2025-09-24 09:00:00""}"
quotation_lines,46,"{""id"": ""46"", ""quotation_id"": ""23"", ""product_id"": ""23"", ""quantity"": ""1"", ""unit_price"": ""150.0"", ""discount_percent"": ""5.0"", ""discount_amount"": ""7.5"", ""line_subtotal"": ""142.5"", ""unit_cost"": ""40.0"", ""line_cost"": ""40.0"", ""line_margin"": ""102.5"", ""line_margin_percent"": ""71.93"", ""discount_limit_percent"": ""15.0"", ""discount_status"": ""OK"", ""created_at"": ""2025-09-27 09:00:00"", ""updated_at"": ""2025-09-27 09:00:00""}"
quotation_lines,47,"{""id"": ""47"", ""quotation_id"": ""23"", ""product_id"": ""24"", ""quantity"": ""1"", ""unit_price"": ""200.0"", ""discount_percent"": ""5.0"", ""discount_amount"": ""10.0"", ""line_subtotal"": ""190.0"", ""unit_cost"": ""60.0"", ""line_cost"": ""60.0"", ""line_margin"": ""130.0"", ""line_margin_percent"": ""68.42"", ""discount_limit_percent"": ""15.0"", ""discount_status"": ""OK"", ""created_at"": ""2025-09-27 09:00:00"", ""updated_at"": ""2025-09-27 09:00:00""}"
quotation_lines,48,"{""id"": ""48"", ""quotation_id"": ""24"", ""product_id"": ""1"", ""quantity"": ""1"", ""unit_price"": ""1200.0"", ""discount_percent"": ""5.0"", ""discount_amount"": ""60.0"", ""line_subtotal"": ""1140.0"", ""unit_cost"": ""840.0"", ""line_cost"": ""840.0"", ""line_margin"": ""300.0"", ""line_margin_percent"": ""26.32"", ""discount_limit_percent"": ""15.0"", ""discount_status"": ""OK"", ""created_at"": ""2025-09-30 09:00:00"", ""updated_at"": ""2025-09-30 09:00:00""}"
quotation_lines,49,"{""id"": ""49"", ""quotation_id"": ""24"", ""product_id"": ""2"", ""quantity"": ""1"", ""unit_price"": ""1550.0"", ""discount_percent"": ""5.0"", ""discount_amount"": ""77.5"", ""line_subtotal"": ""1472.5"", ""unit_cost"": ""1020.0"", ""line_cost"": ""1020.0"", ""line_margin"": ""452.5"", ""line_margin_percent"": ""30.73"", ""discount_limit_percent"": ""15.0"", ""discount_status"": ""OK"", ""created_at"": ""2025-09-30 09:00:00"", ""updated_at"": ""2025-09-30 09:00:00""}"
quotation_lines,50,"{""id"": ""50"", ""quotation_id"": ""25"", ""product_id"": ""3"", ""quantity"": ""1"", ""unit_price"": ""2100.0"", ""discount_percent"": ""22.0"", ""discount_amount"": ""462.0"", ""line_subtotal"": ""1638.0"", ""unit_cost"": ""1350.0"", ""line_cost"": ""1350.0"", ""line_margin"": ""288.0"", ""line_margin_percent"": ""17.58"", ""discount_limit_percent"": ""15.0"", ""discount_status"": ""OVER_LIMIT"", ""created_at"": ""2025-10-03 09:00:00"", ""updated_at"": ""2025-10-03 09:00:00""}"
quotation_lines,51,"{""id"": ""51"", ""quotation_id"": ""25"", ""product_id"": ""4"", ""quantity"": ""1"", ""unit_price"": ""220.0"", ""discount_percent"": ""5.0"", ""discount_amount"": ""11.0"", ""line_subtotal"": ""209.0"", ""unit_cost"": ""150.0"", ""line_cost"": ""150.0"", ""line_margin"": ""59.0"", ""line_margin_percent"": ""28.23"", ""discount_limit_percent"": ""15.0"", ""discount_status"": ""OK"", ""created_at"": ""2025-10-03 09:00:00"", ""updated_at"": ""2025-10-03 09:00:00""}"
quotation_lines,52,"{""id"": ""52"", ""quotation_id"": ""26"", ""product_id"": ""5"", ""quantity"": ""1"", ""unit_price"": ""380.0"", ""discount_percent"": ""5.0"", ""discount_amount"": ""19.0"", ""line_subtotal"": ""361.0"", ""unit_cost"": ""240.0"", ""line_cost"": ""240.0"", ""line_margin"": ""121.0"", ""line_margin_percent"": ""33.52"", ""discount_limit_percent"": ""15.0"", ""discount_status"": ""OK"", ""created_at"": ""2025-10-06 09:00:00"", ""updated_at"": ""2025-10-06 09:00:00""}"
quotation_lines,53,"{""id"": ""53"", ""quotation_id"": ""26"", ""product_id"": ""6"", ""quantity"": ""1"", ""unit_price"": ""650.0"", ""discount_percent"": ""5.0"", ""discount_amount"": ""32.5"", ""line_subtotal"": ""617.5"", ""unit_cost"": ""400.0"", ""line_cost"": ""400.0"", ""line_margin"": ""217.5"", ""line_margin_percent"": ""35.22"", ""discount_limit_percent"": ""15.0"", ""discount_status"": ""OK"", ""created_at"": ""2025-10-06 09:00:00"", ""updated_at"": ""2025-10-06 09:00:00""}"
quotation_lines,54,"{""id"": ""54"", ""quotation_id"": ""27"", ""product_id"": ""7"", ""quantity"": ""1"", ""unit_price"": ""120.0"", ""discount_percent"": ""5.0"", ""discount_amount"": ""6.0"", ""line_subtotal"": ""114.0"", ""unit_cost"": ""40.0"", ""line_cost"": ""40.0"", ""line_margin"": ""74.0"", ""line_margin_percent"": ""64.91"", ""discount_limit_percent"": ""15.0"", ""discount_status"": ""OK"", ""created_at"": ""2025-10-09 09:00:00"", ""updated_at"": ""2025-10-09 09:00:00""}"
quotation_lines,55,"{""id"": ""55"", ""quotation_id"": ""27"", ""product_id"": ""8"", ""quantity"": ""1"", ""unit_price"": ""250.0"", ""discount_percent"": ""5.0"", ""discount_amount"": ""12.5"", ""line_subtotal"": ""237.5"", ""unit_cost"": ""75.0"", ""line_cost"": ""75.0"", ""line_margin"": ""162.5"", ""line_margin_percent"": ""68.42"", ""discount_limit_percent"": ""15.0"", ""discount_status"": ""OK"", ""created_at"": ""2025-10-09 09:00:00"", ""updated_at"": ""2025-10-09 09:00:00""}"
quotation_lines,56,"{""id"": ""56"", ""quotation_id"": ""28"", ""product_id"": ""9"", ""quantity"": ""1"", ""unit_price"": ""450.0"", ""discount_percent"": ""5.0"", ""discount_amount"": ""22.5"", ""line_subtotal"": ""427.5"", ""unit_cost"": ""120.0"", ""line_cost"": ""120.0"", ""line_margin"": ""307.5"", ""line_margin_percent"": ""71.93"", ""discount_limit_percent"": ""15.0"", ""discount_status"": ""OK"", ""created_at"": ""2025-10-12 09:00:00"", ""updated_at"": ""2025-10-12 09:00:00""}"
quotation_lines,57,"{""id"": ""57"", ""quotation_id"": ""28"", ""product_id"": ""10"", ""quantity"": ""1"", ""unit_price"": ""500.0"", ""discount_percent"": ""5.0"", ""discount_amount"": ""25.0"", ""line_subtotal"": ""475.0"", ""unit_cost"": ""340.0"", ""line_cost"": ""340.0"", ""line_margin"": ""135.0"", ""line_margin_percent"": ""28.42"", ""discount_limit_percent"": ""15.0"", ""discount_status"": ""OK"", ""created_at"": ""2025-10-12 09:00:00"", ""updated_at"": ""2025-10-12 09:00:00""}"
quotation_lines,58,"{""id"": ""58"", ""quotation_id"": ""29"", ""product_id"": ""11"", ""quantity"": ""1"", ""unit_price"": ""850.0"", ""discount_percent"": ""5.0"", ""discount_amount"": ""42.5"", ""line_subtotal"": ""807.5"", ""unit_cost"": ""530.0"", ""line_cost"": ""530.0"", ""line_margin"": ""277.5"", ""line_margin_percent"": ""34.37"", ""discount_limit_percent"": ""15.0"", ""discount_status"": ""OK"", ""created_at"": ""2025-10-15 09:00:00"", ""updated_at"": ""2025-10-15 09:00:00""}"
quotation_lines,59,"{""id"": ""59"", ""quotation_id"": ""29"", ""product_id"": ""12"", ""quantity"": ""1"", ""unit_price"": ""1400.0"", ""discount_percent"": ""5.0"", ""discount_amount"": ""70.0"", ""line_subtotal"": ""1330.0"", ""unit_cost"": ""820.0"", ""line_cost"": ""820.0"", ""line_margin"": ""510.0"", ""line_margin_percent"": ""38.35"", ""discount_limit_percent"": ""15.0"", ""discount_status"": ""OK"", ""created_at"": ""2025-10-15 09:00:00"", ""updated_at"": ""2025-10-15 09:00:00""}"
quotation_lines,60,"{""id"": ""60"", ""quotation_id"": ""30"", ""product_id"": ""13"", ""quantity"": ""1"", ""unit_price"": ""45.0"", ""discount_percent"": ""5.0"", ""discount_amount"": ""2.25"", ""line_subtotal"": ""42.75"", ""unit_cost"": ""18.0"", ""line_cost"": ""18.0"", ""line_margin"": ""24.75"", ""line_margin_percent"": ""57.89"", ""discount_limit_percent"": ""15.0"", ""discount_status"": ""OK"", ""created_at"": ""2025-10-18 09:00:00"", ""updated_at"": ""2025-10-18 09:00:00""}"
quotation_lines,61,"{""id"": ""61"", ""quotation_id"": ""30"", ""product_id"": ""14"", ""quantity"": ""1"", ""unit_price"": ""95.0"", ""discount_percent"": ""5.0"", ""discount_amount"": ""4.75"", ""line_subtotal"": ""90.25"", ""unit_cost"": ""45.0"", ""line_cost"": ""45.0"", ""line_margin"": ""45.25"", ""line_margin_percent"": ""50.14"", ""discount_limit_percent"": ""15.0"", ""discount_status"": ""OK"", ""created_at"": ""2025-10-18 09:00:00"", ""updated_at"": ""2025-10-18 09:00:00""}"
quotation_lines,62,"{""id"": ""62"", ""quotation_id"": ""31"", ""product_id"": ""15"", ""quantity"": ""1"", ""unit_price"": ""180.0"", ""discount_percent"": ""5.0"", ""discount_amount"": ""9.0"", ""line_subtotal"": ""171.0"", ""unit_cost"": ""95.0"", ""line_cost"": ""95.0"", ""line_margin"": ""76.0"", ""line_margin_percent"": ""44.44"", ""discount_limit_percent"": ""15.0"", ""discount_status"": ""OK"", ""created_at"": ""2025-10-21 09:00:00"", ""updated_at"": ""2025-10-21 09:00:00""}"
quotation_lines,63,"{""id"": ""63"", ""quotation_id"": ""31"", ""product_id"": ""16"", ""quantity"": ""1"", ""unit_price"": ""65.0"", ""discount_percent"": ""5.0"", ""discount_amount"": ""3.25"", ""line_subtotal"": ""61.75"", ""unit_cost"": ""25.0"", ""line_cost"": ""25.0"", ""line_margin"": ""36.75"", ""line_margin_percent"": ""59.51"", ""discount_limit_percent"": ""15.0"", ""discount_status"": ""OK"", ""created_at"": ""2025-10-21 09:00:00"", ""updated_at"": ""2025-10-21 09:00:00""}"
quotation_lines,64,"{""id"": ""64"", ""quotation_id"": ""32"", ""product_id"": ""17"", ""quantity"": ""1"", ""unit_price"": ""110.0"", ""discount_percent"": ""5.0"", ""discount_amount"": ""5.5"", ""line_subtotal"": ""104.5"", ""unit_cost"": ""55.0"", ""line_cost"": ""55.0"", ""line_margin"": ""49.5"", ""line_margin_percent"": ""47.37"", ""discount_limit_percent"": ""15.0"", ""discount_status"": ""OK"", ""created_at"": ""2025-10-24 09:00:00"", ""updated_at"": ""2025-10-24 09:00:00""}"
quotation_lines,65,"{""id"": ""65"", ""quotation_id"": ""32"", ""product_id"": ""18"", ""quantity"": ""1"", ""unit_price"": ""75.0"", ""discount_percent"": ""5.0"", ""discount_amount"": ""3.75"", ""line_subtotal"": ""71.25"", ""unit_cost"": ""30.0"", ""line_cost"": ""30.0"", ""line_margin"": ""41.25"", ""line_margin_percent"": ""57.89"", ""discount_limit_percent"": ""15.0"", ""discount_status"": ""OK"", ""created_at"": ""2025-10-24 09:00:00"", ""updated_at"": ""2025-10-24 09:00:00""}"
quotation_lines,66,"{""id"": ""66"", ""quotation_id"": ""33"", ""product_id"": ""19"", ""quantity"": ""1"", ""unit_price"": ""450.0"", ""discount_percent"": ""22.0"", ""discount_amount"": ""99.0"", ""line_subtotal"": ""351.0"", ""unit_cost"": ""220.0"", ""line_cost"": ""220.0"", ""line_margin"": ""131.0"", ""line_margin_percent"": ""37.32"", ""discount_limit_percent"": ""15.0"", ""discount_status"": ""OVER_LIMIT"", ""created_at"": ""2025-10-27 09:00:00"", ""updated_at"": ""2025-10-27 09:00:00""}"
quotation_lines,67,"{""id"": ""67"", ""quotation_id"": ""33"", ""product_id"": ""20"", ""quantity"": ""1"", ""unit_price"": ""600.0"", ""discount_percent"": ""5.0"", ""discount_amount"": ""30.0"", ""line_subtotal"": ""570.0"", ""unit_cost"": ""280.0"", ""line_cost"": ""280.0"", ""line_margin"": ""290.0"", ""line_margin_percent"": ""50.88"", ""discount_limit_percent"": ""15.0"", ""discount_status"": ""OK"", ""created_at"": ""2025-10-27 09:00:00"", ""updated_at"": ""2025-10-27 09:00:00""}"
quotation_lines,68,"{""id"": ""68"", ""quotation_id"": ""34"", ""product_id"": ""21"", ""quantity"": ""1"", ""unit_price"": ""750.0"", ""discount_percent"": ""5.0"", ""discount_amount"": ""37.5"", ""line_subtotal"": ""712.5"", ""unit_cost"": ""350.0"", ""line_cost"": ""350.0"", ""line_margin"": ""362.5"", ""line_margin_percent"": ""50.88"", ""discount_limit_percent"": ""15.0"", ""discount_status"": ""OK"", ""created_at"": ""2025-10-30 09:00:00"", ""updated_at"": ""2025-10-30 09:00:00""}"
quotation_lines,69,"{""id"": ""69"", ""quotation_id"": ""34"", ""product_id"": ""22"", ""quantity"": ""1"", ""unit_price"": ""180.0"", ""discount_percent"": ""5.0"", ""discount_amount"": ""9.0"", ""line_subtotal"": ""171.0"", ""unit_cost"": ""60.0"", ""line_cost"": ""60.0"", ""line_margin"": ""111.0"", ""line_margin_percent"": ""64.91"", ""discount_limit_percent"": ""15.0"", ""discount_status"": ""OK"", ""created_at"": ""2025-10-30 09:00:00"", ""updated_at"": ""2025-10-30 09:00:00""}"
quotation_lines,70,"{""id"": ""70"", ""quotation_id"": ""35"", ""product_id"": ""23"", ""quantity"": ""1"", ""unit_price"": ""150.0"", ""discount_percent"": ""5.0"", ""discount_amount"": ""7.5"", ""line_subtotal"": ""142.5"", ""unit_cost"": ""40.0"", ""line_cost"": ""40.0"", ""line_margin"": ""102.5"", ""line_margin_percent"": ""71.93"", ""discount_limit_percent"": ""15.0"", ""discount_status"": ""OK"", ""created_at"": ""2025-11-02 09:00:00"", ""updated_at"": ""2025-11-02 09:00:00""}"
quotation_lines,71,"{""id"": ""71"", ""quotation_id"": ""35"", ""product_id"": ""24"", ""quantity"": ""1"", ""unit_price"": ""200.0"", ""discount_percent"": ""5.0"", ""discount_amount"": ""10.0"", ""line_subtotal"": ""190.0"", ""unit_cost"": ""60.0"", ""line_cost"": ""60.0"", ""line_margin"": ""130.0"", ""line_margin_percent"": ""68.42"", ""discount_limit_percent"": ""15.0"", ""discount_status"": ""OK"", ""created_at"": ""2025-11-02 09:00:00"", ""updated_at"": ""2025-11-02 09:00:00""}"
quotation_lines,72,"{""id"": ""72"", ""quotation_id"": ""36"", ""product_id"": ""1"", ""quantity"": ""1"", ""unit_price"": ""1200.0"", ""discount_percent"": ""5.0"", ""discount_amount"": ""60.0"", ""line_subtotal"": ""1140.0"", ""unit_cost"": ""840.0"", ""line_cost"": ""840.0"", ""line_margin"": ""300.0"", ""line_margin_percent"": ""26.32"", ""discount_limit_percent"": ""15.0"", ""discount_status"": ""OK"", ""created_at"": ""2025-11-05 09:00:00"", ""updated_at"": ""2025-11-05 09:00:00""}"
quotation_lines,73,"{""id"": ""73"", ""quotation_id"": ""36"", ""product_id"": ""2"", ""quantity"": ""1"", ""unit_price"": ""1550.0"", ""discount_percent"": ""5.0"", ""discount_amount"": ""77.5"", ""line_subtotal"": ""1472.5"", ""unit_cost"": ""1020.0"", ""line_cost"": ""1020.0"", ""line_margin"": ""452.5"", ""line_margin_percent"": ""30.73"", ""discount_limit_percent"": ""15.0"", ""discount_status"": ""OK"", ""created_at"": ""2025-11-05 09:00:00"", ""updated_at"": ""2025-11-05 09:00:00""}"
quotation_lines,74,"{""id"": ""74"", ""quotation_id"": ""37"", ""product_id"": ""3"", ""quantity"": ""1"", ""unit_price"": ""2100.0"", ""discount_percent"": ""5.0"", ""discount_amount"": ""105.0"", ""line_subtotal"": ""1995.0"", ""unit_cost"": ""1350.0"", ""line_cost"": ""1350.0"", ""line_margin"": ""645.0"", ""line_margin_percent"": ""32.33"", ""discount_limit_percent"": ""15.0"", ""discount_status"": ""OK"", ""created_at"": ""2025-11-08 09:00:00"", ""updated_at"": ""2025-11-08 09:00:00""}"
quotation_lines,75,"{""id"": ""75"", ""quotation_id"": ""37"", ""product_id"": ""4"", ""quantity"": ""1"", ""unit_price"": ""220.0"", ""discount_percent"": ""5.0"", ""discount_amount"": ""11.0"", ""line_subtotal"": ""209.0"", ""unit_cost"": ""150.0"", ""line_cost"": ""150.0"", ""line_margin"": ""59.0"", ""line_margin_percent"": ""28.23"", ""discount_limit_percent"": ""15.0"", ""discount_status"": ""OK"", ""created_at"": ""2025-11-08 09:00:00"", ""updated_at"": ""2025-11-08 09:00:00""}"
quotation_lines,76,"{""id"": ""76"", ""quotation_id"": ""38"", ""product_id"": ""5"", ""quantity"": ""1"", ""unit_price"": ""380.0"", ""discount_percent"": ""5.0"", ""discount_amount"": ""19.0"", ""line_subtotal"": ""361.0"", ""unit_cost"": ""240.0"", ""line_cost"": ""240.0"", ""line_margin"": ""121.0"", ""line_margin_percent"": ""33.52"", ""discount_limit_percent"": ""15.0"", ""discount_status"": ""OK"", ""created_at"": ""2025-11-11 09:00:00"", ""updated_at"": ""2025-11-11 09:00:00""}"
quotation_lines,77,"{""id"": ""77"", ""quotation_id"": ""38"", ""product_id"": ""6"", ""quantity"": ""1"", ""unit_price"": ""650.0"", ""discount_percent"": ""5.0"", ""discount_amount"": ""32.5"", ""line_subtotal"": ""617.5"", ""unit_cost"": ""400.0"", ""line_cost"": ""400.0"", ""line_margin"": ""217.5"", ""line_margin_percent"": ""35.22"", ""discount_limit_percent"": ""15.0"", ""discount_status"": ""OK"", ""created_at"": ""2025-11-11 09:00:00"", ""updated_at"": ""2025-11-11 09:00:00""}"
quotation_lines,78,"{""id"": ""78"", ""quotation_id"": ""39"", ""product_id"": ""7"", ""quantity"": ""1"", ""unit_price"": ""120.0"", ""discount_percent"": ""5.0"", ""discount_amount"": ""6.0"", ""line_subtotal"": ""114.0"", ""unit_cost"": ""40.0"", ""line_cost"": ""40.0"", ""line_margin"": ""74.0"", ""line_margin_percent"": ""64.91"", ""discount_limit_percent"": ""15.0"", ""discount_status"": ""OK"", ""created_at"": ""2025-11-14 09:00:00"", ""updated_at"": ""2025-11-14 09:00:00""}"
quotation_lines,79,"{""id"": ""79"", ""quotation_id"": ""39"", ""product_id"": ""8"", ""quantity"": ""1"", ""unit_price"": ""250.0"", ""discount_percent"": ""5.0"", ""discount_amount"": ""12.5"", ""line_subtotal"": ""237.5"", ""unit_cost"": ""75.0"", ""line_cost"": ""75.0"", ""line_margin"": ""162.5"", ""line_margin_percent"": ""68.42"", ""discount_limit_percent"": ""15.0"", ""discount_status"": ""OK"", ""created_at"": ""2025-11-14 09:00:00"", ""updated_at"": ""2025-11-14 09:00:00""}"
quotation_lines,80,"{""id"": ""80"", ""quotation_id"": ""40"", ""product_id"": ""9"", ""quantity"": ""1"", ""unit_price"": ""450.0"", ""discount_percent"": ""5.0"", ""discount_amount"": ""22.5"", ""line_subtotal"": ""427.5"", ""unit_cost"": ""120.0"", ""line_cost"": ""120.0"", ""line_margin"": ""307.5"", ""line_margin_percent"": ""71.93"", ""discount_limit_percent"": ""15.0"", ""discount_status"": ""OK"", ""created_at"": ""2025-11-17 09:00:00"", ""updated_at"": ""2025-11-17 09:00:00""}"
quotation_lines,81,"{""id"": ""81"", ""quotation_id"": ""40"", ""product_id"": ""10"", ""quantity"": ""1"", ""unit_price"": ""500.0"", ""discount_percent"": ""5.0"", ""discount_amount"": ""25.0"", ""line_subtotal"": ""475.0"", ""unit_cost"": ""340.0"", ""line_cost"": ""340.0"", ""line_margin"": ""135.0"", ""line_margin_percent"": ""28.42"", ""discount_limit_percent"": ""15.0"", ""discount_status"": ""OK"", ""created_at"": ""2025-11-17 09:00:00"", ""updated_at"": ""2025-11-17 09:00:00""}"
quotation_lines,82,"{""id"": ""82"", ""quotation_id"": ""41"", ""product_id"": ""11"", ""quantity"": ""1"", ""unit_price"": ""850.0"", ""discount_percent"": ""22.0"", ""discount_amount"": ""187.0"", ""line_subtotal"": ""663.0"", ""unit_cost"": ""530.0"", ""line_cost"": ""530.0"", ""line_margin"": ""133.0"", ""line_margin_percent"": ""20.06"", ""discount_limit_percent"": ""15.0"", ""discount_status"": ""OVER_LIMIT"", ""created_at"": ""2025-11-20 09:00:00"", ""updated_at"": ""2025-11-20 09:00:00""}"
quotation_lines,83,"{""id"": ""83"", ""quotation_id"": ""41"", ""product_id"": ""12"", ""quantity"": ""1"", ""unit_price"": ""1400.0"", ""discount_percent"": ""5.0"", ""discount_amount"": ""70.0"", ""line_subtotal"": ""1330.0"", ""unit_cost"": ""820.0"", ""line_cost"": ""820.0"", ""line_margin"": ""510.0"", ""line_margin_percent"": ""38.35"", ""discount_limit_percent"": ""15.0"", ""discount_status"": ""OK"", ""created_at"": ""2025-11-20 09:00:00"", ""updated_at"": ""2025-11-20 09:00:00""}"
quotation_lines,84,"{""id"": ""84"", ""quotation_id"": ""42"", ""product_id"": ""13"", ""quantity"": ""1"", ""unit_price"": ""45.0"", ""discount_percent"": ""5.0"", ""discount_amount"": ""2.25"", ""line_subtotal"": ""42.75"", ""unit_cost"": ""18.0"", ""line_cost"": ""18.0"", ""line_margin"": ""24.75"", ""line_margin_percent"": ""57.89"", ""discount_limit_percent"": ""15.0"", ""discount_status"": ""OK"", ""created_at"": ""2025-11-23 09:00:00"", ""updated_at"": ""2025-11-23 09:00:00""}"
quotation_lines,85,"{""id"": ""85"", ""quotation_id"": ""42"", ""product_id"": ""14"", ""quantity"": ""1"", ""unit_price"": ""95.0"", ""discount_percent"": ""5.0"", ""discount_amount"": ""4.75"", ""line_subtotal"": ""90.25"", ""unit_cost"": ""45.0"", ""line_cost"": ""45.0"", ""line_margin"": ""45.25"", ""line_margin_percent"": ""50.14"", ""discount_limit_percent"": ""15.0"", ""discount_status"": ""OK"", ""created_at"": ""2025-11-23 09:00:00"", ""updated_at"": ""2025-11-23 09:00:00""}"
quotation_lines,86,"{""id"": ""86"", ""quotation_id"": ""43"", ""product_id"": ""15"", ""quantity"": ""1"", ""unit_price"": ""180.0"", ""discount_percent"": ""5.0"", ""discount_amount"": ""9.0"", ""line_subtotal"": ""171.0"", ""unit_cost"": ""95.0"", ""line_cost"": ""95.0"", ""line_margin"": ""76.0"", ""line_margin_percent"": ""44.44"", ""discount_limit_percent"": ""15.0"", ""discount_status"": ""OK"", ""created_at"": ""2025-11-26 09:00:00"", ""updated_at"": ""2025-11-26 09:00:00""}"
quotation_lines,87,"{""id"": ""87"", ""quotation_id"": ""43"", ""product_id"": ""16"", ""quantity"": ""1"", ""unit_price"": ""65.0"", ""discount_percent"": ""5.0"", ""discount_amount"": ""3.25"", ""line_subtotal"": ""61.75"", ""unit_cost"": ""25.0"", ""line_cost"": ""25.0"", ""line_margin"": ""36.75"", ""line_margin_percent"": ""59.51"", ""discount_limit_percent"": ""15.0"", ""discount_status"": ""OK"", ""created_at"": ""2025-11-26 09:00:00"", ""updated_at"": ""2025-11-26 09:00:00""}"
quotation_lines,88,"{""id"": ""88"", ""quotation_id"": ""44"", ""product_id"": ""17"", ""quantity"": ""1"", ""unit_price"": ""110.0"", ""discount_percent"": ""5.0"", ""discount_amount"": ""5.5"", ""line_subtotal"": ""104.5"", ""unit_cost"": ""55.0"", ""line_cost"": ""55.0"", ""line_margin"": ""49.5"", ""line_margin_percent"": ""47.37"", ""discount_limit_percent"": ""15.0"", ""discount_status"": ""OK"", ""created_at"": ""2025-11-29 09:00:00"", ""updated_at"": ""2025-11-29 09:00:00""}"
quotation_lines,89,"{""id"": ""89"", ""quotation_id"": ""44"", ""product_id"": ""18"", ""quantity"": ""1"", ""unit_price"": ""75.0"", ""discount_percent"": ""5.0"", ""discount_amount"": ""3.75"", ""line_subtotal"": ""71.25"", ""unit_cost"": ""30.0"", ""line_cost"": ""30.0"", ""line_margin"": ""41.25"", ""line_margin_percent"": ""57.89"", ""discount_limit_percent"": ""15.0"", ""discount_status"": ""OK"", ""created_at"": ""2025-11-29 09:00:00"", ""updated_at"": ""2025-11-29 09:00:00""}"
quotation_lines,90,"{""id"": ""90"", ""quotation_id"": ""45"", ""product_id"": ""19"", ""quantity"": ""1"", ""unit_price"": ""450.0"", ""discount_percent"": ""5.0"", ""discount_amount"": ""22.5"", ""line_subtotal"": ""427.5"", ""unit_cost"": ""220.0"", ""line_cost"": ""220.0"", ""line_margin"": ""207.5"", ""line_margin_percent"": ""48.54"", ""discount_limit_percent"": ""15.0"", ""discount_status"": ""OK"", ""created_at"": ""2025-12-02 09:00:00"", ""updated_at"": ""2025-12-02 09:00:00""}"
quotation_lines,91,"{""id"": ""91"", ""quotation_id"": ""45"", ""product_id"": ""20"", ""quantity"": ""1"", ""unit_price"": ""600.0"", ""discount_percent"": ""5.0"", ""discount_amount"": ""30.0"", ""line_subtotal"": ""570.0"", ""unit_cost"": ""280.0"", ""line_cost"": ""280.0"", ""line_margin"": ""290.0"", ""line_margin_percent"": ""50.88"", ""discount_limit_percent"": ""15.0"", ""discount_status"": ""OK"", ""created_at"": ""2025-12-02 09:00:00"", ""updated_at"": ""2025-12-02 09:00:00""}"
quotation_lines,92,"{""id"": ""92"", ""quotation_id"": ""46"", ""product_id"": ""21"", ""quantity"": ""1"", ""unit_price"": ""750.0"", ""discount_percent"": ""5.0"", ""discount_amount"": ""37.5"", ""line_subtotal"": ""712.5"", ""unit_cost"": ""350.0"", ""line_cost"": ""350.0"", ""line_margin"": ""362.5"", ""line_margin_percent"": ""50.88"", ""discount_limit_percent"": ""15.0"", ""discount_status"": ""OK"", ""created_at"": ""2025-12-05 09:00:00"", ""updated_at"": ""2025-12-05 09:00:00""}"
quotation_lines,93,"{""id"": ""93"", ""quotation_id"": ""46"", ""product_id"": ""22"", ""quantity"": ""1"", ""unit_price"": ""180.0"", ""discount_percent"": ""5.0"", ""discount_amount"": ""9.0"", ""line_subtotal"": ""171.0"", ""unit_cost"": ""60.0"", ""line_cost"": ""60.0"", ""line_margin"": ""111.0"", ""line_margin_percent"": ""64.91"", ""discount_limit_percent"": ""15.0"", ""discount_status"": ""OK"", ""created_at"": ""2025-12-05 09:00:00"", ""updated_at"": ""2025-12-05 09:00:00""}"
quotation_lines,94,"{""id"": ""94"", ""quotation_id"": ""47"", ""product_id"": ""23"", ""quantity"": ""1"", ""unit_price"": ""150.0"", ""discount_percent"": ""22.0"", ""discount_amount"": ""33.0"", ""line_subtotal"": ""117.0"", ""unit_cost"": ""40.0"", ""line_cost"": ""40.0"", ""line_margin"": ""77.0"", ""line_margin_percent"": ""65.81"", ""discount_limit_percent"": ""15.0"", ""discount_status"": ""OVER_LIMIT"", ""created_at"": ""2025-12-08 09:00:00"", ""updated_at"": ""2025-12-08 09:00:00""}"
quotation_lines,95,"{""id"": ""95"", ""quotation_id"": ""47"", ""product_id"": ""24"", ""quantity"": ""1"", ""unit_price"": ""200.0"", ""discount_percent"": ""5.0"", ""discount_amount"": ""10.0"", ""line_subtotal"": ""190.0"", ""unit_cost"": ""60.0"", ""line_cost"": ""60.0"", ""line_margin"": ""130.0"", ""line_margin_percent"": ""68.42"", ""discount_limit_percent"": ""15.0"", ""discount_status"": ""OK"", ""created_at"": ""2025-12-08 09:00:00"", ""updated_at"": ""2025-12-08 09:00:00""}"
quotation_lines,96,"{""id"": ""96"", ""quotation_id"": ""48"", ""product_id"": ""1"", ""quantity"": ""1"", ""unit_price"": ""1200.0"", ""discount_percent"": ""5.0"", ""discount_amount"": ""60.0"", ""line_subtotal"": ""1140.0"", ""unit_cost"": ""840.0"", ""line_cost"": ""840.0"", ""line_margin"": ""300.0"", ""line_margin_percent"": ""26.32"", ""discount_limit_percent"": ""15.0"", ""discount_status"": ""OK"", ""created_at"": ""2025-12-11 09:00:00"", ""updated_at"": ""2025-12-11 09:00:00""}"
quotation_lines,97,"{""id"": ""97"", ""quotation_id"": ""48"", ""product_id"": ""2"", ""quantity"": ""1"", ""unit_price"": ""1550.0"", ""discount_percent"": ""5.0"", ""discount_amount"": ""77.5"", ""line_subtotal"": ""1472.5"", ""unit_cost"": ""1020.0"", ""line_cost"": ""1020.0"", ""line_margin"": ""452.5"", ""line_margin_percent"": ""30.73"", ""discount_limit_percent"": ""15.0"", ""discount_status"": ""OK"", ""created_at"": ""2025-12-11 09:00:00"", ""updated_at"": ""2025-12-11 09:00:00""}"
quotation_lines,98,"{""id"": ""98"", ""quotation_id"": ""49"", ""product_id"": ""3"", ""quantity"": ""1"", ""unit_price"": ""2100.0"", ""discount_percent"": ""5.0"", ""discount_amount"": ""105.0"", ""line_subtotal"": ""1995.0"", ""unit_cost"": ""1350.0"", ""line_cost"": ""1350.0"", ""line_margin"": ""645.0"", ""line_margin_percent"": ""32.33"", ""discount_limit_percent"": ""15.0"", ""discount_status"": ""OK"", ""created_at"": ""2025-12-14 09:00:00"", ""updated_at"": ""2025-12-14 09:00:00""}"
quotation_lines,99,"{""id"": ""99"", ""quotation_id"": ""49"", ""product_id"": ""4"", ""quantity"": ""1"", ""unit_price"": ""220.0"", ""discount_percent"": ""5.0"", ""discount_amount"": ""11.0"", ""line_subtotal"": ""209.0"", ""unit_cost"": ""150.0"", ""line_cost"": ""150.0"", ""line_margin"": ""59.0"", ""line_margin_percent"": ""28.23"", ""discount_limit_percent"": ""15.0"", ""discount_status"": ""OK"", ""created_at"": ""2025-12-14 09:00:00"", ""updated_at"": ""2025-12-14 09:00:00""}"
quotation_lines,100,"{""id"": ""100"", ""quotation_id"": ""50"", ""product_id"": ""5"", ""quantity"": ""1"", ""unit_price"": ""380.0"", ""discount_percent"": ""5.0"", ""discount_amount"": ""19.0"", ""line_subtotal"": ""361.0"", ""unit_cost"": ""240.0"", ""line_cost"": ""240.0"", ""line_margin"": ""121.0"", ""line_margin_percent"": ""33.52"", ""discount_limit_percent"": ""15.0"", ""discount_status"": ""OK"", ""created_at"": ""2025-12-17 09:00:00"", ""updated_at"": ""2025-12-17 09:00:00""}"
quotation_lines,101,"{""id"": ""101"", ""quotation_id"": ""50"", ""product_id"": ""6"", ""quantity"": ""1"", ""unit_price"": ""650.0"", ""discount_percent"": ""5.0"", ""discount_amount"": ""32.5"", ""line_subtotal"": ""617.5"", ""unit_cost"": ""400.0"", ""line_cost"": ""400.0"", ""line_margin"": ""217.5"", ""line_margin_percent"": ""35.22"", ""discount_limit_percent"": ""15.0"", ""discount_status"": ""OK"", ""created_at"": ""2025-12-17 09:00:00"", ""updated_at"": ""2025-12-17 09:00:00""}"
quotation_lines,102,"{""id"": ""102"", ""quotation_id"": ""51"", ""product_id"": ""7"", ""quantity"": ""1"", ""unit_price"": ""120.0"", ""discount_percent"": ""5.0"", ""discount_amount"": ""6.0"", ""line_subtotal"": ""114.0"", ""unit_cost"": ""40.0"", ""line_cost"": ""40.0"", ""line_margin"": ""74.0"", ""line_margin_percent"": ""64.91"", ""discount_limit_percent"": ""15.0"", ""discount_status"": ""OK"", ""created_at"": ""2025-12-20 09:00:00"", ""updated_at"": ""2025-12-20 09:00:00""}"
quotation_lines,103,"{""id"": ""103"", ""quotation_id"": ""51"", ""product_id"": ""8"", ""quantity"": ""1"", ""unit_price"": ""250.0"", ""discount_percent"": ""5.0"", ""discount_amount"": ""12.5"", ""line_subtotal"": ""237.5"", ""unit_cost"": ""75.0"", ""line_cost"": ""75.0"", ""line_margin"": ""162.5"", ""line_margin_percent"": ""68.42"", ""discount_limit_percent"": ""15.0"", ""discount_status"": ""OK"", ""created_at"": ""2025-12-20 09:00:00"", ""updated_at"": ""2025-12-20 09:00:00""}"
quotation_lines,104,"{""id"": ""104"", ""quotation_id"": ""52"", ""product_id"": ""9"", ""quantity"": ""1"", ""unit_price"": ""450.0"", ""discount_percent"": ""5.0"", ""discount_amount"": ""22.5"", ""line_subtotal"": ""427.5"", ""unit_cost"": ""120.0"", ""line_cost"": ""120.0"", ""line_margin"": ""307.5"", ""line_margin_percent"": ""71.93"", ""discount_limit_percent"": ""15.0"", ""discount_status"": ""OK"", ""created_at"": ""2025-12-23 09:00:00"", ""updated_at"": ""2025-12-23 09:00:00""}"
quotation_lines,105,"{""id"": ""105"", ""quotation_id"": ""52"", ""product_id"": ""10"", ""quantity"": ""1"", ""unit_price"": ""500.0"", ""discount_percent"": ""5.0"", ""discount_amount"": ""25.0"", ""line_subtotal"": ""475.0"", ""unit_cost"": ""340.0"", ""line_cost"": ""340.0"", ""line_margin"": ""135.0"", ""line_margin_percent"": ""28.42"", ""discount_limit_percent"": ""15.0"", ""discount_status"": ""OK"", ""created_at"": ""2025-12-23 09:00:00"", ""updated_at"": ""2025-12-23 09:00:00""}"
quotation_lines,106,"{""id"": ""106"", ""quotation_id"": ""53"", ""product_id"": ""11"", ""quantity"": ""1"", ""unit_price"": ""850.0"", ""discount_percent"": ""22.0"", ""discount_amount"": ""187.0"", ""line_subtotal"": ""663.0"", ""unit_cost"": ""530.0"", ""line_cost"": ""530.0"", ""line_margin"": ""133.0"", ""line_margin_percent"": ""20.06"", ""discount_limit_percent"": ""15.0"", ""discount_status"": ""OVER_LIMIT"", ""created_at"": ""2025-12-26 09:00:00"", ""updated_at"": ""2025-12-26 09:00:00""}"
quotation_lines,107,"{""id"": ""107"", ""quotation_id"": ""53"", ""product_id"": ""12"", ""quantity"": ""1"", ""unit_price"": ""1400.0"", ""discount_percent"": ""5.0"", ""discount_amount"": ""70.0"", ""line_subtotal"": ""1330.0"", ""unit_cost"": ""820.0"", ""line_cost"": ""820.0"", ""line_margin"": ""510.0"", ""line_margin_percent"": ""38.35"", ""discount_limit_percent"": ""15.0"", ""discount_status"": ""OK"", ""created_at"": ""2025-12-26 09:00:00"", ""updated_at"": ""2025-12-26 09:00:00""}"
quotation_lines,108,"{""id"": ""108"", ""quotation_id"": ""54"", ""product_id"": ""13"", ""quantity"": ""1"", ""unit_price"": ""45.0"", ""discount_percent"": ""5.0"", ""discount_amount"": ""2.25"", ""line_subtotal"": ""42.75"", ""unit_cost"": ""18.0"", ""line_cost"": ""18.0"", ""line_margin"": ""24.75"", ""line_margin_percent"": ""57.89"", ""discount_limit_percent"": ""15.0"", ""discount_status"": ""OK"", ""created_at"": ""2025-12-29 09:00:00"", ""updated_at"": ""2025-12-29 09:00:00""}"
quotation_lines,109,"{""id"": ""109"", ""quotation_id"": ""54"", ""product_id"": ""14"", ""quantity"": ""1"", ""unit_price"": ""95.0"", ""discount_percent"": ""5.0"", ""discount_amount"": ""4.75"", ""line_subtotal"": ""90.25"", ""unit_cost"": ""45.0"", ""line_cost"": ""45.0"", ""line_margin"": ""45.25"", ""line_margin_percent"": ""50.14"", ""discount_limit_percent"": ""15.0"", ""discount_status"": ""OK"", ""created_at"": ""2025-12-29 09:00:00"", ""updated_at"": ""2025-12-29 09:00:00""}"
quotation_lines,110,"{""id"": ""110"", ""quotation_id"": ""55"", ""product_id"": ""15"", ""quantity"": ""1"", ""unit_price"": ""180.0"", ""discount_percent"": ""5.0"", ""discount_amount"": ""9.0"", ""line_subtotal"": ""171.0"", ""unit_cost"": ""95.0"", ""line_cost"": ""95.0"", ""line_margin"": ""76.0"", ""line_margin_percent"": ""44.44"", ""discount_limit_percent"": ""15.0"", ""discount_status"": ""OK"", ""created_at"": ""2026-01-01 09:00:00"", ""updated_at"": ""2026-01-01 09:00:00""}"
quotation_lines,111,"{""id"": ""111"", ""quotation_id"": ""55"", ""product_id"": ""16"", ""quantity"": ""1"", ""unit_price"": ""65.0"", ""discount_percent"": ""5.0"", ""discount_amount"": ""3.25"", ""line_subtotal"": ""61.75"", ""unit_cost"": ""25.0"", ""line_cost"": ""25.0"", ""line_margin"": ""36.75"", ""line_margin_percent"": ""59.51"", ""discount_limit_percent"": ""15.0"", ""discount_status"": ""OK"", ""created_at"": ""2026-01-01 09:00:00"", ""updated_at"": ""2026-01-01 09:00:00""}"
quotation_lines,112,"{""id"": ""112"", ""quotation_id"": ""56"", ""product_id"": ""17"", ""quantity"": ""1"", ""unit_price"": ""110.0"", ""discount_percent"": ""5.0"", ""discount_amount"": ""5.5"", ""line_subtotal"": ""104.5"", ""unit_cost"": ""55.0"", ""line_cost"": ""55.0"", ""line_margin"": ""49.5"", ""line_margin_percent"": ""47.37"", ""discount_limit_percent"": ""15.0"", ""discount_status"": ""OK"", ""created_at"": ""2026-01-04 09:00:00"", ""updated_at"": ""2026-01-04 09:00:00""}"
quotation_lines,113,"{""id"": ""113"", ""quotation_id"": ""56"", ""product_id"": ""18"", ""quantity"": ""1"", ""unit_price"": ""75.0"", ""discount_percent"": ""5.0"", ""discount_amount"": ""3.75"", ""line_subtotal"": ""71.25"", ""unit_cost"": ""30.0"", ""line_cost"": ""30.0"", ""line_margin"": ""41.25"", ""line_margin_percent"": ""57.89"", ""discount_limit_percent"": ""15.0"", ""discount_status"": ""OK"", ""created_at"": ""2026-01-04 09:00:00"", ""updated_at"": ""2026-01-04 09:00:00""}"
quotation_lines,114,"{""id"": ""114"", ""quotation_id"": ""57"", ""product_id"": ""19"", ""quantity"": ""1"", ""unit_price"": ""450.0"", ""discount_percent"": ""5.0"", ""discount_amount"": ""22.5"", ""line_subtotal"": ""427.5"", ""unit_cost"": ""220.0"", ""line_cost"": ""220.0"", ""line_margin"": ""207.5"", ""line_margin_percent"": ""48.54"", ""discount_limit_percent"": ""15.0"", ""discount_status"": ""OK"", ""created_at"": ""2026-01-07 09:00:00"", ""updated_at"": ""2026-01-07 09:00:00""}"
quotation_lines,115,"{""id"": ""115"", ""quotation_id"": ""57"", ""product_id"": ""20"", ""quantity"": ""1"", ""unit_price"": ""600.0"", ""discount_percent"": ""5.0"", ""discount_amount"": ""30.0"", ""line_subtotal"": ""570.0"", ""unit_cost"": ""280.0"", ""line_cost"": ""280.0"", ""line_margin"": ""290.0"", ""line_margin_percent"": ""50.88"", ""discount_limit_percent"": ""15.0"", ""discount_status"": ""OK"", ""created_at"": ""2026-01-07 09:00:00"", ""updated_at"": ""2026-01-07 09:00:00""}"
quotation_lines,116,"{""id"": ""116"", ""quotation_id"": ""58"", ""product_id"": ""21"", ""quantity"": ""1"", ""unit_price"": ""750.0"", ""discount_percent"": ""22.0"", ""discount_amount"": ""165.0"", ""line_subtotal"": ""585.0"", ""unit_cost"": ""350.0"", ""line_cost"": ""350.0"", ""line_margin"": ""235.0"", ""line_margin_percent"": ""40.17"", ""discount_limit_percent"": ""15.0"", ""discount_status"": ""OVER_LIMIT"", ""created_at"": ""2026-01-10 09:00:00"", ""updated_at"": ""2026-01-10 09:00:00""}"
quotation_lines,117,"{""id"": ""117"", ""quotation_id"": ""58"", ""product_id"": ""22"", ""quantity"": ""1"", ""unit_price"": ""180.0"", ""discount_percent"": ""5.0"", ""discount_amount"": ""9.0"", ""line_subtotal"": ""171.0"", ""unit_cost"": ""60.0"", ""line_cost"": ""60.0"", ""line_margin"": ""111.0"", ""line_margin_percent"": ""64.91"", ""discount_limit_percent"": ""15.0"", ""discount_status"": ""OK"", ""created_at"": ""2026-01-10 09:00:00"", ""updated_at"": ""2026-01-10 09:00:00""}"
quotation_lines,118,"{""id"": ""118"", ""quotation_id"": ""59"", ""product_id"": ""23"", ""quantity"": ""1"", ""unit_price"": ""150.0"", ""discount_percent"": ""5.0"", ""discount_amount"": ""7.5"", ""line_subtotal"": ""142.5"", ""unit_cost"": ""40.0"", ""line_cost"": ""40.0"", ""line_margin"": ""102.5"", ""line_margin_percent"": ""71.93"", ""discount_limit_percent"": ""15.0"", ""discount_status"": ""OK"", ""created_at"": ""2026-01-13 09:00:00"", ""updated_at"": ""2026-01-13 09:00:00""}"
quotation_lines,119,"{""id"": ""119"", ""quotation_id"": ""59"", ""product_id"": ""24"", ""quantity"": ""1"", ""unit_price"": ""200.0"", ""discount_percent"": ""5.0"", ""discount_amount"": ""10.0"", ""line_subtotal"": ""190.0"", ""unit_cost"": ""60.0"", ""line_cost"": ""60.0"", ""line_margin"": ""130.0"", ""line_margin_percent"": ""68.42"", ""discount_limit_percent"": ""15.0"", ""discount_status"": ""OK"", ""created_at"": ""2026-01-13 09:00:00"", ""updated_at"": ""2026-01-13 09:00:00""}"
quotation_lines,120,"{""id"": ""120"", ""quotation_id"": ""60"", ""product_id"": ""1"", ""quantity"": ""1"", ""unit_price"": ""1200.0"", ""discount_percent"": ""5.0"", ""discount_amount"": ""60.0"", ""line_subtotal"": ""1140.0"", ""unit_cost"": ""840.0"", ""line_cost"": ""840.0"", ""line_margin"": ""300.0"", ""line_margin_percent"": ""26.32"", ""discount_limit_percent"": ""15.0"", ""discount_status"": ""OK"", ""created_at"": ""2026-01-16 09:00:00"", ""updated_at"": ""2026-01-16 09:00:00""}"
approvals,1,"{""id"": ""1"", ""approval_number"": ""APP-1042"", ""quotation_id"": ""1"", ""requested_by"": ""1"", ""assigned_to"": ""3"", ""approval_type"": ""DISCOUNT"", ""reason"": ""Onsite Setup Service discount 18% exceeds category ceiling of 10%"", ""risk_score"": ""68.0"", ""status"": ""PENDING"", ""requested_at"": ""2026-01-17 09:00:00"", ""resolved_at"": null, ""decision_comment"": null, ""created_at"": ""2026-01-17 09:00:00"", ""updated_at"": ""2026-01-17 09:00:00""}"
approvals,2,"{""id"": ""2"", ""approval_number"": ""APP-1002"", ""quotation_id"": ""2"", ""requested_by"": ""2"", ""assigned_to"": ""3"", ""approval_type"": ""DISCOUNT"", ""reason"": ""Approval required for discount on Quote Q-1002."", ""risk_score"": ""72.0"", ""status"": ""APPROVED"", ""requested_at"": ""2025-11-03 09:00:00"", ""resolved_at"": ""2025-11-03 17:00:00"", ""decision_comment"": ""Approved within acceptable risk tolerance."", ""created_at"": ""2025-11-03 09:00:00"", ""updated_at"": ""2025-11-03 09:00:00""}"
approvals,3,"{""id"": ""3"", ""approval_number"": ""APP-1003"", ""quotation_id"": ""3"", ""requested_by"": ""1"", ""assigned_to"": ""5"", ""approval_type"": ""MARGIN_RISK"", ""reason"": ""Approval required for margin risk on Quote Q-1003."", ""risk_score"": ""46.0"", ""status"": ""PENDING"", ""requested_at"": ""2025-11-06 09:00:00"", ""resolved_at"": null, ""decision_comment"": null, ""created_at"": ""2025-11-06 09:00:00"", ""updated_at"": ""2025-11-06 09:00:00""}"
approvals,4,"{""id"": ""4"", ""approval_number"": ""APP-1004"", ""quotation_id"": ""4"", ""requested_by"": ""2"", ""assigned_to"": ""3"", ""approval_type"": ""DEAL_RISK"", ""reason"": ""Approval required for deal risk on Quote Q-1004."", ""risk_score"": ""65.0"", ""status"": ""REJECTED"", ""requested_at"": ""2025-11-09 09:00:00"", ""resolved_at"": ""2025-11-09 17:00:00"", ""decision_comment"": ""Discount rejected due to excessive margin compression."", ""created_at"": ""2025-11-09 09:00:00"", ""updated_at"": ""2025-11-09 09:00:00""}"
approvals,5,"{""id"": ""5"", ""approval_number"": ""APP-1005"", ""quotation_id"": ""5"", ""requested_by"": ""1"", ""assigned_to"": ""3"", ""approval_type"": ""NEGOTIATION_CHANGE"", ""reason"": ""Approval required for negotiation change on Quote Q-1005."", ""risk_score"": ""75.0"", ""status"": ""CANCELLED"", ""requested_at"": ""2025-11-12 09:00:00"", ""resolved_at"": null, ""decision_comment"": null, ""created_at"": ""2025-11-12 09:00:00"", ""updated_at"": ""2025-11-12 09:00:00""}"
approvals,6,"{""id"": ""6"", ""approval_number"": ""APP-1006"", ""quotation_id"": ""6"", ""requested_by"": ""2"", ""assigned_to"": ""5"", ""approval_type"": ""DISCOUNT"", ""reason"": ""Approval required for discount on Quote Q-1006."", ""risk_score"": ""58.0"", ""status"": ""APPROVED"", ""requested_at"": ""2025-11-15 09:00:00"", ""resolved_at"": ""2025-11-15 17:00:00"", ""decision_comment"": ""Approved within acceptable risk tolerance."", ""created_at"": ""2025-11-15 09:00:00"", ""updated_at"": ""2025-11-15 09:00:00""}"
approvals,7,"{""id"": ""7"", ""approval_number"": ""APP-1007"", ""quotation_id"": ""7"", ""requested_by"": ""1"", ""assigned_to"": ""3"", ""approval_type"": ""MARGIN_RISK"", ""reason"": ""Approval required for margin risk on Quote Q-1007."", ""risk_score"": ""68.0"", ""status"": ""PENDING"", ""requested_at"": ""2025-11-18 09:00:00"", ""resolved_at"": null, ""decision_comment"": null, ""created_at"": ""2025-11-18 09:00:00"", ""updated_at"": ""2025-11-18 09:00:00""}"
approvals,8,"{""id"": ""8"", ""approval_number"": ""APP-1008"", ""quotation_id"": ""8"", ""requested_by"": ""2"", ""assigned_to"": ""3"", ""approval_type"": ""DEAL_RISK"", ""reason"": ""Approval required for deal risk on Quote Q-1008."", ""risk_score"": ""80.0"", ""status"": ""REJECTED"", ""requested_at"": ""2025-11-21 09:00:00"", ""resolved_at"": ""2025-11-21 17:00:00"", ""decision_comment"": ""Discount rejected due to excessive margin compression."", ""created_at"": ""2025-11-21 09:00:00"", ""updated_at"": ""2025-11-21 09:00:00""}"
approvals,9,"{""id"": ""9"", ""approval_number"": ""APP-1009"", ""quotation_id"": ""9"", ""requested_by"": ""1"", ""assigned_to"": ""5"", ""approval_type"": ""NEGOTIATION_CHANGE"", ""reason"": ""Approval required for negotiation change on Quote Q-1009."", ""risk_score"": ""59.0"", ""status"": ""CANCELLED"", ""requested_at"": ""2025-11-24 09:00:00"", ""resolved_at"": null, ""decision_comment"": null, ""created_at"": ""2025-11-24 09:00:00"", ""updated_at"": ""2025-11-24 09:00:00""}"
approvals,10,"{""id"": ""10"", ""approval_number"": ""APP-1010"", ""quotation_id"": ""10"", ""requested_by"": ""2"", ""assigned_to"": ""3"", ""approval_type"": ""DISCOUNT"", ""reason"": ""Approval required for discount on Quote Q-1010."", ""risk_score"": ""78.0"", ""status"": ""APPROVED"", ""requested_at"": ""2025-11-27 09:00:00"", ""resolved_at"": ""2025-11-27 17:00:00"", ""decision_comment"": ""Approved within acceptable risk tolerance."", ""created_at"": ""2025-11-27 09:00:00"", ""updated_at"": ""2025-11-27 09:00:00""}"
approvals,11,"{""id"": ""11"", ""approval_number"": ""APP-1011"", ""quotation_id"": ""11"", ""requested_by"": ""1"", ""assigned_to"": ""3"", ""approval_type"": ""MARGIN_RISK"", ""reason"": ""Approval required for margin risk on Quote Q-1011."", ""risk_score"": ""67.0"", ""status"": ""PENDING"", ""requested_at"": ""2025-11-30 09:00:00"", ""resolved_at"": null, ""decision_comment"": null, ""created_at"": ""2025-11-30 09:00:00"", ""updated_at"": ""2025-11-30 09:00:00""}"
approvals,12,"{""id"": ""12"", ""approval_number"": ""APP-1012"", ""quotation_id"": ""12"", ""requested_by"": ""2"", ""assigned_to"": ""5"", ""approval_type"": ""DEAL_RISK"", ""reason"": ""Approval required for deal risk on Quote Q-1012."", ""risk_score"": ""55.0"", ""status"": ""REJECTED"", ""requested_at"": ""2025-12-03 09:00:00"", ""resolved_at"": ""2025-12-03 17:00:00"", ""decision_comment"": ""Discount rejected due to excessive margin compression."", ""created_at"": ""2025-12-03 09:00:00"", ""updated_at"": ""2025-12-03 09:00:00""}"
approvals,13,"{""id"": ""13"", ""approval_number"": ""APP-1013"", ""quotation_id"": ""13"", ""requested_by"": ""1"", ""assigned_to"": ""3"", ""approval_type"": ""NEGOTIATION_CHANGE"", ""reason"": ""Approval required for negotiation change on Quote Q-1013."", ""risk_score"": ""67.0"", ""status"": ""CANCELLED"", ""requested_at"": ""2025-12-06 09:00:00"", ""resolved_at"": null, ""decision_comment"": null, ""created_at"": ""2025-12-06 09:00:00"", ""updated_at"": ""2025-12-06 09:00:00""}"
approvals,14,"{""id"": ""14"", ""approval_number"": ""APP-1014"", ""quotation_id"": ""14"", ""requested_by"": ""2"", ""assigned_to"": ""3"", ""approval_type"": ""DISCOUNT"", ""reason"": ""Approval required for discount on Quote Q-1014."", ""risk_score"": ""55.0"", ""status"": ""APPROVED"", ""requested_at"": ""2025-12-09 09:00:00"", ""resolved_at"": ""2025-12-09 17:00:00"", ""decision_comment"": ""Approved within acceptable risk tolerance."", ""created_at"": ""2025-12-09 09:00:00"", ""updated_at"": ""2025-12-09 09:00:00""}"
approvals,15,"{""id"": ""15"", ""approval_number"": ""APP-1015"", ""quotation_id"": ""15"", ""requested_by"": ""1"", ""assigned_to"": ""5"", ""approval_type"": ""MARGIN_RISK"", ""reason"": ""Approval required for margin risk on Quote Q-1015."", ""risk_score"": ""51.0"", ""status"": ""PENDING"", ""requested_at"": ""2025-12-12 09:00:00"", ""resolved_at"": null, ""decision_comment"": null, ""created_at"": ""2025-12-12 09:00:00"", ""updated_at"": ""2025-12-12 09:00:00""}"
approvals,16,"{""id"": ""16"", ""approval_number"": ""APP-1016"", ""quotation_id"": ""16"", ""requested_by"": ""2"", ""assigned_to"": ""3"", ""approval_type"": ""DEAL_RISK"", ""reason"": ""Approval required for deal risk on Quote Q-1016."", ""risk_score"": ""74.0"", ""status"": ""REJECTED"", ""requested_at"": ""2025-12-15 09:00:00"", ""resolved_at"": ""2025-12-15 17:00:00"", ""decision_comment"": ""Discount rejected due to excessive margin compression."", ""created_at"": ""2025-12-15 09:00:00"", ""updated_at"": ""2025-12-15 09:00:00""}"
approvals,17,"{""id"": ""17"", ""approval_number"": ""APP-1017"", ""quotation_id"": ""17"", ""requested_by"": ""1"", ""assigned_to"": ""3"", ""approval_type"": ""NEGOTIATION_CHANGE"", ""reason"": ""Approval required for negotiation change on Quote Q-1017."", ""risk_score"": ""51.0"", ""status"": ""CANCELLED"", ""requested_at"": ""2025-12-18 09:00:00"", ""resolved_at"": null, ""decision_comment"": null, ""created_at"": ""2025-12-18 09:00:00"", ""updated_at"": ""2025-12-18 09:00:00""}"
approvals,18,"{""id"": ""18"", ""approval_number"": ""APP-1018"", ""quotation_id"": ""18"", ""requested_by"": ""2"", ""assigned_to"": ""5"", ""approval_type"": ""DISCOUNT"", ""reason"": ""Approval required for discount on Quote Q-1018."", ""risk_score"": ""70.0"", ""status"": ""APPROVED"", ""requested_at"": ""2025-12-21 09:00:00"", ""resolved_at"": ""2025-12-21 17:00:00"", ""decision_comment"": ""Approved within acceptable risk tolerance."", ""created_at"": ""2025-12-21 09:00:00"", ""updated_at"": ""2025-12-21 09:00:00""}"
approvals,19,"{""id"": ""19"", ""approval_number"": ""APP-1019"", ""quotation_id"": ""19"", ""requested_by"": ""1"", ""assigned_to"": ""3"", ""approval_type"": ""MARGIN_RISK"", ""reason"": ""Approval required for margin risk on Quote Q-1019."", ""risk_score"": ""79.0"", ""status"": ""PENDING"", ""requested_at"": ""2025-12-24 09:00:00"", ""resolved_at"": null, ""decision_comment"": null, ""created_at"": ""2025-12-24 09:00:00"", ""updated_at"": ""2025-12-24 09:00:00""}"
approvals,20,"{""id"": ""20"", ""approval_number"": ""APP-1020"", ""quotation_id"": ""20"", ""requested_by"": ""2"", ""assigned_to"": ""3"", ""approval_type"": ""DEAL_RISK"", ""reason"": ""Approval required for deal risk on Quote Q-1020."", ""risk_score"": ""52.0"", ""status"": ""REJECTED"", ""requested_at"": ""2025-12-27 09:00:00"", ""resolved_at"": ""2025-12-27 17:00:00"", ""decision_comment"": ""Discount rejected due to excessive margin compression."", ""created_at"": ""2025-12-27 09:00:00"", ""updated_at"": ""2025-12-27 09:00:00""}"
approvals,21,"{""id"": ""21"", ""approval_number"": ""APP-1021"", ""quotation_id"": ""21"", ""requested_by"": ""1"", ""assigned_to"": ""5"", ""approval_type"": ""NEGOTIATION_CHANGE"", ""reason"": ""Approval required for negotiation change on Quote Q-1021."", ""risk_score"": ""68.0"", ""status"": ""CANCELLED"", ""requested_at"": ""2025-12-30 09:00:00"", ""resolved_at"": null, ""decision_comment"": null, ""created_at"": ""2025-12-30 09:00:00"", ""updated_at"": ""2025-12-30 09:00:00""}"
approvals,22,"{""id"": ""22"", ""approval_number"": ""APP-1022"", ""quotation_id"": ""22"", ""requested_by"": ""2"", ""assigned_to"": ""3"", ""approval_type"": ""DISCOUNT"", ""reason"": ""Approval required for discount on Quote Q-1022."", ""risk_score"": ""53.0"", ""status"": ""APPROVED"", ""requested_at"": ""2026-01-02 09:00:00"", ""resolved_at"": ""2026-01-02 17:00:00"", ""decision_comment"": ""Approved within acceptable risk tolerance."", ""created_at"": ""2026-01-02 09:00:00"", ""updated_at"": ""2026-01-02 09:00:00""}"
approvals,23,"{""id"": ""23"", ""approval_number"": ""APP-1023"", ""quotation_id"": ""23"", ""requested_by"": ""1"", ""assigned_to"": ""3"", ""approval_type"": ""MARGIN_RISK"", ""reason"": ""Approval required for margin risk on Quote Q-1023."", ""risk_score"": ""72.0"", ""status"": ""PENDING"", ""requested_at"": ""2026-01-05 09:00:00"", ""resolved_at"": null, ""decision_comment"": null, ""created_at"": ""2026-01-05 09:00:00"", ""updated_at"": ""2026-01-05 09:00:00""}"
approvals,24,"{""id"": ""24"", ""approval_number"": ""APP-1024"", ""quotation_id"": ""24"", ""requested_by"": ""2"", ""assigned_to"": ""5"", ""approval_type"": ""DEAL_RISK"", ""reason"": ""Approval required for deal risk on Quote Q-1024."", ""risk_score"": ""55.0"", ""status"": ""REJECTED"", ""requested_at"": ""2026-01-08 09:00:00"", ""resolved_at"": ""2026-01-08 17:00:00"", ""decision_comment"": ""Discount rejected due to excessive margin compression."", ""created_at"": ""2026-01-08 09:00:00"", ""updated_at"": ""2026-01-08 09:00:00""}"
approvals,25,"{""id"": ""25"", ""approval_number"": ""APP-1025"", ""quotation_id"": ""25"", ""requested_by"": ""1"", ""assigned_to"": ""3"", ""approval_type"": ""NEGOTIATION_CHANGE"", ""reason"": ""Approval required for negotiation change on Quote Q-1025."", ""risk_score"": ""54.0"", ""status"": ""CANCELLED"", ""requested_at"": ""2026-01-11 09:00:00"", ""resolved_at"": null, ""decision_comment"": null, ""created_at"": ""2026-01-11 09:00:00"", ""updated_at"": ""2026-01-11 09:00:00""}"
approval_steps,1,"{""id"": ""1"", ""approval_id"": ""1"", ""step_number"": ""1"", ""approver_id"": ""3"", ""approver_role"": ""Sales Manager"", ""threshold_type"": ""DISCOUNT_PERCENT"", ""threshold_value"": ""10.0"", ""status"": ""PENDING"", ""actioned_at"": null, ""comment"": ""Pending Sales Manager review for services discount."", ""created_at"": ""2026-01-17 09:00:00"", ""updated_at"": ""2026-01-17 09:00:00""}"
approval_steps,2,"{""id"": ""2"", ""approval_id"": ""1"", ""step_number"": ""2"", ""approver_id"": ""5"", ""approver_role"": ""Finance/Operations"", ""threshold_type"": ""DISCOUNT_PERCENT"", ""threshold_value"": ""15.0"", ""status"": ""PENDING"", ""actioned_at"": null, ""comment"": ""Second level approval required if manager approves."", ""created_at"": ""2026-01-17 09:00:00"", ""updated_at"": ""2026-01-17 09:00:00""}"
approval_steps,3,"{""id"": ""3"", ""approval_id"": ""2"", ""step_number"": ""1"", ""approver_id"": ""3"", ""approver_role"": ""Sales Manager"", ""threshold_type"": ""DISCOUNT_PERCENT"", ""threshold_value"": ""10.0"", ""status"": ""APPROVED"", ""actioned_at"": ""2025-11-03 17:00:00"", ""comment"": ""Step 1 actioned by Sales Manager."", ""created_at"": ""2025-11-03 09:00:00"", ""updated_at"": ""2025-11-03 09:00:00""}"
approval_steps,4,"{""id"": ""4"", ""approval_id"": ""2"", ""step_number"": ""2"", ""approver_id"": ""5"", ""approver_role"": ""Finance/Operations"", ""threshold_type"": ""DISCOUNT_PERCENT"", ""threshold_value"": ""15.0"", ""status"": ""APPROVED"", ""actioned_at"": ""2025-11-03 17:00:00"", ""comment"": ""Step 2 actioned by Finance/Operations."", ""created_at"": ""2025-11-03 09:00:00"", ""updated_at"": ""2025-11-03 09:00:00""}"
approval_steps,5,"{""id"": ""5"", ""approval_id"": ""3"", ""step_number"": ""1"", ""approver_id"": ""3"", ""approver_role"": ""Sales Manager"", ""threshold_type"": ""DISCOUNT_PERCENT"", ""threshold_value"": ""10.0"", ""status"": ""PENDING"", ""actioned_at"": null, ""comment"": ""Awaiting action."", ""created_at"": ""2025-11-06 09:00:00"", ""updated_at"": ""2025-11-06 09:00:00""}"
approval_steps,6,"{""id"": ""6"", ""approval_id"": ""3"", ""step_number"": ""2"", ""approver_id"": ""5"", ""approver_role"": ""Finance/Operations"", ""threshold_type"": ""DISCOUNT_PERCENT"", ""threshold_value"": ""15.0"", ""status"": ""PENDING"", ""actioned_at"": null, ""comment"": ""Awaiting action."", ""created_at"": ""2025-11-06 09:00:00"", ""updated_at"": ""2025-11-06 09:00:00""}"
approval_steps,7,"{""id"": ""7"", ""approval_id"": ""4"", ""step_number"": ""1"", ""approver_id"": ""3"", ""approver_role"": ""Sales Manager"", ""threshold_type"": ""DISCOUNT_PERCENT"", ""threshold_value"": ""10.0"", ""status"": ""REJECTED"", ""actioned_at"": ""2025-11-09 17:00:00"", ""comment"": ""Step 1 actioned by Sales Manager."", ""created_at"": ""2025-11-09 09:00:00"", ""updated_at"": ""2025-11-09 09:00:00""}"
approval_steps,8,"{""id"": ""8"", ""approval_id"": ""4"", ""step_number"": ""2"", ""approver_id"": ""5"", ""approver_role"": ""Finance/Operations"", ""threshold_type"": ""DISCOUNT_PERCENT"", ""threshold_value"": ""15.0"", ""status"": ""SKIPPED"", ""actioned_at"": null, ""comment"": ""Step 2 actioned by Finance/Operations."", ""created_at"": ""2025-11-09 09:00:00"", ""updated_at"": ""2025-11-09 09:00:00""}"
approval_steps,9,"{""id"": ""9"", ""approval_id"": ""5"", ""step_number"": ""1"", ""approver_id"": ""3"", ""approver_role"": ""Sales Manager"", ""threshold_type"": ""DISCOUNT_PERCENT"", ""threshold_value"": ""10.0"", ""status"": ""CANCELLED"", ""actioned_at"": null, ""comment"": ""Step 1 actioned by Sales Manager."", ""created_at"": ""2025-11-12 09:00:00"", ""updated_at"": ""2025-11-12 09:00:00""}"
approval_steps,10,"{""id"": ""10"", ""approval_id"": ""5"", ""step_number"": ""2"", ""approver_id"": ""5"", ""approver_role"": ""Finance/Operations"", ""threshold_type"": ""DISCOUNT_PERCENT"", ""threshold_value"": ""15.0"", ""status"": ""CANCELLED"", ""actioned_at"": null, ""comment"": ""Step 2 actioned by Finance/Operations."", ""created_at"": ""2025-11-12 09:00:00"", ""updated_at"": ""2025-11-12 09:00:00""}"
approval_steps,11,"{""id"": ""11"", ""approval_id"": ""6"", ""step_number"": ""1"", ""approver_id"": ""3"", ""approver_role"": ""Sales Manager"", ""threshold_type"": ""DISCOUNT_PERCENT"", ""threshold_value"": ""10.0"", ""status"": ""APPROVED"", ""actioned_at"": ""2025-11-15 17:00:00"", ""comment"": ""Step 1 actioned by Sales Manager."", ""created_at"": ""2025-11-15 09:00:00"", ""updated_at"": ""2025-11-15 09:00:00""}"
approval_steps,12,"{""id"": ""12"", ""approval_id"": ""6"", ""step_number"": ""2"", ""approver_id"": ""5"", ""approver_role"": ""Finance/Operations"", ""threshold_type"": ""DISCOUNT_PERCENT"", ""threshold_value"": ""15.0"", ""status"": ""APPROVED"", ""actioned_at"": ""2025-11-15 17:00:00"", ""comment"": ""Step 2 actioned by Finance/Operations."", ""created_at"": ""2025-11-15 09:00:00"", ""updated_at"": ""2025-11-15 09:00:00""}"
approval_steps,13,"{""id"": ""13"", ""approval_id"": ""7"", ""step_number"": ""1"", ""approver_id"": ""3"", ""approver_role"": ""Sales Manager"", ""threshold_type"": ""DISCOUNT_PERCENT"", ""threshold_value"": ""10.0"", ""status"": ""PENDING"", ""actioned_at"": null, ""comment"": ""Awaiting action."", ""created_at"": ""2025-11-18 09:00:00"", ""updated_at"": ""2025-11-18 09:00:00""}"
approval_steps,14,"{""id"": ""14"", ""approval_id"": ""7"", ""step_number"": ""2"", ""approver_id"": ""5"", ""approver_role"": ""Finance/Operations"", ""threshold_type"": ""DISCOUNT_PERCENT"", ""threshold_value"": ""15.0"", ""status"": ""PENDING"", ""actioned_at"": null, ""comment"": ""Awaiting action."", ""created_at"": ""2025-11-18 09:00:00"", ""updated_at"": ""2025-11-18 09:00:00""}"
approval_steps,15,"{""id"": ""15"", ""approval_id"": ""8"", ""step_number"": ""1"", ""approver_id"": ""3"", ""approver_role"": ""Sales Manager"", ""threshold_type"": ""DISCOUNT_PERCENT"", ""threshold_value"": ""10.0"", ""status"": ""REJECTED"", ""actioned_at"": ""2025-11-21 17:00:00"", ""comment"": ""Step 1 actioned by Sales Manager."", ""created_at"": ""2025-11-21 09:00:00"", ""updated_at"": ""2025-11-21 09:00:00""}"
approval_steps,16,"{""id"": ""16"", ""approval_id"": ""8"", ""step_number"": ""2"", ""approver_id"": ""5"", ""approver_role"": ""Finance/Operations"", ""threshold_type"": ""DISCOUNT_PERCENT"", ""threshold_value"": ""15.0"", ""status"": ""SKIPPED"", ""actioned_at"": null, ""comment"": ""Step 2 actioned by Finance/Operations."", ""created_at"": ""2025-11-21 09:00:00"", ""updated_at"": ""2025-11-21 09:00:00""}"
approval_steps,17,"{""id"": ""17"", ""approval_id"": ""9"", ""step_number"": ""1"", ""approver_id"": ""3"", ""approver_role"": ""Sales Manager"", ""threshold_type"": ""DISCOUNT_PERCENT"", ""threshold_value"": ""10.0"", ""status"": ""CANCELLED"", ""actioned_at"": null, ""comment"": ""Step 1 actioned by Sales Manager."", ""created_at"": ""2025-11-24 09:00:00"", ""updated_at"": ""2025-11-24 09:00:00""}"
approval_steps,18,"{""id"": ""18"", ""approval_id"": ""9"", ""step_number"": ""2"", ""approver_id"": ""5"", ""approver_role"": ""Finance/Operations"", ""threshold_type"": ""DISCOUNT_PERCENT"", ""threshold_value"": ""15.0"", ""status"": ""CANCELLED"", ""actioned_at"": null, ""comment"": ""Step 2 actioned by Finance/Operations."", ""created_at"": ""2025-11-24 09:00:00"", ""updated_at"": ""2025-11-24 09:00:00""}"
approval_steps,19,"{""id"": ""19"", ""approval_id"": ""10"", ""step_number"": ""1"", ""approver_id"": ""3"", ""approver_role"": ""Sales Manager"", ""threshold_type"": ""DISCOUNT_PERCENT"", ""threshold_value"": ""10.0"", ""status"": ""APPROVED"", ""actioned_at"": ""2025-11-27 17:00:00"", ""comment"": ""Step 1 actioned by Sales Manager."", ""created_at"": ""2025-11-27 09:00:00"", ""updated_at"": ""2025-11-27 09:00:00""}"
approval_steps,20,"{""id"": ""20"", ""approval_id"": ""10"", ""step_number"": ""2"", ""approver_id"": ""5"", ""approver_role"": ""Finance/Operations"", ""threshold_type"": ""DISCOUNT_PERCENT"", ""threshold_value"": ""15.0"", ""status"": ""APPROVED"", ""actioned_at"": ""2025-11-27 17:00:00"", ""comment"": ""Step 2 actioned by Finance/Operations."", ""created_at"": ""2025-11-27 09:00:00"", ""updated_at"": ""2025-11-27 09:00:00""}"
approval_steps,21,"{""id"": ""21"", ""approval_id"": ""11"", ""step_number"": ""1"", ""approver_id"": ""3"", ""approver_role"": ""Sales Manager"", ""threshold_type"": ""DISCOUNT_PERCENT"", ""threshold_value"": ""10.0"", ""status"": ""PENDING"", ""actioned_at"": null, ""comment"": ""Awaiting action."", ""created_at"": ""2025-11-30 09:00:00"", ""updated_at"": ""2025-11-30 09:00:00""}"
approval_steps,22,"{""id"": ""22"", ""approval_id"": ""11"", ""step_number"": ""2"", ""approver_id"": ""5"", ""approver_role"": ""Finance/Operations"", ""threshold_type"": ""DISCOUNT_PERCENT"", ""threshold_value"": ""15.0"", ""status"": ""PENDING"", ""actioned_at"": null, ""comment"": ""Awaiting action."", ""created_at"": ""2025-11-30 09:00:00"", ""updated_at"": ""2025-11-30 09:00:00""}"
approval_steps,23,"{""id"": ""23"", ""approval_id"": ""12"", ""step_number"": ""1"", ""approver_id"": ""3"", ""approver_role"": ""Sales Manager"", ""threshold_type"": ""DISCOUNT_PERCENT"", ""threshold_value"": ""10.0"", ""status"": ""REJECTED"", ""actioned_at"": ""2025-12-03 17:00:00"", ""comment"": ""Step 1 actioned by Sales Manager."", ""created_at"": ""2025-12-03 09:00:00"", ""updated_at"": ""2025-12-03 09:00:00""}"
approval_steps,24,"{""id"": ""24"", ""approval_id"": ""12"", ""step_number"": ""2"", ""approver_id"": ""5"", ""approver_role"": ""Finance/Operations"", ""threshold_type"": ""DISCOUNT_PERCENT"", ""threshold_value"": ""15.0"", ""status"": ""SKIPPED"", ""actioned_at"": null, ""comment"": ""Step 2 actioned by Finance/Operations."", ""created_at"": ""2025-12-03 09:00:00"", ""updated_at"": ""2025-12-03 09:00:00""}"
approval_steps,25,"{""id"": ""25"", ""approval_id"": ""13"", ""step_number"": ""1"", ""approver_id"": ""3"", ""approver_role"": ""Sales Manager"", ""threshold_type"": ""DISCOUNT_PERCENT"", ""threshold_value"": ""10.0"", ""status"": ""CANCELLED"", ""actioned_at"": null, ""comment"": ""Step 1 actioned by Sales Manager."", ""created_at"": ""2025-12-06 09:00:00"", ""updated_at"": ""2025-12-06 09:00:00""}"
approval_steps,26,"{""id"": ""26"", ""approval_id"": ""13"", ""step_number"": ""2"", ""approver_id"": ""5"", ""approver_role"": ""Finance/Operations"", ""threshold_type"": ""DISCOUNT_PERCENT"", ""threshold_value"": ""15.0"", ""status"": ""CANCELLED"", ""actioned_at"": null, ""comment"": ""Step 2 actioned by Finance/Operations."", ""created_at"": ""2025-12-06 09:00:00"", ""updated_at"": ""2025-12-06 09:00:00""}"
approval_steps,27,"{""id"": ""27"", ""approval_id"": ""14"", ""step_number"": ""1"", ""approver_id"": ""3"", ""approver_role"": ""Sales Manager"", ""threshold_type"": ""DISCOUNT_PERCENT"", ""threshold_value"": ""10.0"", ""status"": ""APPROVED"", ""actioned_at"": ""2025-12-09 17:00:00"", ""comment"": ""Step 1 actioned by Sales Manager."", ""created_at"": ""2025-12-09 09:00:00"", ""updated_at"": ""2025-12-09 09:00:00""}"
approval_steps,28,"{""id"": ""28"", ""approval_id"": ""14"", ""step_number"": ""2"", ""approver_id"": ""5"", ""approver_role"": ""Finance/Operations"", ""threshold_type"": ""DISCOUNT_PERCENT"", ""threshold_value"": ""15.0"", ""status"": ""APPROVED"", ""actioned_at"": ""2025-12-09 17:00:00"", ""comment"": ""Step 2 actioned by Finance/Operations."", ""created_at"": ""2025-12-09 09:00:00"", ""updated_at"": ""2025-12-09 09:00:00""}"
approval_steps,29,"{""id"": ""29"", ""approval_id"": ""15"", ""step_number"": ""1"", ""approver_id"": ""3"", ""approver_role"": ""Sales Manager"", ""threshold_type"": ""DISCOUNT_PERCENT"", ""threshold_value"": ""10.0"", ""status"": ""PENDING"", ""actioned_at"": null, ""comment"": ""Awaiting action."", ""created_at"": ""2025-12-12 09:00:00"", ""updated_at"": ""2025-12-12 09:00:00""}"
approval_steps,30,"{""id"": ""30"", ""approval_id"": ""15"", ""step_number"": ""2"", ""approver_id"": ""5"", ""approver_role"": ""Finance/Operations"", ""threshold_type"": ""DISCOUNT_PERCENT"", ""threshold_value"": ""15.0"", ""status"": ""PENDING"", ""actioned_at"": null, ""comment"": ""Awaiting action."", ""created_at"": ""2025-12-12 09:00:00"", ""updated_at"": ""2025-12-12 09:00:00""}"
approval_steps,31,"{""id"": ""31"", ""approval_id"": ""16"", ""step_number"": ""1"", ""approver_id"": ""3"", ""approver_role"": ""Sales Manager"", ""threshold_type"": ""DISCOUNT_PERCENT"", ""threshold_value"": ""10.0"", ""status"": ""REJECTED"", ""actioned_at"": ""2025-12-15 17:00:00"", ""comment"": ""Step 1 actioned by Sales Manager."", ""created_at"": ""2025-12-15 09:00:00"", ""updated_at"": ""2025-12-15 09:00:00""}"
approval_steps,32,"{""id"": ""32"", ""approval_id"": ""17"", ""step_number"": ""1"", ""approver_id"": ""3"", ""approver_role"": ""Sales Manager"", ""threshold_type"": ""DISCOUNT_PERCENT"", ""threshold_value"": ""10.0"", ""status"": ""CANCELLED"", ""actioned_at"": null, ""comment"": ""Step 1 actioned by Sales Manager."", ""created_at"": ""2025-12-18 09:00:00"", ""updated_at"": ""2025-12-18 09:00:00""}"
approval_steps,33,"{""id"": ""33"", ""approval_id"": ""18"", ""step_number"": ""1"", ""approver_id"": ""3"", ""approver_role"": ""Sales Manager"", ""threshold_type"": ""DISCOUNT_PERCENT"", ""threshold_value"": ""10.0"", ""status"": ""APPROVED"", ""actioned_at"": ""2025-12-21 17:00:00"", ""comment"": ""Step 1 actioned by Sales Manager."", ""created_at"": ""2025-12-21 09:00:00"", ""updated_at"": ""2025-12-21 09:00:00""}"
approval_steps,34,"{""id"": ""34"", ""approval_id"": ""19"", ""step_number"": ""1"", ""approver_id"": ""3"", ""approver_role"": ""Sales Manager"", ""threshold_type"": ""DISCOUNT_PERCENT"", ""threshold_value"": ""10.0"", ""status"": ""PENDING"", ""actioned_at"": null, ""comment"": ""Awaiting action."", ""created_at"": ""2025-12-24 09:00:00"", ""updated_at"": ""2025-12-24 09:00:00""}"
approval_steps,35,"{""id"": ""35"", ""approval_id"": ""20"", ""step_number"": ""1"", ""approver_id"": ""3"", ""approver_role"": ""Sales Manager"", ""threshold_type"": ""DISCOUNT_PERCENT"", ""threshold_value"": ""10.0"", ""status"": ""REJECTED"", ""actioned_at"": ""2025-12-27 17:00:00"", ""comment"": ""Step 1 actioned by Sales Manager."", ""created_at"": ""2025-12-27 09:00:00"", ""updated_at"": ""2025-12-27 09:00:00""}"
approval_steps,36,"{""id"": ""36"", ""approval_id"": ""21"", ""step_number"": ""1"", ""approver_id"": ""3"", ""approver_role"": ""Sales Manager"", ""threshold_type"": ""DISCOUNT_PERCENT"", ""threshold_value"": ""10.0"", ""status"": ""CANCELLED"", ""actioned_at"": null, ""comment"": ""Step 1 actioned by Sales Manager."", ""created_at"": ""2025-12-30 09:00:00"", ""updated_at"": ""2025-12-30 09:00:00""}"
approval_steps,37,"{""id"": ""37"", ""approval_id"": ""22"", ""step_number"": ""1"", ""approver_id"": ""3"", ""approver_role"": ""Sales Manager"", ""threshold_type"": ""DISCOUNT_PERCENT"", ""threshold_value"": ""10.0"", ""status"": ""APPROVED"", ""actioned_at"": ""2026-01-02 17:00:00"", ""comment"": ""Step 1 actioned by Sales Manager."", ""created_at"": ""2026-01-02 09:00:00"", ""updated_at"": ""2026-01-02 09:00:00""}"
approval_steps,38,"{""id"": ""38"", ""approval_id"": ""23"", ""step_number"": ""1"", ""approver_id"": ""3"", ""approver_role"": ""Sales Manager"", ""threshold_type"": ""DISCOUNT_PERCENT"", ""threshold_value"": ""10.0"", ""status"": ""PENDING"", ""actioned_at"": null, ""comment"": ""Awaiting action."", ""created_at"": ""2026-01-05 09:00:00"", ""updated_at"": ""2026-01-05 09:00:00""}"
approval_steps,39,"{""id"": ""39"", ""approval_id"": ""24"", ""step_number"": ""1"", ""approver_id"": ""3"", ""approver_role"": ""Sales Manager"", ""threshold_type"": ""DISCOUNT_PERCENT"", ""threshold_value"": ""10.0"", ""status"": ""REJECTED"", ""actioned_at"": ""2026-01-08 17:00:00"", ""comment"": ""Step 1 actioned by Sales Manager."", ""created_at"": ""2026-01-08 09:00:00"", ""updated_at"": ""2026-01-08 09:00:00""}"
approval_steps,40,"{""id"": ""40"", ""approval_id"": ""25"", ""step_number"": ""1"", ""approver_id"": ""3"", ""approver_role"": ""Sales Manager"", ""threshold_type"": ""DISCOUNT_PERCENT"", ""threshold_value"": ""10.0"", ""status"": ""CANCELLED"", ""actioned_at"": null, ""comment"": ""Step 1 actioned by Sales Manager."", ""created_at"": ""2026-01-11 09:00:00"", ""updated_at"": ""2026-01-11 09:00:00""}"
fulfillment_orders,1,"{""id"": ""1"", ""fulfillment_number"": ""FO-0001"", ""quotation_id"": ""1"", ""customer_id"": ""1"", ""status"": ""SHIPPED"", ""warehouse_strategy"": ""MULTI_WAREHOUSE"", ""shipping_address"": ""Distribution Hub 1, Industrial Park, City"", ""requested_date"": ""2025-09-11 09:00:00"", ""promised_date"": ""2025-09-18 09:00:00"", ""shipped_date"": ""2025-09-13 09:00:00"", ""delivered_date"": null, ""tracking_number"": ""TRK-0001-IND"", ""created_at"": ""2025-09-11 09:00:00"", ""updated_at"": ""2025-09-11 09:00:00""}"
fulfillment_orders,2,"{""id"": ""2"", ""fulfillment_number"": ""FO-0002"", ""quotation_id"": ""2"", ""customer_id"": ""2"", ""status"": ""SHIPPED"", ""warehouse_strategy"": ""MULTI_WAREHOUSE"", ""shipping_address"": ""Distribution Hub 2, Industrial Park, City"", ""requested_date"": ""2025-09-14 09:00:00"", ""promised_date"": ""2025-09-21 09:00:00"", ""shipped_date"": ""2025-09-16 09:00:00"", ""delivered_date"": null, ""tracking_number"": ""TRK-0002-IND"", ""created_at"": ""2025-09-14 09:00:00"", ""updated_at"": ""2025-09-14 09:00:00""}"
fulfillment_orders,3,"{""id"": ""3"", ""fulfillment_number"": ""FO-0003"", ""quotation_id"": ""3"", ""customer_id"": ""3"", ""status"": ""PARTIALLY_FULFILLED"", ""warehouse_strategy"": ""MULTI_WAREHOUSE"", ""shipping_address"": ""Distribution Hub 3, Industrial Park, City"", ""requested_date"": ""2025-09-17 09:00:00"", ""promised_date"": ""2025-09-24 09:00:00"", ""shipped_date"": ""2025-09-19 09:00:00"", ""delivered_date"": null, ""tracking_number"": ""TRK-0003-IND"", ""created_at"": ""2025-09-17 09:00:00"", ""updated_at"": ""2025-09-17 09:00:00""}"
fulfillment_orders,4,"{""id"": ""4"", ""fulfillment_number"": ""FO-0004"", ""quotation_id"": ""4"", ""customer_id"": ""4"", ""status"": ""SHIPPED"", ""warehouse_strategy"": ""MULTI_WAREHOUSE"", ""shipping_address"": ""Distribution Hub 4, Industrial Park, City"", ""requested_date"": ""2025-09-20 09:00:00"", ""promised_date"": ""2025-09-27 09:00:00"", ""shipped_date"": ""2025-09-22 09:00:00"", ""delivered_date"": null, ""tracking_number"": ""TRK-0004-IND"", ""created_at"": ""2025-09-20 09:00:00"", ""updated_at"": ""2025-09-20 09:00:00""}"
fulfillment_orders,5,"{""id"": ""5"", ""fulfillment_number"": ""FO-0005"", ""quotation_id"": ""5"", ""customer_id"": ""5"", ""status"": ""PARTIALLY_FULFILLED"", ""warehouse_strategy"": ""MULTI_WAREHOUSE"", ""shipping_address"": ""Distribution Hub 5, Industrial Park, City"", ""requested_date"": ""2025-09-23 09:00:00"", ""promised_date"": ""2025-09-30 09:00:00"", ""shipped_date"": ""2025-09-25 09:00:00"", ""delivered_date"": null, ""tracking_number"": ""TRK-0005-IND"", ""created_at"": ""2025-09-23 09:00:00"", ""updated_at"": ""2025-09-23 09:00:00""}"
fulfillment_orders,6,"{""id"": ""6"", ""fulfillment_number"": ""FO-0006"", ""quotation_id"": ""6"", ""customer_id"": ""6"", ""status"": ""SHIPPED"", ""warehouse_strategy"": ""MULTI_WAREHOUSE"", ""shipping_address"": ""Distribution Hub 6, Industrial Park, City"", ""requested_date"": ""2025-09-26 09:00:00"", ""promised_date"": ""2025-10-03 09:00:00"", ""shipped_date"": ""2025-09-28 09:00:00"", ""delivered_date"": null, ""tracking_number"": ""TRK-0006-IND"", ""created_at"": ""2025-09-26 09:00:00"", ""updated_at"": ""2025-09-26 09:00:00""}"
fulfillment_orders,7,"{""id"": ""7"", ""fulfillment_number"": ""FO-0007"", ""quotation_id"": ""7"", ""customer_id"": ""7"", ""status"": ""SHIPPED"", ""warehouse_strategy"": ""MULTI_WAREHOUSE"", ""shipping_address"": ""Distribution Hub 7, Industrial Park, City"", ""requested_date"": ""2025-09-29 09:00:00"", ""promised_date"": ""2025-10-06 09:00:00"", ""shipped_date"": ""2025-10-01 09:00:00"", ""delivered_date"": null, ""tracking_number"": ""TRK-0007-IND"", ""created_at"": ""2025-09-29 09:00:00"", ""updated_at"": ""2025-09-29 09:00:00""}"
fulfillment_orders,8,"{""id"": ""8"", ""fulfillment_number"": ""FO-0008"", ""quotation_id"": ""8"", ""customer_id"": ""8"", ""status"": ""PARTIALLY_FULFILLED"", ""warehouse_strategy"": ""BACKORDER"", ""shipping_address"": ""Distribution Hub 8, Industrial Park, City"", ""requested_date"": ""2025-10-02 09:00:00"", ""promised_date"": ""2025-10-09 09:00:00"", ""shipped_date"": ""2025-10-04 09:00:00"", ""delivered_date"": null, ""tracking_number"": ""TRK-0008-IND"", ""created_at"": ""2025-10-02 09:00:00"", ""updated_at"": ""2025-10-02 09:00:00""}"
fulfillment_orders,9,"{""id"": ""9"", ""fulfillment_number"": ""FO-0009"", ""quotation_id"": ""9"", ""customer_id"": ""9"", ""status"": ""PARTIALLY_FULFILLED"", ""warehouse_strategy"": ""SINGLE_WAREHOUSE"", ""shipping_address"": ""Distribution Hub 9, Industrial Park, City"", ""requested_date"": ""2025-10-05 09:00:00"", ""promised_date"": ""2025-10-12 09:00:00"", ""shipped_date"": ""2025-10-07 09:00:00"", ""delivered_date"": null, ""tracking_number"": ""TRK-0009-IND"", ""created_at"": ""2025-10-05 09:00:00"", ""updated_at"": ""2025-10-05 09:00:00""}"
fulfillment_orders,10,"{""id"": ""10"", ""fulfillment_number"": ""FO-0010"", ""quotation_id"": ""10"", ""customer_id"": ""10"", ""status"": ""ALLOCATED"", ""warehouse_strategy"": ""SINGLE_WAREHOUSE"", ""shipping_address"": ""Distribution Hub 10, Industrial Park, City"", ""requested_date"": ""2025-10-08 09:00:00"", ""promised_date"": ""2025-10-15 09:00:00"", ""shipped_date"": null, ""delivered_date"": null, ""tracking_number"": null, ""created_at"": ""2025-10-08 09:00:00"", ""updated_at"": ""2025-10-08 09:00:00""}"
fulfillment_orders,11,"{""id"": ""11"", ""fulfillment_number"": ""FO-0011"", ""quotation_id"": ""11"", ""customer_id"": ""11"", ""status"": ""PENDING"", ""warehouse_strategy"": ""SINGLE_WAREHOUSE"", ""shipping_address"": ""Distribution Hub 11, Industrial Park, City"", ""requested_date"": ""2025-10-11 09:00:00"", ""promised_date"": ""2025-10-18 09:00:00"", ""shipped_date"": null, ""delivered_date"": null, ""tracking_number"": null, ""created_at"": ""2025-10-11 09:00:00"", ""updated_at"": ""2025-10-11 09:00:00""}"
fulfillment_orders,12,"{""id"": ""12"", ""fulfillment_number"": ""FO-0012"", ""quotation_id"": ""12"", ""customer_id"": ""12"", ""status"": ""PARTIALLY_FULFILLED"", ""warehouse_strategy"": ""BACKORDER"", ""shipping_address"": ""Distribution Hub 12, Industrial Park, City"", ""requested_date"": ""2025-10-14 09:00:00"", ""promised_date"": ""2025-10-21 09:00:00"", ""shipped_date"": ""2025-10-16 09:00:00"", ""delivered_date"": null, ""tracking_number"": ""TRK-0012-IND"", ""created_at"": ""2025-10-14 09:00:00"", ""updated_at"": ""2025-10-14 09:00:00""}"
fulfillment_orders,13,"{""id"": ""13"", ""fulfillment_number"": ""FO-0013"", ""quotation_id"": ""13"", ""customer_id"": ""13"", ""status"": ""DELIVERED"", ""warehouse_strategy"": ""SINGLE_WAREHOUSE"", ""shipping_address"": ""Distribution Hub 13, Industrial Park, City"", ""requested_date"": ""2025-10-17 09:00:00"", ""promised_date"": ""2025-10-24 09:00:00"", ""shipped_date"": ""2025-10-19 09:00:00"", ""delivered_date"": ""2025-10-22 09:00:00"", ""tracking_number"": ""TRK-0013-IND"", ""created_at"": ""2025-10-17 09:00:00"", ""updated_at"": ""2025-10-17 09:00:00""}"
fulfillment_orders,14,"{""id"": ""14"", ""fulfillment_number"": ""FO-0014"", ""quotation_id"": ""14"", ""customer_id"": ""14"", ""status"": ""SHIPPED"", ""warehouse_strategy"": ""SINGLE_WAREHOUSE"", ""shipping_address"": ""Distribution Hub 14, Industrial Park, City"", ""requested_date"": ""2025-10-20 09:00:00"", ""promised_date"": ""2025-10-27 09:00:00"", ""shipped_date"": ""2025-10-22 09:00:00"", ""delivered_date"": null, ""tracking_number"": ""TRK-0014-IND"", ""created_at"": ""2025-10-20 09:00:00"", ""updated_at"": ""2025-10-20 09:00:00""}"
fulfillment_orders,15,"{""id"": ""15"", ""fulfillment_number"": ""FO-0015"", ""quotation_id"": ""15"", ""customer_id"": ""15"", ""status"": ""PARTIALLY_FULFILLED"", ""warehouse_strategy"": ""SINGLE_WAREHOUSE"", ""shipping_address"": ""Distribution Hub 15, Industrial Park, City"", ""requested_date"": ""2025-10-23 09:00:00"", ""promised_date"": ""2025-10-30 09:00:00"", ""shipped_date"": ""2025-10-25 09:00:00"", ""delivered_date"": null, ""tracking_number"": ""TRK-0015-IND"", ""created_at"": ""2025-10-23 09:00:00"", ""updated_at"": ""2025-10-23 09:00:00""}"
fulfillment_orders,16,"{""id"": ""16"", ""fulfillment_number"": ""FO-0016"", ""quotation_id"": ""16"", ""customer_id"": ""16"", ""status"": ""ALLOCATED"", ""warehouse_strategy"": ""SINGLE_WAREHOUSE"", ""shipping_address"": ""Distribution Hub 16, Industrial Park, City"", ""requested_date"": ""2025-10-26 09:00:00"", ""promised_date"": ""2025-11-02 09:00:00"", ""shipped_date"": null, ""delivered_date"": null, ""tracking_number"": null, ""created_at"": ""2025-10-26 09:00:00"", ""updated_at"": ""2025-10-26 09:00:00""}"
fulfillment_orders,17,"{""id"": ""17"", ""fulfillment_number"": ""FO-0017"", ""quotation_id"": ""17"", ""customer_id"": ""17"", ""status"": ""PENDING"", ""warehouse_strategy"": ""SINGLE_WAREHOUSE"", ""shipping_address"": ""Distribution Hub 17, Industrial Park, City"", ""requested_date"": ""2025-10-29 09:00:00"", ""promised_date"": ""2025-11-05 09:00:00"", ""shipped_date"": null, ""delivered_date"": null, ""tracking_number"": null, ""created_at"": ""2025-10-29 09:00:00"", ""updated_at"": ""2025-10-29 09:00:00""}"
fulfillment_orders,18,"{""id"": ""18"", ""fulfillment_number"": ""FO-0018"", ""quotation_id"": ""18"", ""customer_id"": ""18"", ""status"": ""BACKORDERED"", ""warehouse_strategy"": ""SINGLE_WAREHOUSE"", ""shipping_address"": ""Distribution Hub 18, Industrial Park, City"", ""requested_date"": ""2025-11-01 09:00:00"", ""promised_date"": ""2025-11-08 09:00:00"", ""shipped_date"": null, ""delivered_date"": null, ""tracking_number"": null, ""created_at"": ""2025-11-01 09:00:00"", ""updated_at"": ""2025-11-01 09:00:00""}"
fulfillment_orders,19,"{""id"": ""19"", ""fulfillment_number"": ""FO-0019"", ""quotation_id"": ""19"", ""customer_id"": ""19"", ""status"": ""DELIVERED"", ""warehouse_strategy"": ""SINGLE_WAREHOUSE"", ""shipping_address"": ""Distribution Hub 19, Industrial Park, City"", ""requested_date"": ""2025-11-04 09:00:00"", ""promised_date"": ""2025-11-11 09:00:00"", ""shipped_date"": ""2025-11-06 09:00:00"", ""delivered_date"": ""2025-11-09 09:00:00"", ""tracking_number"": ""TRK-0019-IND"", ""created_at"": ""2025-11-04 09:00:00"", ""updated_at"": ""2025-11-04 09:00:00""}"
fulfillment_orders,20,"{""id"": ""20"", ""fulfillment_number"": ""FO-0020"", ""quotation_id"": ""20"", ""customer_id"": ""20"", ""status"": ""SHIPPED"", ""warehouse_strategy"": ""SINGLE_WAREHOUSE"", ""shipping_address"": ""Distribution Hub 20, Industrial Park, City"", ""requested_date"": ""2025-11-07 09:00:00"", ""promised_date"": ""2025-11-14 09:00:00"", ""shipped_date"": ""2025-11-09 09:00:00"", ""delivered_date"": null, ""tracking_number"": ""TRK-0020-IND"", ""created_at"": ""2025-11-07 09:00:00"", ""updated_at"": ""2025-11-07 09:00:00""}"
fulfillment_orders,21,"{""id"": ""21"", ""fulfillment_number"": ""FO-0021"", ""quotation_id"": ""21"", ""customer_id"": ""21"", ""status"": ""PARTIALLY_FULFILLED"", ""warehouse_strategy"": ""SINGLE_WAREHOUSE"", ""shipping_address"": ""Distribution Hub 21, Industrial Park, City"", ""requested_date"": ""2025-11-10 09:00:00"", ""promised_date"": ""2025-11-17 09:00:00"", ""shipped_date"": ""2025-11-12 09:00:00"", ""delivered_date"": null, ""tracking_number"": ""TRK-0021-IND"", ""created_at"": ""2025-11-10 09:00:00"", ""updated_at"": ""2025-11-10 09:00:00""}"
fulfillment_orders,22,"{""id"": ""22"", ""fulfillment_number"": ""FO-0022"", ""quotation_id"": ""22"", ""customer_id"": ""22"", ""status"": ""ALLOCATED"", ""warehouse_strategy"": ""SINGLE_WAREHOUSE"", ""shipping_address"": ""Distribution Hub 22, Industrial Park, City"", ""requested_date"": ""2025-11-13 09:00:00"", ""promised_date"": ""2025-11-20 09:00:00"", ""shipped_date"": null, ""delivered_date"": null, ""tracking_number"": null, ""created_at"": ""2025-11-13 09:00:00"", ""updated_at"": ""2025-11-13 09:00:00""}"
fulfillment_orders,23,"{""id"": ""23"", ""fulfillment_number"": ""FO-0023"", ""quotation_id"": ""23"", ""customer_id"": ""23"", ""status"": ""PENDING"", ""warehouse_strategy"": ""SINGLE_WAREHOUSE"", ""shipping_address"": ""Distribution Hub 23, Industrial Park, City"", ""requested_date"": ""2025-11-16 09:00:00"", ""promised_date"": ""2025-11-23 09:00:00"", ""shipped_date"": null, ""delivered_date"": null, ""tracking_number"": null, ""created_at"": ""2025-11-16 09:00:00"", ""updated_at"": ""2025-11-16 09:00:00""}"
fulfillment_orders,24,"{""id"": ""24"", ""fulfillment_number"": ""FO-0024"", ""quotation_id"": ""24"", ""customer_id"": ""24"", ""status"": ""BACKORDERED"", ""warehouse_strategy"": ""SINGLE_WAREHOUSE"", ""shipping_address"": ""Distribution Hub 24, Industrial Park, City"", ""requested_date"": ""2025-11-19 09:00:00"", ""promised_date"": ""2025-11-26 09:00:00"", ""shipped_date"": null, ""delivered_date"": null, ""tracking_number"": null, ""created_at"": ""2025-11-19 09:00:00"", ""updated_at"": ""2025-11-19 09:00:00""}"
fulfillment_orders,25,"{""id"": ""25"", ""fulfillment_number"": ""FO-0025"", ""quotation_id"": ""25"", ""customer_id"": ""25"", ""status"": ""DELIVERED"", ""warehouse_strategy"": ""SINGLE_WAREHOUSE"", ""shipping_address"": ""Distribution Hub 25, Industrial Park, City"", ""requested_date"": ""2025-11-22 09:00:00"", ""promised_date"": ""2025-11-29 09:00:00"", ""shipped_date"": ""2025-11-24 09:00:00"", ""delivered_date"": ""2025-11-27 09:00:00"", ""tracking_number"": ""TRK-0025-IND"", ""created_at"": ""2025-11-22 09:00:00"", ""updated_at"": ""2025-11-22 09:00:00""}"
fulfillment_orders,26,"{""id"": ""26"", ""fulfillment_number"": ""FO-0026"", ""quotation_id"": ""26"", ""customer_id"": ""26"", ""status"": ""SHIPPED"", ""warehouse_strategy"": ""SINGLE_WAREHOUSE"", ""shipping_address"": ""Distribution Hub 26, Industrial Park, City"", ""requested_date"": ""2025-11-25 09:00:00"", ""promised_date"": ""2025-12-02 09:00:00"", ""shipped_date"": ""2025-11-27 09:00:00"", ""delivered_date"": null, ""tracking_number"": ""TRK-0026-IND"", ""created_at"": ""2025-11-25 09:00:00"", ""updated_at"": ""2025-11-25 09:00:00""}"
fulfillment_orders,27,"{""id"": ""27"", ""fulfillment_number"": ""FO-0027"", ""quotation_id"": ""27"", ""customer_id"": ""27"", ""status"": ""PARTIALLY_FULFILLED"", ""warehouse_strategy"": ""SINGLE_WAREHOUSE"", ""shipping_address"": ""Distribution Hub 27, Industrial Park, City"", ""requested_date"": ""2025-11-28 09:00:00"", ""promised_date"": ""2025-12-05 09:00:00"", ""shipped_date"": ""2025-11-30 09:00:00"", ""delivered_date"": null, ""tracking_number"": ""TRK-0027-IND"", ""created_at"": ""2025-11-28 09:00:00"", ""updated_at"": ""2025-11-28 09:00:00""}"
fulfillment_orders,28,"{""id"": ""28"", ""fulfillment_number"": ""FO-0028"", ""quotation_id"": ""28"", ""customer_id"": ""28"", ""status"": ""ALLOCATED"", ""warehouse_strategy"": ""SINGLE_WAREHOUSE"", ""shipping_address"": ""Distribution Hub 28, Industrial Park, City"", ""requested_date"": ""2025-12-01 09:00:00"", ""promised_date"": ""2025-12-08 09:00:00"", ""shipped_date"": null, ""delivered_date"": null, ""tracking_number"": null, ""created_at"": ""2025-12-01 09:00:00"", ""updated_at"": ""2025-12-01 09:00:00""}"
fulfillment_orders,29,"{""id"": ""29"", ""fulfillment_number"": ""FO-0029"", ""quotation_id"": ""29"", ""customer_id"": ""29"", ""status"": ""PENDING"", ""warehouse_strategy"": ""SINGLE_WAREHOUSE"", ""shipping_address"": ""Distribution Hub 29, Industrial Park, City"", ""requested_date"": ""2025-12-04 09:00:00"", ""promised_date"": ""2025-12-11 09:00:00"", ""shipped_date"": null, ""delivered_date"": null, ""tracking_number"": null, ""created_at"": ""2025-12-04 09:00:00"", ""updated_at"": ""2025-12-04 09:00:00""}"
fulfillment_orders,30,"{""id"": ""30"", ""fulfillment_number"": ""FO-0030"", ""quotation_id"": ""30"", ""customer_id"": ""30"", ""status"": ""BACKORDERED"", ""warehouse_strategy"": ""SINGLE_WAREHOUSE"", ""shipping_address"": ""Distribution Hub 30, Industrial Park, City"", ""requested_date"": ""2025-12-07 09:00:00"", ""promised_date"": ""2025-12-14 09:00:00"", ""shipped_date"": null, ""delivered_date"": null, ""tracking_number"": null, ""created_at"": ""2025-12-07 09:00:00"", ""updated_at"": ""2025-12-07 09:00:00""}"
fulfillment_orders,31,"{""id"": ""31"", ""fulfillment_number"": ""FO-0031"", ""quotation_id"": ""31"", ""customer_id"": ""31"", ""status"": ""DELIVERED"", ""warehouse_strategy"": ""SINGLE_WAREHOUSE"", ""shipping_address"": ""Distribution Hub 31, Industrial Park, City"", ""requested_date"": ""2025-12-10 09:00:00"", ""promised_date"": ""2025-12-17 09:00:00"", ""shipped_date"": ""2025-12-12 09:00:00"", ""delivered_date"": ""2025-12-15 09:00:00"", ""tracking_number"": ""TRK-0031-IND"", ""created_at"": ""2025-12-10 09:00:00"", ""updated_at"": ""2025-12-10 09:00:00""}"
fulfillment_orders,32,"{""id"": ""32"", ""fulfillment_number"": ""FO-0032"", ""quotation_id"": ""32"", ""customer_id"": ""32"", ""status"": ""SHIPPED"", ""warehouse_strategy"": ""SINGLE_WAREHOUSE"", ""shipping_address"": ""Distribution Hub 32, Industrial Park, City"", ""requested_date"": ""2025-12-13 09:00:00"", ""promised_date"": ""2025-12-20 09:00:00"", ""shipped_date"": ""2025-12-15 09:00:00"", ""delivered_date"": null, ""tracking_number"": ""TRK-0032-IND"", ""created_at"": ""2025-12-13 09:00:00"", ""updated_at"": ""2025-12-13 09:00:00""}"
fulfillment_orders,33,"{""id"": ""33"", ""fulfillment_number"": ""FO-0033"", ""quotation_id"": ""33"", ""customer_id"": ""33"", ""status"": ""PARTIALLY_FULFILLED"", ""warehouse_strategy"": ""SINGLE_WAREHOUSE"", ""shipping_address"": ""Distribution Hub 33, Industrial Park, City"", ""requested_date"": ""2025-12-16 09:00:00"", ""promised_date"": ""2025-12-23 09:00:00"", ""shipped_date"": ""2025-12-18 09:00:00"", ""delivered_date"": null, ""tracking_number"": ""TRK-0033-IND"", ""created_at"": ""2025-12-16 09:00:00"", ""updated_at"": ""2025-12-16 09:00:00""}"
fulfillment_orders,34,"{""id"": ""34"", ""fulfillment_number"": ""FO-0034"", ""quotation_id"": ""34"", ""customer_id"": ""34"", ""status"": ""ALLOCATED"", ""warehouse_strategy"": ""SINGLE_WAREHOUSE"", ""shipping_address"": ""Distribution Hub 34, Industrial Park, City"", ""requested_date"": ""2025-12-19 09:00:00"", ""promised_date"": ""2025-12-26 09:00:00"", ""shipped_date"": null, ""delivered_date"": null, ""tracking_number"": null, ""created_at"": ""2025-12-19 09:00:00"", ""updated_at"": ""2025-12-19 09:00:00""}"
fulfillment_orders,35,"{""id"": ""35"", ""fulfillment_number"": ""FO-0035"", ""quotation_id"": ""35"", ""customer_id"": ""35"", ""status"": ""PENDING"", ""warehouse_strategy"": ""SINGLE_WAREHOUSE"", ""shipping_address"": ""Distribution Hub 35, Industrial Park, City"", ""requested_date"": ""2025-12-22 09:00:00"", ""promised_date"": ""2025-12-29 09:00:00"", ""shipped_date"": null, ""delivered_date"": null, ""tracking_number"": null, ""created_at"": ""2025-12-22 09:00:00"", ""updated_at"": ""2025-12-22 09:00:00""}"
fulfillment_lines,1,"{""id"": ""1"", ""fulfillment_order_id"": ""1"", ""quotation_line_id"": ""3"", ""product_id"": ""3"", ""warehouse_id"": ""1"", ""ordered_quantity"": ""5"", ""allocated_quantity"": ""5"", ""fulfilled_quantity"": ""5"", ""backordered_quantity"": ""0"", ""status"": ""FULFILLED"", ""unit_price"": ""2100.0"", ""unit_cost"": ""1350.0"", ""created_at"": ""2025-09-11 09:00:00"", ""updated_at"": ""2025-09-11 09:00:00""}"
fulfillment_lines,2,"{""id"": ""2"", ""fulfillment_order_id"": ""1"", ""quotation_line_id"": ""4"", ""product_id"": ""4"", ""warehouse_id"": ""2"", ""ordered_quantity"": ""5"", ""allocated_quantity"": ""5"", ""fulfilled_quantity"": ""5"", ""backordered_quantity"": ""0"", ""status"": ""FULFILLED"", ""unit_price"": ""220.0"", ""unit_cost"": ""150.0"", ""created_at"": ""2025-09-11 09:00:00"", ""updated_at"": ""2025-09-11 09:00:00""}"
fulfillment_lines,3,"{""id"": ""3"", ""fulfillment_order_id"": ""2"", ""quotation_line_id"": ""4"", ""product_id"": ""4"", ""warehouse_id"": ""1"", ""ordered_quantity"": ""5"", ""allocated_quantity"": ""5"", ""fulfilled_quantity"": ""5"", ""backordered_quantity"": ""0"", ""status"": ""FULFILLED"", ""unit_price"": ""220.0"", ""unit_cost"": ""150.0"", ""created_at"": ""2025-09-14 09:00:00"", ""updated_at"": ""2025-09-14 09:00:00""}"
fulfillment_lines,4,"{""id"": ""4"", ""fulfillment_order_id"": ""2"", ""quotation_line_id"": ""5"", ""product_id"": ""5"", ""warehouse_id"": ""2"", ""ordered_quantity"": ""5"", ""allocated_quantity"": ""5"", ""fulfilled_quantity"": ""5"", ""backordered_quantity"": ""0"", ""status"": ""FULFILLED"", ""unit_price"": ""380.0"", ""unit_cost"": ""240.0"", ""created_at"": ""2025-09-14 09:00:00"", ""updated_at"": ""2025-09-14 09:00:00""}"
fulfillment_lines,5,"{""id"": ""5"", ""fulfillment_order_id"": ""3"", ""quotation_line_id"": ""5"", ""product_id"": ""5"", ""warehouse_id"": ""1"", ""ordered_quantity"": ""10"", ""allocated_quantity"": ""7"", ""fulfilled_quantity"": ""7"", ""backordered_quantity"": ""3"", ""status"": ""PARTIALLY_FULFILLED"", ""unit_price"": ""380.0"", ""unit_cost"": ""240.0"", ""created_at"": ""2025-09-17 09:00:00"", ""updated_at"": ""2025-09-17 09:00:00""}"
fulfillment_lines,6,"{""id"": ""6"", ""fulfillment_order_id"": ""3"", ""quotation_line_id"": ""6"", ""product_id"": ""6"", ""warehouse_id"": ""2"", ""ordered_quantity"": ""10"", ""allocated_quantity"": ""7"", ""fulfilled_quantity"": ""7"", ""backordered_quantity"": ""3"", ""status"": ""PARTIALLY_FULFILLED"", ""unit_price"": ""650.0"", ""unit_cost"": ""400.0"", ""created_at"": ""2025-09-17 09:00:00"", ""updated_at"": ""2025-09-17 09:00:00""}"
fulfillment_lines,7,"{""id"": ""7"", ""fulfillment_order_id"": ""4"", ""quotation_line_id"": ""6"", ""product_id"": ""6"", ""warehouse_id"": ""1"", ""ordered_quantity"": ""5"", ""allocated_quantity"": ""5"", ""fulfilled_quantity"": ""5"", ""backordered_quantity"": ""0"", ""status"": ""FULFILLED"", ""unit_price"": ""650.0"", ""unit_cost"": ""400.0"", ""created_at"": ""2025-09-20 09:00:00"", ""updated_at"": ""2025-09-20 09:00:00""}"
fulfillment_lines,8,"{""id"": ""8"", ""fulfillment_order_id"": ""4"", ""quotation_line_id"": ""7"", ""product_id"": ""7"", ""warehouse_id"": ""2"", ""ordered_quantity"": ""5"", ""allocated_quantity"": ""5"", ""fulfilled_quantity"": ""5"", ""backordered_quantity"": ""0"", ""status"": ""FULFILLED"", ""unit_price"": ""120.0"", ""unit_cost"": ""40.0"", ""created_at"": ""2025-09-20 09:00:00"", ""updated_at"": ""2025-09-20 09:00:00""}"
fulfillment_lines,9,"{""id"": ""9"", ""fulfillment_order_id"": ""5"", ""quotation_line_id"": ""7"", ""product_id"": ""7"", ""warehouse_id"": ""1"", ""ordered_quantity"": ""10"", ""allocated_quantity"": ""7"", ""fulfilled_quantity"": ""7"", ""backordered_quantity"": ""3"", ""status"": ""PARTIALLY_FULFILLED"", ""unit_price"": ""120.0"", ""unit_cost"": ""40.0"", ""created_at"": ""2025-09-23 09:00:00"", ""updated_at"": ""2025-09-23 09:00:00""}"
fulfillment_lines,10,"{""id"": ""10"", ""fulfillment_order_id"": ""5"", ""quotation_line_id"": ""8"", ""product_id"": ""8"", ""warehouse_id"": ""2"", ""ordered_quantity"": ""10"", ""allocated_quantity"": ""7"", ""fulfilled_quantity"": ""7"", ""backordered_quantity"": ""3"", ""status"": ""PARTIALLY_FULFILLED"", ""unit_price"": ""250.0"", ""unit_cost"": ""75.0"", ""created_at"": ""2025-09-23 09:00:00"", ""updated_at"": ""2025-09-23 09:00:00""}"
fulfillment_lines,11,"{""id"": ""11"", ""fulfillment_order_id"": ""6"", ""quotation_line_id"": ""8"", ""product_id"": ""8"", ""warehouse_id"": ""1"", ""ordered_quantity"": ""5"", ""allocated_quantity"": ""5"", ""fulfilled_quantity"": ""5"", ""backordered_quantity"": ""0"", ""status"": ""FULFILLED"", ""unit_price"": ""250.0"", ""unit_cost"": ""75.0"", ""created_at"": ""2025-09-26 09:00:00"", ""updated_at"": ""2025-09-26 09:00:00""}"
fulfillment_lines,12,"{""id"": ""12"", ""fulfillment_order_id"": ""6"", ""quotation_line_id"": ""9"", ""product_id"": ""9"", ""warehouse_id"": ""2"", ""ordered_quantity"": ""5"", ""allocated_quantity"": ""5"", ""fulfilled_quantity"": ""5"", ""backordered_quantity"": ""0"", ""status"": ""FULFILLED"", ""unit_price"": ""450.0"", ""unit_cost"": ""120.0"", ""created_at"": ""2025-09-26 09:00:00"", ""updated_at"": ""2025-09-26 09:00:00""}"
fulfillment_lines,13,"{""id"": ""13"", ""fulfillment_order_id"": ""7"", ""quotation_line_id"": ""9"", ""product_id"": ""9"", ""warehouse_id"": ""1"", ""ordered_quantity"": ""5"", ""allocated_quantity"": ""5"", ""fulfilled_quantity"": ""5"", ""backordered_quantity"": ""0"", ""status"": ""FULFILLED"", ""unit_price"": ""450.0"", ""unit_cost"": ""120.0"", ""created_at"": ""2025-09-29 09:00:00"", ""updated_at"": ""2025-09-29 09:00:00""}"
fulfillment_lines,14,"{""id"": ""14"", ""fulfillment_order_id"": ""7"", ""quotation_line_id"": ""10"", ""product_id"": ""10"", ""warehouse_id"": ""2"", ""ordered_quantity"": ""5"", ""allocated_quantity"": ""5"", ""fulfilled_quantity"": ""5"", ""backordered_quantity"": ""0"", ""status"": ""FULFILLED"", ""unit_price"": ""500.0"", ""unit_cost"": ""340.0"", ""created_at"": ""2025-09-29 09:00:00"", ""updated_at"": ""2025-09-29 09:00:00""}"
fulfillment_lines,15,"{""id"": ""15"", ""fulfillment_order_id"": ""8"", ""quotation_line_id"": ""10"", ""product_id"": ""10"", ""warehouse_id"": ""1"", ""ordered_quantity"": ""10"", ""allocated_quantity"": ""7"", ""fulfilled_quantity"": ""7"", ""backordered_quantity"": ""3"", ""status"": ""PARTIALLY_FULFILLED"", ""unit_price"": ""500.0"", ""unit_cost"": ""340.0"", ""created_at"": ""2025-10-02 09:00:00"", ""updated_at"": ""2025-10-02 09:00:00""}"
fulfillment_lines,16,"{""id"": ""16"", ""fulfillment_order_id"": ""8"", ""quotation_line_id"": ""11"", ""product_id"": ""11"", ""warehouse_id"": ""1"", ""ordered_quantity"": ""10"", ""allocated_quantity"": ""7"", ""fulfilled_quantity"": ""7"", ""backordered_quantity"": ""3"", ""status"": ""PARTIALLY_FULFILLED"", ""unit_price"": ""850.0"", ""unit_cost"": ""530.0"", ""created_at"": ""2025-10-02 09:00:00"", ""updated_at"": ""2025-10-02 09:00:00""}"
fulfillment_lines,17,"{""id"": ""17"", ""fulfillment_order_id"": ""9"", ""quotation_line_id"": ""11"", ""product_id"": ""11"", ""warehouse_id"": ""1"", ""ordered_quantity"": ""5"", ""allocated_quantity"": ""5"", ""fulfilled_quantity"": ""0"", ""backordered_quantity"": ""5"", ""status"": ""ALLOCATED"", ""unit_price"": ""850.0"", ""unit_cost"": ""530.0"", ""created_at"": ""2025-10-05 09:00:00"", ""updated_at"": ""2025-10-05 09:00:00""}"
fulfillment_lines,18,"{""id"": ""18"", ""fulfillment_order_id"": ""9"", ""quotation_line_id"": ""12"", ""product_id"": ""12"", ""warehouse_id"": ""1"", ""ordered_quantity"": ""5"", ""allocated_quantity"": ""5"", ""fulfilled_quantity"": ""0"", ""backordered_quantity"": ""5"", ""status"": ""ALLOCATED"", ""unit_price"": ""1400.0"", ""unit_cost"": ""820.0"", ""created_at"": ""2025-10-05 09:00:00"", ""updated_at"": ""2025-10-05 09:00:00""}"
fulfillment_lines,19,"{""id"": ""19"", ""fulfillment_order_id"": ""10"", ""quotation_line_id"": ""12"", ""product_id"": ""12"", ""warehouse_id"": ""1"", ""ordered_quantity"": ""5"", ""allocated_quantity"": ""5"", ""fulfilled_quantity"": ""0"", ""backordered_quantity"": ""5"", ""status"": ""ALLOCATED"", ""unit_price"": ""1400.0"", ""unit_cost"": ""820.0"", ""created_at"": ""2025-10-08 09:00:00"", ""updated_at"": ""2025-10-08 09:00:00""}"
fulfillment_lines,20,"{""id"": ""20"", ""fulfillment_order_id"": ""10"", ""quotation_line_id"": ""13"", ""product_id"": ""13"", ""warehouse_id"": ""1"", ""ordered_quantity"": ""5"", ""allocated_quantity"": ""5"", ""fulfilled_quantity"": ""0"", ""backordered_quantity"": ""5"", ""status"": ""ALLOCATED"", ""unit_price"": ""45.0"", ""unit_cost"": ""18.0"", ""created_at"": ""2025-10-08 09:00:00"", ""updated_at"": ""2025-10-08 09:00:00""}"
fulfillment_lines,21,"{""id"": ""21"", ""fulfillment_order_id"": ""11"", ""quotation_line_id"": ""13"", ""product_id"": ""13"", ""warehouse_id"": ""1"", ""ordered_quantity"": ""5"", ""allocated_quantity"": ""5"", ""fulfilled_quantity"": ""0"", ""backordered_quantity"": ""5"", ""status"": ""ALLOCATED"", ""unit_price"": ""45.0"", ""unit_cost"": ""18.0"", ""created_at"": ""2025-10-11 09:00:00"", ""updated_at"": ""2025-10-11 09:00:00""}"
fulfillment_lines,22,"{""id"": ""22"", ""fulfillment_order_id"": ""11"", ""quotation_line_id"": ""14"", ""product_id"": ""14"", ""warehouse_id"": ""1"", ""ordered_quantity"": ""5"", ""allocated_quantity"": ""5"", ""fulfilled_quantity"": ""0"", ""backordered_quantity"": ""5"", ""status"": ""ALLOCATED"", ""unit_price"": ""95.0"", ""unit_cost"": ""45.0"", ""created_at"": ""2025-10-11 09:00:00"", ""updated_at"": ""2025-10-11 09:00:00""}"
fulfillment_lines,23,"{""id"": ""23"", ""fulfillment_order_id"": ""12"", ""quotation_line_id"": ""14"", ""product_id"": ""14"", ""warehouse_id"": ""1"", ""ordered_quantity"": ""10"", ""allocated_quantity"": ""7"", ""fulfilled_quantity"": ""7"", ""backordered_quantity"": ""3"", ""status"": ""PARTIALLY_FULFILLED"", ""unit_price"": ""95.0"", ""unit_cost"": ""45.0"", ""created_at"": ""2025-10-14 09:00:00"", ""updated_at"": ""2025-10-14 09:00:00""}"
fulfillment_lines,24,"{""id"": ""24"", ""fulfillment_order_id"": ""12"", ""quotation_line_id"": ""15"", ""product_id"": ""15"", ""warehouse_id"": ""1"", ""ordered_quantity"": ""10"", ""allocated_quantity"": ""7"", ""fulfilled_quantity"": ""7"", ""backordered_quantity"": ""3"", ""status"": ""PARTIALLY_FULFILLED"", ""unit_price"": ""180.0"", ""unit_cost"": ""95.0"", ""created_at"": ""2025-10-14 09:00:00"", ""updated_at"": ""2025-10-14 09:00:00""}"
fulfillment_lines,25,"{""id"": ""25"", ""fulfillment_order_id"": ""13"", ""quotation_line_id"": ""15"", ""product_id"": ""15"", ""warehouse_id"": ""1"", ""ordered_quantity"": ""5"", ""allocated_quantity"": ""5"", ""fulfilled_quantity"": ""5"", ""backordered_quantity"": ""0"", ""status"": ""FULFILLED"", ""unit_price"": ""180.0"", ""unit_cost"": ""95.0"", ""created_at"": ""2025-10-17 09:00:00"", ""updated_at"": ""2025-10-17 09:00:00""}"
fulfillment_lines,26,"{""id"": ""26"", ""fulfillment_order_id"": ""13"", ""quotation_line_id"": ""16"", ""product_id"": ""16"", ""warehouse_id"": ""1"", ""ordered_quantity"": ""5"", ""allocated_quantity"": ""5"", ""fulfilled_quantity"": ""5"", ""backordered_quantity"": ""0"", ""status"": ""FULFILLED"", ""unit_price"": ""65.0"", ""unit_cost"": ""25.0"", ""created_at"": ""2025-10-17 09:00:00"", ""updated_at"": ""2025-10-17 09:00:00""}"
fulfillment_lines,27,"{""id"": ""27"", ""fulfillment_order_id"": ""14"", ""quotation_line_id"": ""16"", ""product_id"": ""16"", ""warehouse_id"": ""1"", ""ordered_quantity"": ""5"", ""allocated_quantity"": ""5"", ""fulfilled_quantity"": ""5"", ""backordered_quantity"": ""0"", ""status"": ""FULFILLED"", ""unit_price"": ""65.0"", ""unit_cost"": ""25.0"", ""created_at"": ""2025-10-20 09:00:00"", ""updated_at"": ""2025-10-20 09:00:00""}"
fulfillment_lines,28,"{""id"": ""28"", ""fulfillment_order_id"": ""14"", ""quotation_line_id"": ""17"", ""product_id"": ""17"", ""warehouse_id"": ""1"", ""ordered_quantity"": ""5"", ""allocated_quantity"": ""5"", ""fulfilled_quantity"": ""5"", ""backordered_quantity"": ""0"", ""status"": ""FULFILLED"", ""unit_price"": ""110.0"", ""unit_cost"": ""55.0"", ""created_at"": ""2025-10-20 09:00:00"", ""updated_at"": ""2025-10-20 09:00:00""}"
fulfillment_lines,29,"{""id"": ""29"", ""fulfillment_order_id"": ""15"", ""quotation_line_id"": ""17"", ""product_id"": ""17"", ""warehouse_id"": ""1"", ""ordered_quantity"": ""5"", ""allocated_quantity"": ""5"", ""fulfilled_quantity"": ""0"", ""backordered_quantity"": ""5"", ""status"": ""ALLOCATED"", ""unit_price"": ""110.0"", ""unit_cost"": ""55.0"", ""created_at"": ""2025-10-23 09:00:00"", ""updated_at"": ""2025-10-23 09:00:00""}"
fulfillment_lines,30,"{""id"": ""30"", ""fulfillment_order_id"": ""15"", ""quotation_line_id"": ""18"", ""product_id"": ""18"", ""warehouse_id"": ""1"", ""ordered_quantity"": ""5"", ""allocated_quantity"": ""5"", ""fulfilled_quantity"": ""0"", ""backordered_quantity"": ""5"", ""status"": ""ALLOCATED"", ""unit_price"": ""75.0"", ""unit_cost"": ""30.0"", ""created_at"": ""2025-10-23 09:00:00"", ""updated_at"": ""2025-10-23 09:00:00""}"
fulfillment_lines,31,"{""id"": ""31"", ""fulfillment_order_id"": ""16"", ""quotation_line_id"": ""18"", ""product_id"": ""18"", ""warehouse_id"": ""1"", ""ordered_quantity"": ""5"", ""allocated_quantity"": ""5"", ""fulfilled_quantity"": ""0"", ""backordered_quantity"": ""5"", ""status"": ""ALLOCATED"", ""unit_price"": ""75.0"", ""unit_cost"": ""30.0"", ""created_at"": ""2025-10-26 09:00:00"", ""updated_at"": ""2025-10-26 09:00:00""}"
fulfillment_lines,32,"{""id"": ""32"", ""fulfillment_order_id"": ""16"", ""quotation_line_id"": ""19"", ""product_id"": ""19"", ""warehouse_id"": ""1"", ""ordered_quantity"": ""5"", ""allocated_quantity"": ""5"", ""fulfilled_quantity"": ""0"", ""backordered_quantity"": ""5"", ""status"": ""ALLOCATED"", ""unit_price"": ""450.0"", ""unit_cost"": ""220.0"", ""created_at"": ""2025-10-26 09:00:00"", ""updated_at"": ""2025-10-26 09:00:00""}"
fulfillment_lines,33,"{""id"": ""33"", ""fulfillment_order_id"": ""17"", ""quotation_line_id"": ""19"", ""product_id"": ""19"", ""warehouse_id"": ""1"", ""ordered_quantity"": ""5"", ""allocated_quantity"": ""5"", ""fulfilled_quantity"": ""0"", ""backordered_quantity"": ""5"", ""status"": ""ALLOCATED"", ""unit_price"": ""450.0"", ""unit_cost"": ""220.0"", ""created_at"": ""2025-10-29 09:00:00"", ""updated_at"": ""2025-10-29 09:00:00""}"
fulfillment_lines,34,"{""id"": ""34"", ""fulfillment_order_id"": ""17"", ""quotation_line_id"": ""20"", ""product_id"": ""20"", ""warehouse_id"": ""1"", ""ordered_quantity"": ""5"", ""allocated_quantity"": ""5"", ""fulfilled_quantity"": ""0"", ""backordered_quantity"": ""5"", ""status"": ""ALLOCATED"", ""unit_price"": ""600.0"", ""unit_cost"": ""280.0"", ""created_at"": ""2025-10-29 09:00:00"", ""updated_at"": ""2025-10-29 09:00:00""}"
fulfillment_lines,35,"{""id"": ""35"", ""fulfillment_order_id"": ""18"", ""quotation_line_id"": ""20"", ""product_id"": ""20"", ""warehouse_id"": ""1"", ""ordered_quantity"": ""5"", ""allocated_quantity"": ""5"", ""fulfilled_quantity"": ""0"", ""backordered_quantity"": ""5"", ""status"": ""ALLOCATED"", ""unit_price"": ""600.0"", ""unit_cost"": ""280.0"", ""created_at"": ""2025-11-01 09:00:00"", ""updated_at"": ""2025-11-01 09:00:00""}"
fulfillment_lines,36,"{""id"": ""36"", ""fulfillment_order_id"": ""18"", ""quotation_line_id"": ""21"", ""product_id"": ""21"", ""warehouse_id"": ""1"", ""ordered_quantity"": ""5"", ""allocated_quantity"": ""5"", ""fulfilled_quantity"": ""0"", ""backordered_quantity"": ""5"", ""status"": ""ALLOCATED"", ""unit_price"": ""750.0"", ""unit_cost"": ""350.0"", ""created_at"": ""2025-11-01 09:00:00"", ""updated_at"": ""2025-11-01 09:00:00""}"
fulfillment_lines,37,"{""id"": ""37"", ""fulfillment_order_id"": ""19"", ""quotation_line_id"": ""21"", ""product_id"": ""21"", ""warehouse_id"": ""1"", ""ordered_quantity"": ""5"", ""allocated_quantity"": ""5"", ""fulfilled_quantity"": ""5"", ""backordered_quantity"": ""0"", ""status"": ""FULFILLED"", ""unit_price"": ""750.0"", ""unit_cost"": ""350.0"", ""created_at"": ""2025-11-04 09:00:00"", ""updated_at"": ""2025-11-04 09:00:00""}"
fulfillment_lines,38,"{""id"": ""38"", ""fulfillment_order_id"": ""19"", ""quotation_line_id"": ""22"", ""product_id"": ""22"", ""warehouse_id"": ""1"", ""ordered_quantity"": ""5"", ""allocated_quantity"": ""5"", ""fulfilled_quantity"": ""5"", ""backordered_quantity"": ""0"", ""status"": ""FULFILLED"", ""unit_price"": ""180.0"", ""unit_cost"": ""60.0"", ""created_at"": ""2025-11-04 09:00:00"", ""updated_at"": ""2025-11-04 09:00:00""}"
fulfillment_lines,39,"{""id"": ""39"", ""fulfillment_order_id"": ""20"", ""quotation_line_id"": ""22"", ""product_id"": ""22"", ""warehouse_id"": ""1"", ""ordered_quantity"": ""5"", ""allocated_quantity"": ""5"", ""fulfilled_quantity"": ""5"", ""backordered_quantity"": ""0"", ""status"": ""FULFILLED"", ""unit_price"": ""180.0"", ""unit_cost"": ""60.0"", ""created_at"": ""2025-11-07 09:00:00"", ""updated_at"": ""2025-11-07 09:00:00""}"
fulfillment_lines,40,"{""id"": ""40"", ""fulfillment_order_id"": ""20"", ""quotation_line_id"": ""23"", ""product_id"": ""23"", ""warehouse_id"": ""1"", ""ordered_quantity"": ""5"", ""allocated_quantity"": ""5"", ""fulfilled_quantity"": ""5"", ""backordered_quantity"": ""0"", ""status"": ""FULFILLED"", ""unit_price"": ""150.0"", ""unit_cost"": ""40.0"", ""created_at"": ""2025-11-07 09:00:00"", ""updated_at"": ""2025-11-07 09:00:00""}"
fulfillment_lines,41,"{""id"": ""41"", ""fulfillment_order_id"": ""21"", ""quotation_line_id"": ""23"", ""product_id"": ""23"", ""warehouse_id"": ""1"", ""ordered_quantity"": ""5"", ""allocated_quantity"": ""5"", ""fulfilled_quantity"": ""0"", ""backordered_quantity"": ""5"", ""status"": ""ALLOCATED"", ""unit_price"": ""150.0"", ""unit_cost"": ""40.0"", ""created_at"": ""2025-11-10 09:00:00"", ""updated_at"": ""2025-11-10 09:00:00""}"
fulfillment_lines,42,"{""id"": ""42"", ""fulfillment_order_id"": ""21"", ""quotation_line_id"": ""24"", ""product_id"": ""24"", ""warehouse_id"": ""1"", ""ordered_quantity"": ""5"", ""allocated_quantity"": ""5"", ""fulfilled_quantity"": ""0"", ""backordered_quantity"": ""5"", ""status"": ""ALLOCATED"", ""unit_price"": ""200.0"", ""unit_cost"": ""60.0"", ""created_at"": ""2025-11-10 09:00:00"", ""updated_at"": ""2025-11-10 09:00:00""}"
fulfillment_lines,43,"{""id"": ""43"", ""fulfillment_order_id"": ""22"", ""quotation_line_id"": ""24"", ""product_id"": ""24"", ""warehouse_id"": ""1"", ""ordered_quantity"": ""5"", ""allocated_quantity"": ""5"", ""fulfilled_quantity"": ""0"", ""backordered_quantity"": ""5"", ""status"": ""ALLOCATED"", ""unit_price"": ""200.0"", ""unit_cost"": ""60.0"", ""created_at"": ""2025-11-13 09:00:00"", ""updated_at"": ""2025-11-13 09:00:00""}"
fulfillment_lines,44,"{""id"": ""44"", ""fulfillment_order_id"": ""22"", ""quotation_line_id"": ""25"", ""product_id"": ""1"", ""warehouse_id"": ""1"", ""ordered_quantity"": ""5"", ""allocated_quantity"": ""5"", ""fulfilled_quantity"": ""0"", ""backordered_quantity"": ""5"", ""status"": ""ALLOCATED"", ""unit_price"": ""1200.0"", ""unit_cost"": ""840.0"", ""created_at"": ""2025-11-13 09:00:00"", ""updated_at"": ""2025-11-13 09:00:00""}"
fulfillment_lines,45,"{""id"": ""45"", ""fulfillment_order_id"": ""23"", ""quotation_line_id"": ""25"", ""product_id"": ""1"", ""warehouse_id"": ""1"", ""ordered_quantity"": ""5"", ""allocated_quantity"": ""5"", ""fulfilled_quantity"": ""0"", ""backordered_quantity"": ""5"", ""status"": ""ALLOCATED"", ""unit_price"": ""1200.0"", ""unit_cost"": ""840.0"", ""created_at"": ""2025-11-16 09:00:00"", ""updated_at"": ""2025-11-16 09:00:00""}"
fulfillment_lines,46,"{""id"": ""46"", ""fulfillment_order_id"": ""23"", ""quotation_line_id"": ""26"", ""product_id"": ""2"", ""warehouse_id"": ""1"", ""ordered_quantity"": ""5"", ""allocated_quantity"": ""5"", ""fulfilled_quantity"": ""0"", ""backordered_quantity"": ""5"", ""status"": ""ALLOCATED"", ""unit_price"": ""1550.0"", ""unit_cost"": ""1020.0"", ""created_at"": ""2025-11-16 09:00:00"", ""updated_at"": ""2025-11-16 09:00:00""}"
fulfillment_lines,47,"{""id"": ""47"", ""fulfillment_order_id"": ""24"", ""quotation_line_id"": ""26"", ""product_id"": ""2"", ""warehouse_id"": ""1"", ""ordered_quantity"": ""5"", ""allocated_quantity"": ""5"", ""fulfilled_quantity"": ""0"", ""backordered_quantity"": ""5"", ""status"": ""ALLOCATED"", ""unit_price"": ""1550.0"", ""unit_cost"": ""1020.0"", ""created_at"": ""2025-11-19 09:00:00"", ""updated_at"": ""2025-11-19 09:00:00""}"
fulfillment_lines,48,"{""id"": ""48"", ""fulfillment_order_id"": ""24"", ""quotation_line_id"": ""27"", ""product_id"": ""3"", ""warehouse_id"": ""1"", ""ordered_quantity"": ""5"", ""allocated_quantity"": ""5"", ""fulfilled_quantity"": ""0"", ""backordered_quantity"": ""5"", ""status"": ""ALLOCATED"", ""unit_price"": ""2100.0"", ""unit_cost"": ""1350.0"", ""created_at"": ""2025-11-19 09:00:00"", ""updated_at"": ""2025-11-19 09:00:00""}"
fulfillment_lines,49,"{""id"": ""49"", ""fulfillment_order_id"": ""25"", ""quotation_line_id"": ""27"", ""product_id"": ""3"", ""warehouse_id"": ""1"", ""ordered_quantity"": ""5"", ""allocated_quantity"": ""5"", ""fulfilled_quantity"": ""5"", ""backordered_quantity"": ""0"", ""status"": ""FULFILLED"", ""unit_price"": ""2100.0"", ""unit_cost"": ""1350.0"", ""created_at"": ""2025-11-22 09:00:00"", ""updated_at"": ""2025-11-22 09:00:00""}"
fulfillment_lines,50,"{""id"": ""50"", ""fulfillment_order_id"": ""25"", ""quotation_line_id"": ""28"", ""product_id"": ""4"", ""warehouse_id"": ""1"", ""ordered_quantity"": ""5"", ""allocated_quantity"": ""5"", ""fulfilled_quantity"": ""5"", ""backordered_quantity"": ""0"", ""status"": ""FULFILLED"", ""unit_price"": ""220.0"", ""unit_cost"": ""150.0"", ""created_at"": ""2025-11-22 09:00:00"", ""updated_at"": ""2025-11-22 09:00:00""}"
fulfillment_lines,51,"{""id"": ""51"", ""fulfillment_order_id"": ""26"", ""quotation_line_id"": ""28"", ""product_id"": ""4"", ""warehouse_id"": ""1"", ""ordered_quantity"": ""5"", ""allocated_quantity"": ""5"", ""fulfilled_quantity"": ""5"", ""backordered_quantity"": ""0"", ""status"": ""FULFILLED"", ""unit_price"": ""220.0"", ""unit_cost"": ""150.0"", ""created_at"": ""2025-11-25 09:00:00"", ""updated_at"": ""2025-11-25 09:00:00""}"
fulfillment_lines,52,"{""id"": ""52"", ""fulfillment_order_id"": ""27"", ""quotation_line_id"": ""29"", ""product_id"": ""5"", ""warehouse_id"": ""1"", ""ordered_quantity"": ""5"", ""allocated_quantity"": ""5"", ""fulfilled_quantity"": ""0"", ""backordered_quantity"": ""5"", ""status"": ""ALLOCATED"", ""unit_price"": ""380.0"", ""unit_cost"": ""240.0"", ""created_at"": ""2025-11-28 09:00:00"", ""updated_at"": ""2025-11-28 09:00:00""}"
fulfillment_lines,53,"{""id"": ""53"", ""fulfillment_order_id"": ""28"", ""quotation_line_id"": ""30"", ""product_id"": ""6"", ""warehouse_id"": ""1"", ""ordered_quantity"": ""5"", ""allocated_quantity"": ""5"", ""fulfilled_quantity"": ""0"", ""backordered_quantity"": ""5"", ""status"": ""ALLOCATED"", ""unit_price"": ""650.0"", ""unit_cost"": ""400.0"", ""created_at"": ""2025-12-01 09:00:00"", ""updated_at"": ""2025-12-01 09:00:00""}"
fulfillment_lines,54,"{""id"": ""54"", ""fulfillment_order_id"": ""29"", ""quotation_line_id"": ""31"", ""product_id"": ""7"", ""warehouse_id"": ""1"", ""ordered_quantity"": ""5"", ""allocated_quantity"": ""5"", ""fulfilled_quantity"": ""0"", ""backordered_quantity"": ""5"", ""status"": ""ALLOCATED"", ""unit_price"": ""120.0"", ""unit_cost"": ""40.0"", ""created_at"": ""2025-12-04 09:00:00"", ""updated_at"": ""2025-12-04 09:00:00""}"
fulfillment_lines,55,"{""id"": ""55"", ""fulfillment_order_id"": ""30"", ""quotation_line_id"": ""32"", ""product_id"": ""8"", ""warehouse_id"": ""1"", ""ordered_quantity"": ""5"", ""allocated_quantity"": ""5"", ""fulfilled_quantity"": ""0"", ""backordered_quantity"": ""5"", ""status"": ""ALLOCATED"", ""unit_price"": ""250.0"", ""unit_cost"": ""75.0"", ""created_at"": ""2025-12-07 09:00:00"", ""updated_at"": ""2025-12-07 09:00:00""}"
fulfillment_lines,56,"{""id"": ""56"", ""fulfillment_order_id"": ""31"", ""quotation_line_id"": ""33"", ""product_id"": ""9"", ""warehouse_id"": ""1"", ""ordered_quantity"": ""5"", ""allocated_quantity"": ""5"", ""fulfilled_quantity"": ""5"", ""backordered_quantity"": ""0"", ""status"": ""FULFILLED"", ""unit_price"": ""450.0"", ""unit_cost"": ""120.0"", ""created_at"": ""2025-12-10 09:00:00"", ""updated_at"": ""2025-12-10 09:00:00""}"
fulfillment_lines,57,"{""id"": ""57"", ""fulfillment_order_id"": ""32"", ""quotation_line_id"": ""34"", ""product_id"": ""10"", ""warehouse_id"": ""1"", ""ordered_quantity"": ""5"", ""allocated_quantity"": ""5"", ""fulfilled_quantity"": ""5"", ""backordered_quantity"": ""0"", ""status"": ""FULFILLED"", ""unit_price"": ""500.0"", ""unit_cost"": ""340.0"", ""created_at"": ""2025-12-13 09:00:00"", ""updated_at"": ""2025-12-13 09:00:00""}"
fulfillment_lines,58,"{""id"": ""58"", ""fulfillment_order_id"": ""33"", ""quotation_line_id"": ""35"", ""product_id"": ""11"", ""warehouse_id"": ""1"", ""ordered_quantity"": ""5"", ""allocated_quantity"": ""5"", ""fulfilled_quantity"": ""0"", ""backordered_quantity"": ""5"", ""status"": ""ALLOCATED"", ""unit_price"": ""850.0"", ""unit_cost"": ""530.0"", ""created_at"": ""2025-12-16 09:00:00"", ""updated_at"": ""2025-12-16 09:00:00""}"
fulfillment_lines,59,"{""id"": ""59"", ""fulfillment_order_id"": ""34"", ""quotation_line_id"": ""36"", ""product_id"": ""12"", ""warehouse_id"": ""1"", ""ordered_quantity"": ""5"", ""allocated_quantity"": ""5"", ""fulfilled_quantity"": ""0"", ""backordered_quantity"": ""5"", ""status"": ""ALLOCATED"", ""unit_price"": ""1400.0"", ""unit_cost"": ""820.0"", ""created_at"": ""2025-12-19 09:00:00"", ""updated_at"": ""2025-12-19 09:00:00""}"
fulfillment_lines,60,"{""id"": ""60"", ""fulfillment_order_id"": ""35"", ""quotation_line_id"": ""37"", ""product_id"": ""13"", ""warehouse_id"": ""1"", ""ordered_quantity"": ""5"", ""allocated_quantity"": ""5"", ""fulfilled_quantity"": ""0"", ""backordered_quantity"": ""5"", ""status"": ""ALLOCATED"", ""unit_price"": ""45.0"", ""unit_cost"": ""18.0"", ""created_at"": ""2025-12-22 09:00:00"", ""updated_at"": ""2025-12-22 09:00:00""}"
subscriptions,1,"{""id"": ""1"", ""subscription_number"": ""SUB-0001"", ""customer_id"": ""1"", ""quotation_id"": ""1"", ""product_id"": ""7"", ""plan_name"": ""Basic Care Plan"", ""start_date"": ""2025-04-26 09:00:00"", ""end_date"": ""2026-04-26 09:00:00"", ""billing_frequency"": ""MONTHLY"", ""quantity"": ""1"", ""unit_price"": ""120.0"", ""discount_percent"": ""0.0"", ""recurring_amount"": ""270.0"", ""status"": ""ACTIVE"", ""next_billing_date"": ""2025-05-26 09:00:00"", ""auto_renew"": ""True"", ""created_at"": ""2025-04-26 09:00:00"", ""updated_at"": ""2025-04-26 09:00:00""}"
subscriptions,2,"{""id"": ""2"", ""subscription_number"": ""SUB-0002"", ""customer_id"": ""2"", ""quotation_id"": ""2"", ""product_id"": ""8"", ""plan_name"": ""Premium Support Suite"", ""start_date"": ""2025-05-11 09:00:00"", ""end_date"": ""2026-05-11 09:00:00"", ""billing_frequency"": ""YEARLY"", ""quantity"": ""1"", ""unit_price"": ""250.0"", ""discount_percent"": ""0.0"", ""recurring_amount"": ""400.0"", ""status"": ""ACTIVE"", ""next_billing_date"": ""2025-06-10 09:00:00"", ""auto_renew"": ""True"", ""created_at"": ""2025-05-11 09:00:00"", ""updated_at"": ""2025-05-11 09:00:00""}"
subscriptions,3,"{""id"": ""3"", ""subscription_number"": ""SUB-0003"", ""customer_id"": ""3"", ""quotation_id"": ""3"", ""product_id"": ""9"", ""plan_name"": ""Enterprise Care SLA"", ""start_date"": ""2025-05-26 09:00:00"", ""end_date"": ""2026-05-26 09:00:00"", ""billing_frequency"": ""YEARLY"", ""quantity"": ""1"", ""unit_price"": ""450.0"", ""discount_percent"": ""10.0"", ""recurring_amount"": ""540.0"", ""status"": ""ACTIVE"", ""next_billing_date"": ""2025-06-25 09:00:00"", ""auto_renew"": ""True"", ""created_at"": ""2025-05-26 09:00:00"", ""updated_at"": ""2025-05-26 09:00:00""}"
subscriptions,4,"{""id"": ""4"", ""subscription_number"": ""SUB-0004"", ""customer_id"": ""4"", ""quotation_id"": ""4"", ""product_id"": ""23"", ""plan_name"": ""Workstation Cloud Backup"", ""start_date"": ""2025-06-10 09:00:00"", ""end_date"": ""2026-06-10 09:00:00"", ""billing_frequency"": ""MONTHLY"", ""quantity"": ""1"", ""unit_price"": ""150.0"", ""discount_percent"": ""0.0"", ""recurring_amount"": ""350.0"", ""status"": ""TRIAL"", ""next_billing_date"": ""2025-07-10 09:00:00"", ""auto_renew"": ""True"", ""created_at"": ""2025-06-10 09:00:00"", ""updated_at"": ""2025-06-10 09:00:00""}"
subscriptions,5,"{""id"": ""5"", ""subscription_number"": ""SUB-0005"", ""customer_id"": ""5"", ""quotation_id"": ""5"", ""product_id"": ""24"", ""plan_name"": ""Managed Endpoint Security"", ""start_date"": ""2025-06-25 09:00:00"", ""end_date"": ""2026-06-25 09:00:00"", ""billing_frequency"": ""QUARTERLY"", ""quantity"": ""1"", ""unit_price"": ""200.0"", ""discount_percent"": ""0.0"", ""recurring_amount"": ""350.0"", ""status"": ""PAUSED"", ""next_billing_date"": null, ""auto_renew"": ""True"", ""created_at"": ""2025-06-25 09:00:00"", ""updated_at"": ""2025-06-25 09:00:00""}"
subscriptions,6,"{""id"": ""6"", ""subscription_number"": ""SUB-0006"", ""customer_id"": ""6"", ""quotation_id"": ""6"", ""product_id"": ""7"", ""plan_name"": ""Basic Care Plan"", ""start_date"": ""2025-07-10 09:00:00"", ""end_date"": ""2026-07-10 09:00:00"", ""billing_frequency"": ""MONTHLY"", ""quantity"": ""1"", ""unit_price"": ""120.0"", ""discount_percent"": ""10.0"", ""recurring_amount"": ""243.0"", ""status"": ""CANCELLED"", ""next_billing_date"": null, ""auto_renew"": ""True"", ""created_at"": ""2025-07-10 09:00:00"", ""updated_at"": ""2025-07-10 09:00:00""}"
subscriptions,7,"{""id"": ""7"", ""subscription_number"": ""SUB-0007"", ""customer_id"": ""7"", ""quotation_id"": ""7"", ""product_id"": ""8"", ""plan_name"": ""Premium Support Suite"", ""start_date"": ""2025-07-25 09:00:00"", ""end_date"": ""2026-07-25 09:00:00"", ""billing_frequency"": ""YEARLY"", ""quantity"": ""1"", ""unit_price"": ""250.0"", ""discount_percent"": ""0.0"", ""recurring_amount"": ""400.0"", ""status"": ""EXPIRED"", ""next_billing_date"": null, ""auto_renew"": ""True"", ""created_at"": ""2025-07-25 09:00:00"", ""updated_at"": ""2025-07-25 09:00:00""}"
subscriptions,8,"{""id"": ""8"", ""subscription_number"": ""SUB-0008"", ""customer_id"": ""8"", ""quotation_id"": ""8"", ""product_id"": ""9"", ""plan_name"": ""Enterprise Care SLA"", ""start_date"": ""2025-08-09 09:00:00"", ""end_date"": ""2026-08-09 09:00:00"", ""billing_frequency"": ""YEARLY"", ""quantity"": ""1"", ""unit_price"": ""450.0"", ""discount_percent"": ""0.0"", ""recurring_amount"": ""600.0"", ""status"": ""ACTIVE"", ""next_billing_date"": ""2025-09-08 09:00:00"", ""auto_renew"": ""True"", ""created_at"": ""2025-08-09 09:00:00"", ""updated_at"": ""2025-08-09 09:00:00""}"
subscriptions,9,"{""id"": ""9"", ""subscription_number"": ""SUB-0009"", ""customer_id"": ""9"", ""quotation_id"": ""9"", ""product_id"": ""23"", ""plan_name"": ""Workstation Cloud Backup"", ""start_date"": ""2025-08-24 09:00:00"", ""end_date"": ""2026-08-24 09:00:00"", ""billing_frequency"": ""MONTHLY"", ""quantity"": ""1"", ""unit_price"": ""150.0"", ""discount_percent"": ""10.0"", ""recurring_amount"": ""315.0"", ""status"": ""ACTIVE"", ""next_billing_date"": ""2025-09-23 09:00:00"", ""auto_renew"": ""True"", ""created_at"": ""2025-08-24 09:00:00"", ""updated_at"": ""2025-08-24 09:00:00""}"
subscriptions,10,"{""id"": ""10"", ""subscription_number"": ""SUB-0010"", ""customer_id"": ""10"", ""quotation_id"": ""10"", ""product_id"": ""24"", ""plan_name"": ""Managed Endpoint Security"", ""start_date"": ""2025-09-08 09:00:00"", ""end_date"": ""2026-09-08 09:00:00"", ""billing_frequency"": ""QUARTERLY"", ""quantity"": ""1"", ""unit_price"": ""200.0"", ""discount_percent"": ""0.0"", ""recurring_amount"": ""350.0"", ""status"": ""ACTIVE"", ""next_billing_date"": ""2025-10-08 09:00:00"", ""auto_renew"": ""True"", ""created_at"": ""2025-09-08 09:00:00"", ""updated_at"": ""2025-09-08 09:00:00""}"
subscriptions,11,"{""id"": ""11"", ""subscription_number"": ""SUB-0011"", ""customer_id"": ""11"", ""quotation_id"": ""11"", ""product_id"": ""7"", ""plan_name"": ""Basic Care Plan"", ""start_date"": ""2025-09-23 09:00:00"", ""end_date"": ""2026-09-23 09:00:00"", ""billing_frequency"": ""MONTHLY"", ""quantity"": ""1"", ""unit_price"": ""120.0"", ""discount_percent"": ""0.0"", ""recurring_amount"": ""120.0"", ""status"": ""TRIAL"", ""next_billing_date"": ""2025-10-23 09:00:00"", ""auto_renew"": ""True"", ""created_at"": ""2025-09-23 09:00:00"", ""updated_at"": ""2025-09-23 09:00:00""}"
subscriptions,12,"{""id"": ""12"", ""subscription_number"": ""SUB-0012"", ""customer_id"": ""12"", ""quotation_id"": ""12"", ""product_id"": ""8"", ""plan_name"": ""Premium Support Suite"", ""start_date"": ""2025-10-08 09:00:00"", ""end_date"": ""2026-10-08 09:00:00"", ""billing_frequency"": ""YEARLY"", ""quantity"": ""1"", ""unit_price"": ""250.0"", ""discount_percent"": ""10.0"", ""recurring_amount"": ""225.0"", ""status"": ""PAUSED"", ""next_billing_date"": null, ""auto_renew"": ""True"", ""created_at"": ""2025-10-08 09:00:00"", ""updated_at"": ""2025-10-08 09:00:00""}"
subscriptions,13,"{""id"": ""13"", ""subscription_number"": ""SUB-0013"", ""customer_id"": ""13"", ""quotation_id"": ""13"", ""product_id"": ""9"", ""plan_name"": ""Enterprise Care SLA"", ""start_date"": ""2025-10-23 09:00:00"", ""end_date"": ""2026-10-23 09:00:00"", ""billing_frequency"": ""YEARLY"", ""quantity"": ""1"", ""unit_price"": ""450.0"", ""discount_percent"": ""0.0"", ""recurring_amount"": ""450.0"", ""status"": ""CANCELLED"", ""next_billing_date"": null, ""auto_renew"": ""True"", ""created_at"": ""2025-10-23 09:00:00"", ""updated_at"": ""2025-10-23 09:00:00""}"
subscriptions,14,"{""id"": ""14"", ""subscription_number"": ""SUB-0014"", ""customer_id"": ""14"", ""quotation_id"": ""14"", ""product_id"": ""23"", ""plan_name"": ""Workstation Cloud Backup"", ""start_date"": ""2025-11-07 09:00:00"", ""end_date"": ""2026-11-07 09:00:00"", ""billing_frequency"": ""MONTHLY"", ""quantity"": ""1"", ""unit_price"": ""150.0"", ""discount_percent"": ""0.0"", ""recurring_amount"": ""150.0"", ""status"": ""EXPIRED"", ""next_billing_date"": null, ""auto_renew"": ""True"", ""created_at"": ""2025-11-07 09:00:00"", ""updated_at"": ""2025-11-07 09:00:00""}"
subscriptions,15,"{""id"": ""15"", ""subscription_number"": ""SUB-0015"", ""customer_id"": ""15"", ""quotation_id"": ""15"", ""product_id"": ""24"", ""plan_name"": ""Managed Endpoint Security"", ""start_date"": ""2025-11-22 09:00:00"", ""end_date"": ""2026-11-22 09:00:00"", ""billing_frequency"": ""QUARTERLY"", ""quantity"": ""1"", ""unit_price"": ""200.0"", ""discount_percent"": ""10.0"", ""recurring_amount"": ""180.0"", ""status"": ""ACTIVE"", ""next_billing_date"": ""2025-12-22 09:00:00"", ""auto_renew"": ""True"", ""created_at"": ""2025-11-22 09:00:00"", ""updated_at"": ""2025-11-22 09:00:00""}"
subscription_lines,1,"{""id"": ""1"", ""subscription_id"": ""1"", ""product_id"": ""7"", ""description"": ""Basic Care 1yr Recurring Subscription"", ""quantity"": ""1"", ""unit_price"": ""120.0"", ""discount_percent"": ""0.0"", ""line_total"": ""120.0"", ""billing_frequency"": ""MONTHLY"", ""start_date"": ""2025-04-26 09:00:00"", ""end_date"": ""2026-04-26 09:00:00"", ""created_at"": ""2025-04-26 09:00:00"", ""updated_at"": ""2025-04-26 09:00:00""}"
subscription_lines,2,"{""id"": ""2"", ""subscription_id"": ""1"", ""product_id"": ""23"", ""description"": ""Cloud Backup 1yr Recurring Subscription"", ""quantity"": ""1"", ""unit_price"": ""150.0"", ""discount_percent"": ""0.0"", ""line_total"": ""150.0"", ""billing_frequency"": ""MONTHLY"", ""start_date"": ""2025-04-26 09:00:00"", ""end_date"": ""2026-04-26 09:00:00"", ""created_at"": ""2025-04-26 09:00:00"", ""updated_at"": ""2025-04-26 09:00:00""}"
subscription_lines,3,"{""id"": ""3"", ""subscription_id"": ""2"", ""product_id"": ""8"", ""description"": ""Premium Care 2yr Recurring Subscription"", ""quantity"": ""1"", ""unit_price"": ""250.0"", ""discount_percent"": ""0.0"", ""line_total"": ""250.0"", ""billing_frequency"": ""YEARLY"", ""start_date"": ""2025-05-11 09:00:00"", ""end_date"": ""2026-05-11 09:00:00"", ""created_at"": ""2025-05-11 09:00:00"", ""updated_at"": ""2025-05-11 09:00:00""}"
subscription_lines,4,"{""id"": ""4"", ""subscription_id"": ""2"", ""product_id"": ""23"", ""description"": ""Cloud Backup 1yr Recurring Subscription"", ""quantity"": ""1"", ""unit_price"": ""150.0"", ""discount_percent"": ""0.0"", ""line_total"": ""150.0"", ""billing_frequency"": ""YEARLY"", ""start_date"": ""2025-05-11 09:00:00"", ""end_date"": ""2026-05-11 09:00:00"", ""created_at"": ""2025-05-11 09:00:00"", ""updated_at"": ""2025-05-11 09:00:00""}"
subscription_lines,5,"{""id"": ""5"", ""subscription_id"": ""3"", ""product_id"": ""9"", ""description"": ""Enterprise Care 3yr Recurring Subscription"", ""quantity"": ""1"", ""unit_price"": ""450.0"", ""discount_percent"": ""10.0"", ""line_total"": ""405.0"", ""billing_frequency"": ""YEARLY"", ""start_date"": ""2025-05-26 09:00:00"", ""end_date"": ""2026-05-26 09:00:00"", ""created_at"": ""2025-05-26 09:00:00"", ""updated_at"": ""2025-05-26 09:00:00""}"
subscription_lines,6,"{""id"": ""6"", ""subscription_id"": ""3"", ""product_id"": ""23"", ""description"": ""Cloud Backup 1yr Recurring Subscription"", ""quantity"": ""1"", ""unit_price"": ""150.0"", ""discount_percent"": ""10.0"", ""line_total"": ""135.0"", ""billing_frequency"": ""YEARLY"", ""start_date"": ""2025-05-26 09:00:00"", ""end_date"": ""2026-05-26 09:00:00"", ""created_at"": ""2025-05-26 09:00:00"", ""updated_at"": ""2025-05-26 09:00:00""}"
subscription_lines,7,"{""id"": ""7"", ""subscription_id"": ""4"", ""product_id"": ""23"", ""description"": ""Cloud Backup 1yr Recurring Subscription"", ""quantity"": ""1"", ""unit_price"": ""150.0"", ""discount_percent"": ""0.0"", ""line_total"": ""150.0"", ""billing_frequency"": ""MONTHLY"", ""start_date"": ""2025-06-10 09:00:00"", ""end_date"": ""2026-06-10 09:00:00"", ""created_at"": ""2025-06-10 09:00:00"", ""updated_at"": ""2025-06-10 09:00:00""}"
subscription_lines,8,"{""id"": ""8"", ""subscription_id"": ""4"", ""product_id"": ""24"", ""description"": ""Endpoint Security Recurring Subscription"", ""quantity"": ""1"", ""unit_price"": ""200.0"", ""discount_percent"": ""0.0"", ""line_total"": ""200.0"", ""billing_frequency"": ""MONTHLY"", ""start_date"": ""2025-06-10 09:00:00"", ""end_date"": ""2026-06-10 09:00:00"", ""created_at"": ""2025-06-10 09:00:00"", ""updated_at"": ""2025-06-10 09:00:00""}"
subscription_lines,9,"{""id"": ""9"", ""subscription_id"": ""5"", ""product_id"": ""24"", ""description"": ""Endpoint Security Recurring Subscription"", ""quantity"": ""1"", ""unit_price"": ""200.0"", ""discount_percent"": ""0.0"", ""line_total"": ""200.0"", ""billing_frequency"": ""QUARTERLY"", ""start_date"": ""2025-06-25 09:00:00"", ""end_date"": ""2026-06-25 09:00:00"", ""created_at"": ""2025-06-25 09:00:00"", ""updated_at"": ""2025-06-25 09:00:00""}"
subscription_lines,10,"{""id"": ""10"", ""subscription_id"": ""5"", ""product_id"": ""23"", ""description"": ""Cloud Backup 1yr Recurring Subscription"", ""quantity"": ""1"", ""unit_price"": ""150.0"", ""discount_percent"": ""0.0"", ""line_total"": ""150.0"", ""billing_frequency"": ""QUARTERLY"", ""start_date"": ""2025-06-25 09:00:00"", ""end_date"": ""2026-06-25 09:00:00"", ""created_at"": ""2025-06-25 09:00:00"", ""updated_at"": ""2025-06-25 09:00:00""}"
subscription_lines,11,"{""id"": ""11"", ""subscription_id"": ""6"", ""product_id"": ""7"", ""description"": ""Basic Care 1yr Recurring Subscription"", ""quantity"": ""1"", ""unit_price"": ""120.0"", ""discount_percent"": ""10.0"", ""line_total"": ""108.0"", ""billing_frequency"": ""MONTHLY"", ""start_date"": ""2025-07-10 09:00:00"", ""end_date"": ""2026-07-10 09:00:00"", ""created_at"": ""2025-07-10 09:00:00"", ""updated_at"": ""2025-07-10 09:00:00""}"
subscription_lines,12,"{""id"": ""12"", ""subscription_id"": ""6"", ""product_id"": ""23"", ""description"": ""Cloud Backup 1yr Recurring Subscription"", ""quantity"": ""1"", ""unit_price"": ""150.0"", ""discount_percent"": ""10.0"", ""line_total"": ""135.0"", ""billing_frequency"": ""MONTHLY"", ""start_date"": ""2025-07-10 09:00:00"", ""end_date"": ""2026-07-10 09:00:00"", ""created_at"": ""2025-07-10 09:00:00"", ""updated_at"": ""2025-07-10 09:00:00""}"
subscription_lines,13,"{""id"": ""13"", ""subscription_id"": ""7"", ""product_id"": ""8"", ""description"": ""Premium Care 2yr Recurring Subscription"", ""quantity"": ""1"", ""unit_price"": ""250.0"", ""discount_percent"": ""0.0"", ""line_total"": ""250.0"", ""billing_frequency"": ""YEARLY"", ""start_date"": ""2025-07-25 09:00:00"", ""end_date"": ""2026-07-25 09:00:00"", ""created_at"": ""2025-07-25 09:00:00"", ""updated_at"": ""2025-07-25 09:00:00""}"
subscription_lines,14,"{""id"": ""14"", ""subscription_id"": ""7"", ""product_id"": ""23"", ""description"": ""Cloud Backup 1yr Recurring Subscription"", ""quantity"": ""1"", ""unit_price"": ""150.0"", ""discount_percent"": ""0.0"", ""line_total"": ""150.0"", ""billing_frequency"": ""YEARLY"", ""start_date"": ""2025-07-25 09:00:00"", ""end_date"": ""2026-07-25 09:00:00"", ""created_at"": ""2025-07-25 09:00:00"", ""updated_at"": ""2025-07-25 09:00:00""}"
subscription_lines,15,"{""id"": ""15"", ""subscription_id"": ""8"", ""product_id"": ""9"", ""description"": ""Enterprise Care 3yr Recurring Subscription"", ""quantity"": ""1"", ""unit_price"": ""450.0"", ""discount_percent"": ""0.0"", ""line_total"": ""450.0"", ""billing_frequency"": ""YEARLY"", ""start_date"": ""2025-08-09 09:00:00"", ""end_date"": ""2026-08-09 09:00:00"", ""created_at"": ""2025-08-09 09:00:00"", ""updated_at"": ""2025-08-09 09:00:00""}"
subscription_lines,16,"{""id"": ""16"", ""subscription_id"": ""8"", ""product_id"": ""23"", ""description"": ""Cloud Backup 1yr Recurring Subscription"", ""quantity"": ""1"", ""unit_price"": ""150.0"", ""discount_percent"": ""0.0"", ""line_total"": ""150.0"", ""billing_frequency"": ""YEARLY"", ""start_date"": ""2025-08-09 09:00:00"", ""end_date"": ""2026-08-09 09:00:00"", ""created_at"": ""2025-08-09 09:00:00"", ""updated_at"": ""2025-08-09 09:00:00""}"
subscription_lines,17,"{""id"": ""17"", ""subscription_id"": ""9"", ""product_id"": ""23"", ""description"": ""Cloud Backup 1yr Recurring Subscription"", ""quantity"": ""1"", ""unit_price"": ""150.0"", ""discount_percent"": ""10.0"", ""line_total"": ""135.0"", ""billing_frequency"": ""MONTHLY"", ""start_date"": ""2025-08-24 09:00:00"", ""end_date"": ""2026-08-24 09:00:00"", ""created_at"": ""2025-08-24 09:00:00"", ""updated_at"": ""2025-08-24 09:00:00""}"
subscription_lines,18,"{""id"": ""18"", ""subscription_id"": ""9"", ""product_id"": ""24"", ""description"": ""Endpoint Security Recurring Subscription"", ""quantity"": ""1"", ""unit_price"": ""200.0"", ""discount_percent"": ""10.0"", ""line_total"": ""180.0"", ""billing_frequency"": ""MONTHLY"", ""start_date"": ""2025-08-24 09:00:00"", ""end_date"": ""2026-08-24 09:00:00"", ""created_at"": ""2025-08-24 09:00:00"", ""updated_at"": ""2025-08-24 09:00:00""}"
subscription_lines,19,"{""id"": ""19"", ""subscription_id"": ""10"", ""product_id"": ""24"", ""description"": ""Endpoint Security Recurring Subscription"", ""quantity"": ""1"", ""unit_price"": ""200.0"", ""discount_percent"": ""0.0"", ""line_total"": ""200.0"", ""billing_frequency"": ""QUARTERLY"", ""start_date"": ""2025-09-08 09:00:00"", ""end_date"": ""2026-09-08 09:00:00"", ""created_at"": ""2025-09-08 09:00:00"", ""updated_at"": ""2025-09-08 09:00:00""}"
subscription_lines,20,"{""id"": ""20"", ""subscription_id"": ""10"", ""product_id"": ""23"", ""description"": ""Cloud Backup 1yr Recurring Subscription"", ""quantity"": ""1"", ""unit_price"": ""150.0"", ""discount_percent"": ""0.0"", ""line_total"": ""150.0"", ""billing_frequency"": ""QUARTERLY"", ""start_date"": ""2025-09-08 09:00:00"", ""end_date"": ""2026-09-08 09:00:00"", ""created_at"": ""2025-09-08 09:00:00"", ""updated_at"": ""2025-09-08 09:00:00""}"
subscription_lines,21,"{""id"": ""21"", ""subscription_id"": ""11"", ""product_id"": ""7"", ""description"": ""Basic Care 1yr Recurring Subscription"", ""quantity"": ""1"", ""unit_price"": ""120.0"", ""discount_percent"": ""0.0"", ""line_total"": ""120.0"", ""billing_frequency"": ""MONTHLY"", ""start_date"": ""2025-09-23 09:00:00"", ""end_date"": ""2026-09-23 09:00:00"", ""created_at"": ""2025-09-23 09:00:00"", ""updated_at"": ""2025-09-23 09:00:00""}"
subscription_lines,22,"{""id"": ""22"", ""subscription_id"": ""12"", ""product_id"": ""8"", ""description"": ""Premium Care 2yr Recurring Subscription"", ""quantity"": ""1"", ""unit_price"": ""250.0"", ""discount_percent"": ""10.0"", ""line_total"": ""225.0"", ""billing_frequency"": ""YEARLY"", ""start_date"": ""2025-10-08 09:00:00"", ""end_date"": ""2026-10-08 09:00:00"", ""created_at"": ""2025-10-08 09:00:00"", ""updated_at"": ""2025-10-08 09:00:00""}"
subscription_lines,23,"{""id"": ""23"", ""subscription_id"": ""13"", ""product_id"": ""9"", ""description"": ""Enterprise Care 3yr Recurring Subscription"", ""quantity"": ""1"", ""unit_price"": ""450.0"", ""discount_percent"": ""0.0"", ""line_total"": ""450.0"", ""billing_frequency"": ""YEARLY"", ""start_date"": ""2025-10-23 09:00:00"", ""end_date"": ""2026-10-23 09:00:00"", ""created_at"": ""2025-10-23 09:00:00"", ""updated_at"": ""2025-10-23 09:00:00""}"
subscription_lines,24,"{""id"": ""24"", ""subscription_id"": ""14"", ""product_id"": ""23"", ""description"": ""Cloud Backup 1yr Recurring Subscription"", ""quantity"": ""1"", ""unit_price"": ""150.0"", ""discount_percent"": ""0.0"", ""line_total"": ""150.0"", ""billing_frequency"": ""MONTHLY"", ""start_date"": ""2025-11-07 09:00:00"", ""end_date"": ""2026-11-07 09:00:00"", ""created_at"": ""2025-11-07 09:00:00"", ""updated_at"": ""2025-11-07 09:00:00""}"
subscription_lines,25,"{""id"": ""25"", ""subscription_id"": ""15"", ""product_id"": ""24"", ""description"": ""Endpoint Security Recurring Subscription"", ""quantity"": ""1"", ""unit_price"": ""200.0"", ""discount_percent"": ""10.0"", ""line_total"": ""180.0"", ""billing_frequency"": ""QUARTERLY"", ""start_date"": ""2025-11-22 09:00:00"", ""end_date"": ""2026-11-22 09:00:00"", ""created_at"": ""2025-11-22 09:00:00"", ""updated_at"": ""2025-11-22 09:00:00""}"
invoices,1,"{""id"": ""1"", ""invoice_number"": ""INV-0001"", ""customer_id"": ""1"", ""quotation_id"": ""1"", ""subscription_id"": null, ""invoice_type"": ""CUSTOMER_INVOICE"", ""invoice_date"": ""2025-08-13 09:00:00"", ""due_date"": ""2025-09-12 09:00:00"", ""subtotal"": ""820.0"", ""discount_amount"": ""0.0"", ""tax_amount"": ""65.6"", ""total_amount"": ""885.6"", ""amount_paid"": ""885.6"", ""amount_due"": ""0.0"", ""currency"": ""USD"", ""status"": ""PAID"", ""payment_status"": ""PAID"", ""created_at"": ""2025-08-13 09:00:00"", ""updated_at"": ""2025-08-13 09:00:00""}"
invoices,2,"{""id"": ""2"", ""invoice_number"": ""INV-0002"", ""customer_id"": ""2"", ""quotation_id"": ""2"", ""subscription_id"": null, ""invoice_type"": ""CUSTOMER_INVOICE"", ""invoice_date"": ""2025-08-17 09:00:00"", ""due_date"": ""2025-09-16 09:00:00"", ""subtotal"": ""1420.0"", ""discount_amount"": ""0.0"", ""tax_amount"": ""113.6"", ""total_amount"": ""1533.6"", ""amount_paid"": ""1533.6"", ""amount_due"": ""0.0"", ""currency"": ""USD"", ""status"": ""PAID"", ""payment_status"": ""PAID"", ""created_at"": ""2025-08-17 09:00:00"", ""updated_at"": ""2025-08-17 09:00:00""}"
invoices,3,"{""id"": ""3"", ""invoice_number"": ""INV-0003"", ""customer_id"": ""3"", ""quotation_id"": ""3"", ""subscription_id"": null, ""invoice_type"": ""CUSTOMER_INVOICE"", ""invoice_date"": ""2025-08-21 09:00:00"", ""due_date"": ""2025-09-20 09:00:00"", ""subtotal"": ""950.0"", ""discount_amount"": ""0.0"", ""tax_amount"": ""76.0"", ""total_amount"": ""1026.0"", ""amount_paid"": ""513.0"", ""amount_due"": ""513.0"", ""currency"": ""USD"", ""status"": ""PARTIALLY_PAID"", ""payment_status"": ""PARTIAL"", ""created_at"": ""2025-08-21 09:00:00"", ""updated_at"": ""2025-08-21 09:00:00""}"
invoices,4,"{""id"": ""4"", ""invoice_number"": ""INV-0004"", ""customer_id"": ""4"", ""quotation_id"": ""4"", ""subscription_id"": null, ""invoice_type"": ""SUBSCRIPTION_INVOICE"", ""invoice_date"": ""2025-08-25 09:00:00"", ""due_date"": ""2025-09-24 09:00:00"", ""subtotal"": ""1757.5"", ""discount_amount"": ""92.5"", ""tax_amount"": ""140.6"", ""total_amount"": ""1898.1"", ""amount_paid"": ""0.0"", ""amount_due"": ""1898.1"", ""currency"": ""USD"", ""status"": ""POSTED"", ""payment_status"": ""UNPAID"", ""created_at"": ""2025-08-25 09:00:00"", ""updated_at"": ""2025-08-25 09:00:00""}"
invoices,5,"{""id"": ""5"", ""invoice_number"": ""INV-0005"", ""customer_id"": ""5"", ""quotation_id"": ""5"", ""subscription_id"": null, ""invoice_type"": ""CREDIT_NOTE"", ""invoice_date"": ""2025-08-29 09:00:00"", ""due_date"": ""2025-09-28 09:00:00"", ""subtotal"": ""2845.0"", ""discount_amount"": ""0.0"", ""tax_amount"": ""227.6"", ""total_amount"": ""3072.6"", ""amount_paid"": ""0.0"", ""amount_due"": ""3072.6"", ""currency"": ""USD"", ""status"": ""SENT"", ""payment_status"": ""UNPAID"", ""created_at"": ""2025-08-29 09:00:00"", ""updated_at"": ""2025-08-29 09:00:00""}"
invoices,6,"{""id"": ""6"", ""invoice_number"": ""INV-0006"", ""customer_id"": ""6"", ""quotation_id"": ""6"", ""subscription_id"": null, ""invoice_type"": ""CUSTOMER_INVOICE"", ""invoice_date"": ""2025-09-02 09:00:00"", ""due_date"": ""2025-10-02 09:00:00"", ""subtotal"": ""370.0"", ""discount_amount"": ""0.0"", ""tax_amount"": ""29.6"", ""total_amount"": ""399.6"", ""amount_paid"": ""0.0"", ""amount_due"": ""399.6"", ""currency"": ""USD"", ""status"": ""OVERDUE"", ""payment_status"": ""UNPAID"", ""created_at"": ""2025-09-02 09:00:00"", ""updated_at"": ""2025-09-02 09:00:00""}"
invoices,7,"{""id"": ""7"", ""invoice_number"": ""INV-0007"", ""customer_id"": ""7"", ""quotation_id"": ""7"", ""subscription_id"": null, ""invoice_type"": ""CUSTOMER_INVOICE"", ""invoice_date"": ""2025-09-06 09:00:00"", ""due_date"": ""2025-10-06 09:00:00"", ""subtotal"": ""240.0"", ""discount_amount"": ""0.0"", ""tax_amount"": ""19.2"", ""total_amount"": ""259.2"", ""amount_paid"": ""0.0"", ""amount_due"": ""259.2"", ""currency"": ""USD"", ""status"": ""DRAFT"", ""payment_status"": ""UNPAID"", ""created_at"": ""2025-09-06 09:00:00"", ""updated_at"": ""2025-09-06 09:00:00""}"
invoices,8,"{""id"": ""8"", ""invoice_number"": ""INV-0008"", ""customer_id"": ""8"", ""quotation_id"": ""8"", ""subscription_id"": null, ""invoice_type"": ""CUSTOMER_INVOICE"", ""invoice_date"": ""2025-09-10 09:00:00"", ""due_date"": ""2025-10-10 09:00:00"", ""subtotal"": ""570.0"", ""discount_amount"": ""30.0"", ""tax_amount"": ""45.6"", ""total_amount"": ""615.6"", ""amount_paid"": ""615.6"", ""amount_due"": ""0.0"", ""currency"": ""USD"", ""status"": ""PAID"", ""payment_status"": ""PAID"", ""created_at"": ""2025-09-10 09:00:00"", ""updated_at"": ""2025-09-10 09:00:00""}"
invoices,9,"{""id"": ""9"", ""invoice_number"": ""INV-0009"", ""customer_id"": ""9"", ""quotation_id"": ""9"", ""subscription_id"": null, ""invoice_type"": ""SUBSCRIPTION_INVOICE"", ""invoice_date"": ""2025-09-14 09:00:00"", ""due_date"": ""2025-10-14 09:00:00"", ""subtotal"": ""1950.0"", ""discount_amount"": ""0.0"", ""tax_amount"": ""156.0"", ""total_amount"": ""2106.0"", ""amount_paid"": ""2106.0"", ""amount_due"": ""0.0"", ""currency"": ""USD"", ""status"": ""PAID"", ""payment_status"": ""PAID"", ""created_at"": ""2025-09-14 09:00:00"", ""updated_at"": ""2025-09-14 09:00:00""}"
invoices,10,"{""id"": ""10"", ""invoice_number"": ""INV-0010"", ""customer_id"": ""10"", ""quotation_id"": ""10"", ""subscription_id"": null, ""invoice_type"": ""CREDIT_NOTE"", ""invoice_date"": ""2025-09-18 09:00:00"", ""due_date"": ""2025-10-18 09:00:00"", ""subtotal"": ""510.0"", ""discount_amount"": ""0.0"", ""tax_amount"": ""40.8"", ""total_amount"": ""550.8"", ""amount_paid"": ""275.4"", ""amount_due"": ""275.4"", ""currency"": ""USD"", ""status"": ""PARTIALLY_PAID"", ""payment_status"": ""PARTIAL"", ""created_at"": ""2025-09-18 09:00:00"", ""updated_at"": ""2025-09-18 09:00:00""}"
invoices,11,"{""id"": ""11"", ""invoice_number"": ""INV-0011"", ""customer_id"": ""11"", ""quotation_id"": ""11"", ""subscription_id"": null, ""invoice_type"": ""CUSTOMER_INVOICE"", ""invoice_date"": ""2025-09-22 09:00:00"", ""due_date"": ""2025-10-22 09:00:00"", ""subtotal"": ""1600.0"", ""discount_amount"": ""0.0"", ""tax_amount"": ""128.0"", ""total_amount"": ""1728.0"", ""amount_paid"": ""0.0"", ""amount_due"": ""1728.0"", ""currency"": ""USD"", ""status"": ""POSTED"", ""payment_status"": ""UNPAID"", ""created_at"": ""2025-09-22 09:00:00"", ""updated_at"": ""2025-09-22 09:00:00""}"
invoices,12,"{""id"": ""12"", ""invoice_number"": ""INV-0012"", ""customer_id"": ""12"", ""quotation_id"": ""12"", ""subscription_id"": null, ""invoice_type"": ""CUSTOMER_INVOICE"", ""invoice_date"": ""2025-09-26 09:00:00"", ""due_date"": ""2025-10-26 09:00:00"", ""subtotal"": ""4940.0"", ""discount_amount"": ""260.0"", ""tax_amount"": ""395.2"", ""total_amount"": ""5335.2"", ""amount_paid"": ""0.0"", ""amount_due"": ""5335.2"", ""currency"": ""USD"", ""status"": ""SENT"", ""payment_status"": ""UNPAID"", ""created_at"": ""2025-09-26 09:00:00"", ""updated_at"": ""2025-09-26 09:00:00""}"
invoices,13,"{""id"": ""13"", ""invoice_number"": ""INV-0013"", ""customer_id"": ""13"", ""quotation_id"": ""13"", ""subscription_id"": null, ""invoice_type"": ""CUSTOMER_INVOICE"", ""invoice_date"": ""2025-09-30 09:00:00"", ""due_date"": ""2025-10-30 09:00:00"", ""subtotal"": ""820.0"", ""discount_amount"": ""0.0"", ""tax_amount"": ""65.6"", ""total_amount"": ""885.6"", ""amount_paid"": ""0.0"", ""amount_due"": ""885.6"", ""currency"": ""USD"", ""status"": ""OVERDUE"", ""payment_status"": ""UNPAID"", ""created_at"": ""2025-09-30 09:00:00"", ""updated_at"": ""2025-09-30 09:00:00""}"
invoices,14,"{""id"": ""14"", ""invoice_number"": ""INV-0014"", ""customer_id"": ""14"", ""quotation_id"": ""14"", ""subscription_id"": null, ""invoice_type"": ""SUBSCRIPTION_INVOICE"", ""invoice_date"": ""2025-10-04 09:00:00"", ""due_date"": ""2025-11-03 09:00:00"", ""subtotal"": ""1420.0"", ""discount_amount"": ""0.0"", ""tax_amount"": ""113.6"", ""total_amount"": ""1533.6"", ""amount_paid"": ""0.0"", ""amount_due"": ""1533.6"", ""currency"": ""USD"", ""status"": ""DRAFT"", ""payment_status"": ""UNPAID"", ""created_at"": ""2025-10-04 09:00:00"", ""updated_at"": ""2025-10-04 09:00:00""}"
invoices,15,"{""id"": ""15"", ""invoice_number"": ""INV-0015"", ""customer_id"": ""15"", ""quotation_id"": ""15"", ""subscription_id"": null, ""invoice_type"": ""CREDIT_NOTE"", ""invoice_date"": ""2025-10-08 09:00:00"", ""due_date"": ""2025-11-07 09:00:00"", ""subtotal"": ""950.0"", ""discount_amount"": ""0.0"", ""tax_amount"": ""76.0"", ""total_amount"": ""1026.0"", ""amount_paid"": ""1026.0"", ""amount_due"": ""0.0"", ""currency"": ""USD"", ""status"": ""PAID"", ""payment_status"": ""PAID"", ""created_at"": ""2025-10-08 09:00:00"", ""updated_at"": ""2025-10-08 09:00:00""}"
invoices,16,"{""id"": ""16"", ""invoice_number"": ""INV-0016"", ""customer_id"": ""16"", ""quotation_id"": ""16"", ""subscription_id"": null, ""invoice_type"": ""CUSTOMER_INVOICE"", ""invoice_date"": ""2025-10-12 09:00:00"", ""due_date"": ""2025-11-11 09:00:00"", ""subtotal"": ""1757.5"", ""discount_amount"": ""92.5"", ""tax_amount"": ""140.6"", ""total_amount"": ""1898.1"", ""amount_paid"": ""1898.1"", ""amount_due"": ""0.0"", ""currency"": ""USD"", ""status"": ""PAID"", ""payment_status"": ""PAID"", ""created_at"": ""2025-10-12 09:00:00"", ""updated_at"": ""2025-10-12 09:00:00""}"
invoices,17,"{""id"": ""17"", ""invoice_number"": ""INV-0017"", ""customer_id"": ""17"", ""quotation_id"": ""17"", ""subscription_id"": null, ""invoice_type"": ""CUSTOMER_INVOICE"", ""invoice_date"": ""2025-10-16 09:00:00"", ""due_date"": ""2025-11-15 09:00:00"", ""subtotal"": ""2845.0"", ""discount_amount"": ""0.0"", ""tax_amount"": ""227.6"", ""total_amount"": ""3072.6"", ""amount_paid"": ""1536.3"", ""amount_due"": ""1536.3"", ""currency"": ""USD"", ""status"": ""PARTIALLY_PAID"", ""payment_status"": ""PARTIAL"", ""created_at"": ""2025-10-16 09:00:00"", ""updated_at"": ""2025-10-16 09:00:00""}"
invoices,18,"{""id"": ""18"", ""invoice_number"": ""INV-0018"", ""customer_id"": ""18"", ""quotation_id"": ""18"", ""subscription_id"": null, ""invoice_type"": ""CUSTOMER_INVOICE"", ""invoice_date"": ""2025-10-20 09:00:00"", ""due_date"": ""2025-11-19 09:00:00"", ""subtotal"": ""370.0"", ""discount_amount"": ""0.0"", ""tax_amount"": ""29.6"", ""total_amount"": ""399.6"", ""amount_paid"": ""0.0"", ""amount_due"": ""399.6"", ""currency"": ""USD"", ""status"": ""POSTED"", ""payment_status"": ""UNPAID"", ""created_at"": ""2025-10-20 09:00:00"", ""updated_at"": ""2025-10-20 09:00:00""}"
invoices,19,"{""id"": ""19"", ""invoice_number"": ""INV-0019"", ""customer_id"": ""19"", ""quotation_id"": ""19"", ""subscription_id"": null, ""invoice_type"": ""SUBSCRIPTION_INVOICE"", ""invoice_date"": ""2025-10-24 09:00:00"", ""due_date"": ""2025-11-23 09:00:00"", ""subtotal"": ""240.0"", ""discount_amount"": ""0.0"", ""tax_amount"": ""19.2"", ""total_amount"": ""259.2"", ""amount_paid"": ""0.0"", ""amount_due"": ""259.2"", ""currency"": ""USD"", ""status"": ""SENT"", ""payment_status"": ""UNPAID"", ""created_at"": ""2025-10-24 09:00:00"", ""updated_at"": ""2025-10-24 09:00:00""}"
invoices,20,"{""id"": ""20"", ""invoice_number"": ""INV-0020"", ""customer_id"": ""20"", ""quotation_id"": ""20"", ""subscription_id"": null, ""invoice_type"": ""CREDIT_NOTE"", ""invoice_date"": ""2025-10-28 09:00:00"", ""due_date"": ""2025-11-27 09:00:00"", ""subtotal"": ""570.0"", ""discount_amount"": ""30.0"", ""tax_amount"": ""45.6"", ""total_amount"": ""615.6"", ""amount_paid"": ""0.0"", ""amount_due"": ""615.6"", ""currency"": ""USD"", ""status"": ""OVERDUE"", ""payment_status"": ""UNPAID"", ""created_at"": ""2025-10-28 09:00:00"", ""updated_at"": ""2025-10-28 09:00:00""}"
invoices,21,"{""id"": ""21"", ""invoice_number"": ""INV-0021"", ""customer_id"": ""21"", ""quotation_id"": ""21"", ""subscription_id"": null, ""invoice_type"": ""CUSTOMER_INVOICE"", ""invoice_date"": ""2025-11-01 09:00:00"", ""due_date"": ""2025-12-01 09:00:00"", ""subtotal"": ""1200.0"", ""discount_amount"": ""0.0"", ""tax_amount"": ""96.0"", ""total_amount"": ""1296.0"", ""amount_paid"": ""0.0"", ""amount_due"": ""1296.0"", ""currency"": ""USD"", ""status"": ""DRAFT"", ""payment_status"": ""UNPAID"", ""created_at"": ""2025-11-01 09:00:00"", ""updated_at"": ""2025-11-01 09:00:00""}"
invoices,22,"{""id"": ""22"", ""invoice_number"": ""INV-0022"", ""customer_id"": ""22"", ""quotation_id"": ""22"", ""subscription_id"": null, ""invoice_type"": ""CUSTOMER_INVOICE"", ""invoice_date"": ""2025-11-05 09:00:00"", ""due_date"": ""2025-12-05 09:00:00"", ""subtotal"": ""360.0"", ""discount_amount"": ""0.0"", ""tax_amount"": ""28.8"", ""total_amount"": ""388.8"", ""amount_paid"": ""388.8"", ""amount_due"": ""0.0"", ""currency"": ""USD"", ""status"": ""PAID"", ""payment_status"": ""PAID"", ""created_at"": ""2025-11-05 09:00:00"", ""updated_at"": ""2025-11-05 09:00:00""}"
invoices,23,"{""id"": ""23"", ""invoice_number"": ""INV-0023"", ""customer_id"": ""23"", ""quotation_id"": ""23"", ""subscription_id"": null, ""invoice_type"": ""CUSTOMER_INVOICE"", ""invoice_date"": ""2025-11-09 09:00:00"", ""due_date"": ""2025-12-09 09:00:00"", ""subtotal"": ""400.0"", ""discount_amount"": ""0.0"", ""tax_amount"": ""32.0"", ""total_amount"": ""432.0"", ""amount_paid"": ""432.0"", ""amount_due"": ""0.0"", ""currency"": ""USD"", ""status"": ""PAID"", ""payment_status"": ""PAID"", ""created_at"": ""2025-11-09 09:00:00"", ""updated_at"": ""2025-11-09 09:00:00""}"
invoices,24,"{""id"": ""24"", ""invoice_number"": ""INV-0024"", ""customer_id"": ""24"", ""quotation_id"": ""24"", ""subscription_id"": null, ""invoice_type"": ""SUBSCRIPTION_INVOICE"", ""invoice_date"": ""2025-11-13 09:00:00"", ""due_date"": ""2025-12-13 09:00:00"", ""subtotal"": ""2945.0"", ""discount_amount"": ""155.0"", ""tax_amount"": ""235.6"", ""total_amount"": ""3180.6"", ""amount_paid"": ""1590.3"", ""amount_due"": ""1590.3"", ""currency"": ""USD"", ""status"": ""PARTIALLY_PAID"", ""payment_status"": ""PARTIAL"", ""created_at"": ""2025-11-13 09:00:00"", ""updated_at"": ""2025-11-13 09:00:00""}"
invoices,25,"{""id"": ""25"", ""invoice_number"": ""INV-0025"", ""customer_id"": ""25"", ""quotation_id"": ""25"", ""subscription_id"": null, ""invoice_type"": ""CREDIT_NOTE"", ""invoice_date"": ""2025-11-17 09:00:00"", ""due_date"": ""2025-12-17 09:00:00"", ""subtotal"": ""440.0"", ""discount_amount"": ""0.0"", ""tax_amount"": ""35.2"", ""total_amount"": ""475.2"", ""amount_paid"": ""0.0"", ""amount_due"": ""475.2"", ""currency"": ""USD"", ""status"": ""POSTED"", ""payment_status"": ""UNPAID"", ""created_at"": ""2025-11-17 09:00:00"", ""updated_at"": ""2025-11-17 09:00:00""}"
invoices,26,"{""id"": ""26"", ""invoice_number"": ""INV-0026"", ""customer_id"": ""26"", ""quotation_id"": ""26"", ""subscription_id"": null, ""invoice_type"": ""CUSTOMER_INVOICE"", ""invoice_date"": ""2025-11-21 09:00:00"", ""due_date"": ""2025-12-21 09:00:00"", ""subtotal"": ""1300.0"", ""discount_amount"": ""0.0"", ""tax_amount"": ""104.0"", ""total_amount"": ""1404.0"", ""amount_paid"": ""0.0"", ""amount_due"": ""1404.0"", ""currency"": ""USD"", ""status"": ""SENT"", ""payment_status"": ""UNPAID"", ""created_at"": ""2025-11-21 09:00:00"", ""updated_at"": ""2025-11-21 09:00:00""}"
invoices,27,"{""id"": ""27"", ""invoice_number"": ""INV-0027"", ""customer_id"": ""27"", ""quotation_id"": ""27"", ""subscription_id"": null, ""invoice_type"": ""CUSTOMER_INVOICE"", ""invoice_date"": ""2025-11-25 09:00:00"", ""due_date"": ""2025-12-25 09:00:00"", ""subtotal"": ""500.0"", ""discount_amount"": ""0.0"", ""tax_amount"": ""40.0"", ""total_amount"": ""540.0"", ""amount_paid"": ""0.0"", ""amount_due"": ""540.0"", ""currency"": ""USD"", ""status"": ""OVERDUE"", ""payment_status"": ""UNPAID"", ""created_at"": ""2025-11-25 09:00:00"", ""updated_at"": ""2025-11-25 09:00:00""}"
invoices,28,"{""id"": ""28"", ""invoice_number"": ""INV-0028"", ""customer_id"": ""28"", ""quotation_id"": ""28"", ""subscription_id"": null, ""invoice_type"": ""CUSTOMER_INVOICE"", ""invoice_date"": ""2025-11-29 09:00:00"", ""due_date"": ""2025-12-29 09:00:00"", ""subtotal"": ""950.0"", ""discount_amount"": ""50.0"", ""tax_amount"": ""76.0"", ""total_amount"": ""1026.0"", ""amount_paid"": ""0.0"", ""amount_due"": ""1026.0"", ""currency"": ""USD"", ""status"": ""DRAFT"", ""payment_status"": ""UNPAID"", ""created_at"": ""2025-11-29 09:00:00"", ""updated_at"": ""2025-11-29 09:00:00""}"
invoices,29,"{""id"": ""29"", ""invoice_number"": ""INV-0029"", ""customer_id"": ""29"", ""quotation_id"": ""29"", ""subscription_id"": null, ""invoice_type"": ""SUBSCRIPTION_INVOICE"", ""invoice_date"": ""2025-12-03 09:00:00"", ""due_date"": ""2026-01-02 09:00:00"", ""subtotal"": ""2800.0"", ""discount_amount"": ""0.0"", ""tax_amount"": ""224.0"", ""total_amount"": ""3024.0"", ""amount_paid"": ""3024.0"", ""amount_due"": ""0.0"", ""currency"": ""USD"", ""status"": ""PAID"", ""payment_status"": ""PAID"", ""created_at"": ""2025-12-03 09:00:00"", ""updated_at"": ""2025-12-03 09:00:00""}"
invoices,30,"{""id"": ""30"", ""invoice_number"": ""INV-0030"", ""customer_id"": ""30"", ""quotation_id"": ""30"", ""subscription_id"": null, ""invoice_type"": ""CREDIT_NOTE"", ""invoice_date"": ""2025-12-07 09:00:00"", ""due_date"": ""2026-01-06 09:00:00"", ""subtotal"": ""190.0"", ""discount_amount"": ""0.0"", ""tax_amount"": ""15.2"", ""total_amount"": ""205.2"", ""amount_paid"": ""205.2"", ""amount_due"": ""0.0"", ""currency"": ""USD"", ""status"": ""PAID"", ""payment_status"": ""PAID"", ""created_at"": ""2025-12-07 09:00:00"", ""updated_at"": ""2025-12-07 09:00:00""}"
invoices,31,"{""id"": ""31"", ""invoice_number"": ""INV-0031"", ""customer_id"": ""31"", ""quotation_id"": null, ""subscription_id"": ""1"", ""invoice_type"": ""CUSTOMER_INVOICE"", ""invoice_date"": ""2025-12-11 09:00:00"", ""due_date"": ""2026-01-10 09:00:00"", ""subtotal"": ""130.0"", ""discount_amount"": ""0.0"", ""tax_amount"": ""10.4"", ""total_amount"": ""140.4"", ""amount_paid"": ""70.2"", ""amount_due"": ""70.2"", ""currency"": ""USD"", ""status"": ""PARTIALLY_PAID"", ""payment_status"": ""PARTIAL"", ""created_at"": ""2025-12-11 09:00:00"", ""updated_at"": ""2025-12-11 09:00:00""}"
invoices,32,"{""id"": ""32"", ""invoice_number"": ""INV-0032"", ""customer_id"": ""32"", ""quotation_id"": null, ""subscription_id"": ""2"", ""invoice_type"": ""CUSTOMER_INVOICE"", ""invoice_date"": ""2025-12-15 09:00:00"", ""due_date"": ""2026-01-14 09:00:00"", ""subtotal"": ""142.5"", ""discount_amount"": ""7.5"", ""tax_amount"": ""11.4"", ""total_amount"": ""153.9"", ""amount_paid"": ""0.0"", ""amount_due"": ""153.9"", ""currency"": ""USD"", ""status"": ""POSTED"", ""payment_status"": ""UNPAID"", ""created_at"": ""2025-12-15 09:00:00"", ""updated_at"": ""2025-12-15 09:00:00""}"
invoices,33,"{""id"": ""33"", ""invoice_number"": ""INV-0033"", ""customer_id"": ""33"", ""quotation_id"": null, ""subscription_id"": ""3"", ""invoice_type"": ""CUSTOMER_INVOICE"", ""invoice_date"": ""2025-12-19 09:00:00"", ""due_date"": ""2026-01-18 09:00:00"", ""subtotal"": ""1200.0"", ""discount_amount"": ""0.0"", ""tax_amount"": ""96.0"", ""total_amount"": ""1296.0"", ""amount_paid"": ""0.0"", ""amount_due"": ""1296.0"", ""currency"": ""USD"", ""status"": ""SENT"", ""payment_status"": ""UNPAID"", ""created_at"": ""2025-12-19 09:00:00"", ""updated_at"": ""2025-12-19 09:00:00""}"
invoices,34,"{""id"": ""34"", ""invoice_number"": ""INV-0034"", ""customer_id"": ""34"", ""quotation_id"": null, ""subscription_id"": ""4"", ""invoice_type"": ""SUBSCRIPTION_INVOICE"", ""invoice_date"": ""2025-12-23 09:00:00"", ""due_date"": ""2026-01-22 09:00:00"", ""subtotal"": ""360.0"", ""discount_amount"": ""0.0"", ""tax_amount"": ""28.8"", ""total_amount"": ""388.8"", ""amount_paid"": ""0.0"", ""amount_due"": ""388.8"", ""currency"": ""USD"", ""status"": ""OVERDUE"", ""payment_status"": ""UNPAID"", ""created_at"": ""2025-12-23 09:00:00"", ""updated_at"": ""2025-12-23 09:00:00""}"
invoices,35,"{""id"": ""35"", ""invoice_number"": ""INV-0035"", ""customer_id"": ""35"", ""quotation_id"": null, ""subscription_id"": ""5"", ""invoice_type"": ""CREDIT_NOTE"", ""invoice_date"": ""2025-12-27 09:00:00"", ""due_date"": ""2026-01-26 09:00:00"", ""subtotal"": ""400.0"", ""discount_amount"": ""0.0"", ""tax_amount"": ""32.0"", ""total_amount"": ""432.0"", ""amount_paid"": ""0.0"", ""amount_due"": ""432.0"", ""currency"": ""USD"", ""status"": ""DRAFT"", ""payment_status"": ""UNPAID"", ""created_at"": ""2025-12-27 09:00:00"", ""updated_at"": ""2025-12-27 09:00:00""}"
invoices,36,"{""id"": ""36"", ""invoice_number"": ""INV-0036"", ""customer_id"": ""36"", ""quotation_id"": null, ""subscription_id"": ""6"", ""invoice_type"": ""CUSTOMER_INVOICE"", ""invoice_date"": ""2025-12-31 09:00:00"", ""due_date"": ""2026-01-30 09:00:00"", ""subtotal"": ""2945.0"", ""discount_amount"": ""155.0"", ""tax_amount"": ""235.6"", ""total_amount"": ""3180.6"", ""amount_paid"": ""3180.6"", ""amount_due"": ""0.0"", ""currency"": ""USD"", ""status"": ""PAID"", ""payment_status"": ""PAID"", ""created_at"": ""2025-12-31 09:00:00"", ""updated_at"": ""2025-12-31 09:00:00""}"
invoices,37,"{""id"": ""37"", ""invoice_number"": ""INV-0037"", ""customer_id"": ""37"", ""quotation_id"": null, ""subscription_id"": ""7"", ""invoice_type"": ""CUSTOMER_INVOICE"", ""invoice_date"": ""2026-01-04 09:00:00"", ""due_date"": ""2026-02-03 09:00:00"", ""subtotal"": ""440.0"", ""discount_amount"": ""0.0"", ""tax_amount"": ""35.2"", ""total_amount"": ""475.2"", ""amount_paid"": ""475.2"", ""amount_due"": ""0.0"", ""currency"": ""USD"", ""status"": ""PAID"", ""payment_status"": ""PAID"", ""created_at"": ""2026-01-04 09:00:00"", ""updated_at"": ""2026-01-04 09:00:00""}"
invoices,38,"{""id"": ""38"", ""invoice_number"": ""INV-0038"", ""customer_id"": ""38"", ""quotation_id"": null, ""subscription_id"": ""8"", ""invoice_type"": ""CUSTOMER_INVOICE"", ""invoice_date"": ""2026-01-08 09:00:00"", ""due_date"": ""2026-02-07 09:00:00"", ""subtotal"": ""1300.0"", ""discount_amount"": ""0.0"", ""tax_amount"": ""104.0"", ""total_amount"": ""1404.0"", ""amount_paid"": ""702.0"", ""amount_due"": ""702.0"", ""currency"": ""USD"", ""status"": ""PARTIALLY_PAID"", ""payment_status"": ""PARTIAL"", ""created_at"": ""2026-01-08 09:00:00"", ""updated_at"": ""2026-01-08 09:00:00""}"
invoices,39,"{""id"": ""39"", ""invoice_number"": ""INV-0039"", ""customer_id"": ""39"", ""quotation_id"": null, ""subscription_id"": ""9"", ""invoice_type"": ""SUBSCRIPTION_INVOICE"", ""invoice_date"": ""2026-01-12 09:00:00"", ""due_date"": ""2026-02-11 09:00:00"", ""subtotal"": ""500.0"", ""discount_amount"": ""0.0"", ""tax_amount"": ""40.0"", ""total_amount"": ""540.0"", ""amount_paid"": ""0.0"", ""amount_due"": ""540.0"", ""currency"": ""USD"", ""status"": ""POSTED"", ""payment_status"": ""UNPAID"", ""created_at"": ""2026-01-12 09:00:00"", ""updated_at"": ""2026-01-12 09:00:00""}"
invoices,40,"{""id"": ""40"", ""invoice_number"": ""INV-0040"", ""customer_id"": ""40"", ""quotation_id"": null, ""subscription_id"": ""10"", ""invoice_type"": ""CREDIT_NOTE"", ""invoice_date"": ""2026-01-16 09:00:00"", ""due_date"": ""2026-02-15 09:00:00"", ""subtotal"": ""950.0"", ""discount_amount"": ""50.0"", ""tax_amount"": ""76.0"", ""total_amount"": ""1026.0"", ""amount_paid"": ""0.0"", ""amount_due"": ""1026.0"", ""currency"": ""USD"", ""status"": ""SENT"", ""payment_status"": ""UNPAID"", ""created_at"": ""2026-01-16 09:00:00"", ""updated_at"": ""2026-01-16 09:00:00""}"
invoice_lines,1,"{""id"": ""1"", ""invoice_id"": ""1"", ""product_id"": ""4"", ""description"": ""Monitor Basic 24 Billing Line"", ""quantity"": ""2"", ""unit_price"": ""220.0"", ""discount_percent"": ""0.0"", ""discount_amount"": ""0.0"", ""tax_percent"": ""8.0"", ""line_subtotal"": ""440.0"", ""line_total"": ""475.2"", ""created_at"": ""2025-08-13 09:00:00"", ""updated_at"": ""2025-08-13 09:00:00""}"
invoice_lines,2,"{""id"": ""2"", ""invoice_id"": ""1"", ""product_id"": ""5"", ""description"": ""Monitor Pro 27 Billing Line"", ""quantity"": ""1"", ""unit_price"": ""380.0"", ""discount_percent"": ""0.0"", ""discount_amount"": ""0.0"", ""tax_percent"": ""8.0"", ""line_subtotal"": ""380.0"", ""line_total"": ""410.4"", ""created_at"": ""2025-08-13 09:00:00"", ""updated_at"": ""2025-08-13 09:00:00""}"
invoice_lines,3,"{""id"": ""3"", ""invoice_id"": ""2"", ""product_id"": ""6"", ""description"": ""Monitor Ultra 32 Billing Line"", ""quantity"": ""2"", ""unit_price"": ""650.0"", ""discount_percent"": ""0.0"", ""discount_amount"": ""0.0"", ""tax_percent"": ""8.0"", ""line_subtotal"": ""1300.0"", ""line_total"": ""1404.0"", ""created_at"": ""2025-08-17 09:00:00"", ""updated_at"": ""2025-08-17 09:00:00""}"
invoice_lines,4,"{""id"": ""4"", ""invoice_id"": ""2"", ""product_id"": ""7"", ""description"": ""Basic Care 1yr Billing Line"", ""quantity"": ""1"", ""unit_price"": ""120.0"", ""discount_percent"": ""0.0"", ""discount_amount"": ""0.0"", ""tax_percent"": ""8.0"", ""line_subtotal"": ""120.0"", ""line_total"": ""129.6"", ""created_at"": ""2025-08-17 09:00:00"", ""updated_at"": ""2025-08-17 09:00:00""}"
invoice_lines,5,"{""id"": ""5"", ""invoice_id"": ""3"", ""product_id"": ""8"", ""description"": ""Premium Care 2yr Billing Line"", ""quantity"": ""2"", ""unit_price"": ""250.0"", ""discount_percent"": ""0.0"", ""discount_amount"": ""0.0"", ""tax_percent"": ""8.0"", ""line_subtotal"": ""500.0"", ""line_total"": ""540.0"", ""created_at"": ""2025-08-21 09:00:00"", ""updated_at"": ""2025-08-21 09:00:00""}"
invoice_lines,6,"{""id"": ""6"", ""invoice_id"": ""3"", ""product_id"": ""9"", ""description"": ""Enterprise Care 3yr Billing Line"", ""quantity"": ""1"", ""unit_price"": ""450.0"", ""discount_percent"": ""0.0"", ""discount_amount"": ""0.0"", ""tax_percent"": ""8.0"", ""line_subtotal"": ""450.0"", ""line_total"": ""486.0"", ""created_at"": ""2025-08-21 09:00:00"", ""updated_at"": ""2025-08-21 09:00:00""}"
invoice_lines,7,"{""id"": ""7"", ""invoice_id"": ""4"", ""product_id"": ""10"", ""description"": ""Gateway Standard Billing Line"", ""quantity"": ""2"", ""unit_price"": ""500.0"", ""discount_percent"": ""5.0"", ""discount_amount"": ""50.0"", ""tax_percent"": ""8.0"", ""line_subtotal"": ""950.0"", ""line_total"": ""1026.0"", ""created_at"": ""2025-08-25 09:00:00"", ""updated_at"": ""2025-08-25 09:00:00""}"
invoice_lines,8,"{""id"": ""8"", ""invoice_id"": ""4"", ""product_id"": ""11"", ""description"": ""Gateway Pro Billing Line"", ""quantity"": ""1"", ""unit_price"": ""850.0"", ""discount_percent"": ""5.0"", ""discount_amount"": ""42.5"", ""tax_percent"": ""8.0"", ""line_subtotal"": ""807.5"", ""line_total"": ""872.1"", ""created_at"": ""2025-08-25 09:00:00"", ""updated_at"": ""2025-08-25 09:00:00""}"
invoice_lines,9,"{""id"": ""9"", ""invoice_id"": ""5"", ""product_id"": ""12"", ""description"": ""Gateway Enterprise Billing Line"", ""quantity"": ""2"", ""unit_price"": ""1400.0"", ""discount_percent"": ""0.0"", ""discount_amount"": ""0.0"", ""tax_percent"": ""8.0"", ""line_subtotal"": ""2800.0"", ""line_total"": ""3024.0"", ""created_at"": ""2025-08-29 09:00:00"", ""updated_at"": ""2025-08-29 09:00:00""}"
invoice_lines,10,"{""id"": ""10"", ""invoice_id"": ""5"", ""product_id"": ""13"", ""description"": ""Wireless Mouse Billing Line"", ""quantity"": ""1"", ""unit_price"": ""45.0"", ""discount_percent"": ""0.0"", ""discount_amount"": ""0.0"", ""tax_percent"": ""8.0"", ""line_subtotal"": ""45.0"", ""line_total"": ""48.6"", ""created_at"": ""2025-08-29 09:00:00"", ""updated_at"": ""2025-08-29 09:00:00""}"
invoice_lines,11,"{""id"": ""11"", ""invoice_id"": ""6"", ""product_id"": ""14"", ""description"": ""Mechanical Keyboard Billing Line"", ""quantity"": ""2"", ""unit_price"": ""95.0"", ""discount_percent"": ""0.0"", ""discount_amount"": ""0.0"", ""tax_percent"": ""8.0"", ""line_subtotal"": ""190.0"", ""line_total"": ""205.2"", ""created_at"": ""2025-09-02 09:00:00"", ""updated_at"": ""2025-09-02 09:00:00""}"
invoice_lines,12,"{""id"": ""12"", ""invoice_id"": ""6"", ""product_id"": ""15"", ""description"": ""Docking Station Billing Line"", ""quantity"": ""1"", ""unit_price"": ""180.0"", ""discount_percent"": ""0.0"", ""discount_amount"": ""0.0"", ""tax_percent"": ""8.0"", ""line_subtotal"": ""180.0"", ""line_total"": ""194.4"", ""created_at"": ""2025-09-02 09:00:00"", ""updated_at"": ""2025-09-02 09:00:00""}"
invoice_lines,13,"{""id"": ""13"", ""invoice_id"": ""7"", ""product_id"": ""16"", ""description"": ""Laptop Bag Billing Line"", ""quantity"": ""2"", ""unit_price"": ""65.0"", ""discount_percent"": ""0.0"", ""discount_amount"": ""0.0"", ""tax_percent"": ""8.0"", ""line_subtotal"": ""130.0"", ""line_total"": ""140.4"", ""created_at"": ""2025-09-06 09:00:00"", ""updated_at"": ""2025-09-06 09:00:00""}"
invoice_lines,14,"{""id"": ""14"", ""invoice_id"": ""7"", ""product_id"": ""17"", ""description"": ""Ultra HD Webcam Billing Line"", ""quantity"": ""1"", ""unit_price"": ""110.0"", ""discount_percent"": ""0.0"", ""discount_amount"": ""0.0"", ""tax_percent"": ""8.0"", ""line_subtotal"": ""110.0"", ""line_total"": ""118.8"", ""created_at"": ""2025-09-06 09:00:00"", ""updated_at"": ""2025-09-06 09:00:00""}"
invoice_lines,15,"{""id"": ""15"", ""invoice_id"": ""8"", ""product_id"": ""18"", ""description"": ""Power Adapter 100W Billing Line"", ""quantity"": ""2"", ""unit_price"": ""75.0"", ""discount_percent"": ""5.0"", ""discount_amount"": ""7.5"", ""tax_percent"": ""8.0"", ""line_subtotal"": ""142.5"", ""line_total"": ""153.9"", ""created_at"": ""2025-09-10 09:00:00"", ""updated_at"": ""2025-09-10 09:00:00""}"
invoice_lines,16,"{""id"": ""16"", ""invoice_id"": ""8"", ""product_id"": ""19"", ""description"": ""Onsite Setup Service Billing Line"", ""quantity"": ""1"", ""unit_price"": ""450.0"", ""discount_percent"": ""5.0"", ""discount_amount"": ""22.5"", ""tax_percent"": ""8.0"", ""line_subtotal"": ""427.5"", ""line_total"": ""461.7"", ""created_at"": ""2025-09-10 09:00:00"", ""updated_at"": ""2025-09-10 09:00:00""}"
invoice_lines,17,"{""id"": ""17"", ""invoice_id"": ""9"", ""product_id"": ""20"", ""description"": ""Data Migration Billing Line"", ""quantity"": ""2"", ""unit_price"": ""600.0"", ""discount_percent"": ""0.0"", ""discount_amount"": ""0.0"", ""tax_percent"": ""8.0"", ""line_subtotal"": ""1200.0"", ""line_total"": ""1296.0"", ""created_at"": ""2025-09-14 09:00:00"", ""updated_at"": ""2025-09-14 09:00:00""}"
invoice_lines,18,"{""id"": ""18"", ""invoice_id"": ""9"", ""product_id"": ""21"", ""description"": ""Network Setup Billing Line"", ""quantity"": ""1"", ""unit_price"": ""750.0"", ""discount_percent"": ""0.0"", ""discount_amount"": ""0.0"", ""tax_percent"": ""8.0"", ""line_subtotal"": ""750.0"", ""line_total"": ""810.0"", ""created_at"": ""2025-09-14 09:00:00"", ""updated_at"": ""2025-09-14 09:00:00""}"
invoice_lines,19,"{""id"": ""19"", ""invoice_id"": ""10"", ""product_id"": ""22"", ""description"": ""Extended Warranty Billing Line"", ""quantity"": ""2"", ""unit_price"": ""180.0"", ""discount_percent"": ""0.0"", ""discount_amount"": ""0.0"", ""tax_percent"": ""8.0"", ""line_subtotal"": ""360.0"", ""line_total"": ""388.8"", ""created_at"": ""2025-09-18 09:00:00"", ""updated_at"": ""2025-09-18 09:00:00""}"
invoice_lines,20,"{""id"": ""20"", ""invoice_id"": ""10"", ""product_id"": ""23"", ""description"": ""Cloud Backup 1yr Billing Line"", ""quantity"": ""1"", ""unit_price"": ""150.0"", ""discount_percent"": ""0.0"", ""discount_amount"": ""0.0"", ""tax_percent"": ""8.0"", ""line_subtotal"": ""150.0"", ""line_total"": ""162.0"", ""created_at"": ""2025-09-18 09:00:00"", ""updated_at"": ""2025-09-18 09:00:00""}"
invoice_lines,21,"{""id"": ""21"", ""invoice_id"": ""11"", ""product_id"": ""24"", ""description"": ""Endpoint Security Billing Line"", ""quantity"": ""2"", ""unit_price"": ""200.0"", ""discount_percent"": ""0.0"", ""discount_amount"": ""0.0"", ""tax_percent"": ""8.0"", ""line_subtotal"": ""400.0"", ""line_total"": ""432.0"", ""created_at"": ""2025-09-22 09:00:00"", ""updated_at"": ""2025-09-22 09:00:00""}"
invoice_lines,22,"{""id"": ""22"", ""invoice_id"": ""11"", ""product_id"": ""1"", ""description"": ""Laptop Pro 14 Billing Line"", ""quantity"": ""1"", ""unit_price"": ""1200.0"", ""discount_percent"": ""0.0"", ""discount_amount"": ""0.0"", ""tax_percent"": ""8.0"", ""line_subtotal"": ""1200.0"", ""line_total"": ""1296.0"", ""created_at"": ""2025-09-22 09:00:00"", ""updated_at"": ""2025-09-22 09:00:00""}"
invoice_lines,23,"{""id"": ""23"", ""invoice_id"": ""12"", ""product_id"": ""2"", ""description"": ""Laptop Pro 16 Billing Line"", ""quantity"": ""2"", ""unit_price"": ""1550.0"", ""discount_percent"": ""5.0"", ""discount_amount"": ""155.0"", ""tax_percent"": ""8.0"", ""line_subtotal"": ""2945.0"", ""line_total"": ""3180.6"", ""created_at"": ""2025-09-26 09:00:00"", ""updated_at"": ""2025-09-26 09:00:00""}"
invoice_lines,24,"{""id"": ""24"", ""invoice_id"": ""12"", ""product_id"": ""3"", ""description"": ""Laptop Pro 18 Billing Line"", ""quantity"": ""1"", ""unit_price"": ""2100.0"", ""discount_percent"": ""5.0"", ""discount_amount"": ""105.0"", ""tax_percent"": ""8.0"", ""line_subtotal"": ""1995.0"", ""line_total"": ""2154.6"", ""created_at"": ""2025-09-26 09:00:00"", ""updated_at"": ""2025-09-26 09:00:00""}"
invoice_lines,25,"{""id"": ""25"", ""invoice_id"": ""13"", ""product_id"": ""4"", ""description"": ""Monitor Basic 24 Billing Line"", ""quantity"": ""2"", ""unit_price"": ""220.0"", ""discount_percent"": ""0.0"", ""discount_amount"": ""0.0"", ""tax_percent"": ""8.0"", ""line_subtotal"": ""440.0"", ""line_total"": ""475.2"", ""created_at"": ""2025-09-30 09:00:00"", ""updated_at"": ""2025-09-30 09:00:00""}"
invoice_lines,26,"{""id"": ""26"", ""invoice_id"": ""13"", ""product_id"": ""5"", ""description"": ""Monitor Pro 27 Billing Line"", ""quantity"": ""1"", ""unit_price"": ""380.0"", ""discount_percent"": ""0.0"", ""discount_amount"": ""0.0"", ""tax_percent"": ""8.0"", ""line_subtotal"": ""380.0"", ""line_total"": ""410.4"", ""created_at"": ""2025-09-30 09:00:00"", ""updated_at"": ""2025-09-30 09:00:00""}"
invoice_lines,27,"{""id"": ""27"", ""invoice_id"": ""14"", ""product_id"": ""6"", ""description"": ""Monitor Ultra 32 Billing Line"", ""quantity"": ""2"", ""unit_price"": ""650.0"", ""discount_percent"": ""0.0"", ""discount_amount"": ""0.0"", ""tax_percent"": ""8.0"", ""line_subtotal"": ""1300.0"", ""line_total"": ""1404.0"", ""created_at"": ""2025-10-04 09:00:00"", ""updated_at"": ""2025-10-04 09:00:00""}"
invoice_lines,28,"{""id"": ""28"", ""invoice_id"": ""14"", ""product_id"": ""7"", ""description"": ""Basic Care 1yr Billing Line"", ""quantity"": ""1"", ""unit_price"": ""120.0"", ""discount_percent"": ""0.0"", ""discount_amount"": ""0.0"", ""tax_percent"": ""8.0"", ""line_subtotal"": ""120.0"", ""line_total"": ""129.6"", ""created_at"": ""2025-10-04 09:00:00"", ""updated_at"": ""2025-10-04 09:00:00""}"
invoice_lines,29,"{""id"": ""29"", ""invoice_id"": ""15"", ""product_id"": ""8"", ""description"": ""Premium Care 2yr Billing Line"", ""quantity"": ""2"", ""unit_price"": ""250.0"", ""discount_percent"": ""0.0"", ""discount_amount"": ""0.0"", ""tax_percent"": ""8.0"", ""line_subtotal"": ""500.0"", ""line_total"": ""540.0"", ""created_at"": ""2025-10-08 09:00:00"", ""updated_at"": ""2025-10-08 09:00:00""}"
invoice_lines,30,"{""id"": ""30"", ""invoice_id"": ""15"", ""product_id"": ""9"", ""description"": ""Enterprise Care 3yr Billing Line"", ""quantity"": ""1"", ""unit_price"": ""450.0"", ""discount_percent"": ""0.0"", ""discount_amount"": ""0.0"", ""tax_percent"": ""8.0"", ""line_subtotal"": ""450.0"", ""line_total"": ""486.0"", ""created_at"": ""2025-10-08 09:00:00"", ""updated_at"": ""2025-10-08 09:00:00""}"
invoice_lines,31,"{""id"": ""31"", ""invoice_id"": ""16"", ""product_id"": ""10"", ""description"": ""Gateway Standard Billing Line"", ""quantity"": ""2"", ""unit_price"": ""500.0"", ""discount_percent"": ""5.0"", ""discount_amount"": ""50.0"", ""tax_percent"": ""8.0"", ""line_subtotal"": ""950.0"", ""line_total"": ""1026.0"", ""created_at"": ""2025-10-12 09:00:00"", ""updated_at"": ""2025-10-12 09:00:00""}"
invoice_lines,32,"{""id"": ""32"", ""invoice_id"": ""16"", ""product_id"": ""11"", ""description"": ""Gateway Pro Billing Line"", ""quantity"": ""1"", ""unit_price"": ""850.0"", ""discount_percent"": ""5.0"", ""discount_amount"": ""42.5"", ""tax_percent"": ""8.0"", ""line_subtotal"": ""807.5"", ""line_total"": ""872.1"", ""created_at"": ""2025-10-12 09:00:00"", ""updated_at"": ""2025-10-12 09:00:00""}"
invoice_lines,33,"{""id"": ""33"", ""invoice_id"": ""17"", ""product_id"": ""12"", ""description"": ""Gateway Enterprise Billing Line"", ""quantity"": ""2"", ""unit_price"": ""1400.0"", ""discount_percent"": ""0.0"", ""discount_amount"": ""0.0"", ""tax_percent"": ""8.0"", ""line_subtotal"": ""2800.0"", ""line_total"": ""3024.0"", ""created_at"": ""2025-10-16 09:00:00"", ""updated_at"": ""2025-10-16 09:00:00""}"
invoice_lines,34,"{""id"": ""34"", ""invoice_id"": ""17"", ""product_id"": ""13"", ""description"": ""Wireless Mouse Billing Line"", ""quantity"": ""1"", ""unit_price"": ""45.0"", ""discount_percent"": ""0.0"", ""discount_amount"": ""0.0"", ""tax_percent"": ""8.0"", ""line_subtotal"": ""45.0"", ""line_total"": ""48.6"", ""created_at"": ""2025-10-16 09:00:00"", ""updated_at"": ""2025-10-16 09:00:00""}"
invoice_lines,35,"{""id"": ""35"", ""invoice_id"": ""18"", ""product_id"": ""14"", ""description"": ""Mechanical Keyboard Billing Line"", ""quantity"": ""2"", ""unit_price"": ""95.0"", ""discount_percent"": ""0.0"", ""discount_amount"": ""0.0"", ""tax_percent"": ""8.0"", ""line_subtotal"": ""190.0"", ""line_total"": ""205.2"", ""created_at"": ""2025-10-20 09:00:00"", ""updated_at"": ""2025-10-20 09:00:00""}"
invoice_lines,36,"{""id"": ""36"", ""invoice_id"": ""18"", ""product_id"": ""15"", ""description"": ""Docking Station Billing Line"", ""quantity"": ""1"", ""unit_price"": ""180.0"", ""discount_percent"": ""0.0"", ""discount_amount"": ""0.0"", ""tax_percent"": ""8.0"", ""line_subtotal"": ""180.0"", ""line_total"": ""194.4"", ""created_at"": ""2025-10-20 09:00:00"", ""updated_at"": ""2025-10-20 09:00:00""}"
invoice_lines,37,"{""id"": ""37"", ""invoice_id"": ""19"", ""product_id"": ""16"", ""description"": ""Laptop Bag Billing Line"", ""quantity"": ""2"", ""unit_price"": ""65.0"", ""discount_percent"": ""0.0"", ""discount_amount"": ""0.0"", ""tax_percent"": ""8.0"", ""line_subtotal"": ""130.0"", ""line_total"": ""140.4"", ""created_at"": ""2025-10-24 09:00:00"", ""updated_at"": ""2025-10-24 09:00:00""}"
invoice_lines,38,"{""id"": ""38"", ""invoice_id"": ""19"", ""product_id"": ""17"", ""description"": ""Ultra HD Webcam Billing Line"", ""quantity"": ""1"", ""unit_price"": ""110.0"", ""discount_percent"": ""0.0"", ""discount_amount"": ""0.0"", ""tax_percent"": ""8.0"", ""line_subtotal"": ""110.0"", ""line_total"": ""118.8"", ""created_at"": ""2025-10-24 09:00:00"", ""updated_at"": ""2025-10-24 09:00:00""}"
invoice_lines,39,"{""id"": ""39"", ""invoice_id"": ""20"", ""product_id"": ""18"", ""description"": ""Power Adapter 100W Billing Line"", ""quantity"": ""2"", ""unit_price"": ""75.0"", ""discount_percent"": ""5.0"", ""discount_amount"": ""7.5"", ""tax_percent"": ""8.0"", ""line_subtotal"": ""142.5"", ""line_total"": ""153.9"", ""created_at"": ""2025-10-28 09:00:00"", ""updated_at"": ""2025-10-28 09:00:00""}"
invoice_lines,40,"{""id"": ""40"", ""invoice_id"": ""20"", ""product_id"": ""19"", ""description"": ""Onsite Setup Service Billing Line"", ""quantity"": ""1"", ""unit_price"": ""450.0"", ""discount_percent"": ""5.0"", ""discount_amount"": ""22.5"", ""tax_percent"": ""8.0"", ""line_subtotal"": ""427.5"", ""line_total"": ""461.7"", ""created_at"": ""2025-10-28 09:00:00"", ""updated_at"": ""2025-10-28 09:00:00""}"
invoice_lines,41,"{""id"": ""41"", ""invoice_id"": ""21"", ""product_id"": ""20"", ""description"": ""Data Migration Billing Line"", ""quantity"": ""2"", ""unit_price"": ""600.0"", ""discount_percent"": ""0.0"", ""discount_amount"": ""0.0"", ""tax_percent"": ""8.0"", ""line_subtotal"": ""1200.0"", ""line_total"": ""1296.0"", ""created_at"": ""2025-11-01 09:00:00"", ""updated_at"": ""2025-11-01 09:00:00""}"
invoice_lines,42,"{""id"": ""42"", ""invoice_id"": ""22"", ""product_id"": ""22"", ""description"": ""Extended Warranty Billing Line"", ""quantity"": ""2"", ""unit_price"": ""180.0"", ""discount_percent"": ""0.0"", ""discount_amount"": ""0.0"", ""tax_percent"": ""8.0"", ""line_subtotal"": ""360.0"", ""line_total"": ""388.8"", ""created_at"": ""2025-11-05 09:00:00"", ""updated_at"": ""2025-11-05 09:00:00""}"
invoice_lines,43,"{""id"": ""43"", ""invoice_id"": ""23"", ""product_id"": ""24"", ""description"": ""Endpoint Security Billing Line"", ""quantity"": ""2"", ""unit_price"": ""200.0"", ""discount_percent"": ""0.0"", ""discount_amount"": ""0.0"", ""tax_percent"": ""8.0"", ""line_subtotal"": ""400.0"", ""line_total"": ""432.0"", ""created_at"": ""2025-11-09 09:00:00"", ""updated_at"": ""2025-11-09 09:00:00""}"
invoice_lines,44,"{""id"": ""44"", ""invoice_id"": ""24"", ""product_id"": ""2"", ""description"": ""Laptop Pro 16 Billing Line"", ""quantity"": ""2"", ""unit_price"": ""1550.0"", ""discount_percent"": ""5.0"", ""discount_amount"": ""155.0"", ""tax_percent"": ""8.0"", ""line_subtotal"": ""2945.0"", ""line_total"": ""3180.6"", ""created_at"": ""2025-11-13 09:00:00"", ""updated_at"": ""2025-11-13 09:00:00""}"
invoice_lines,45,"{""id"": ""45"", ""invoice_id"": ""25"", ""product_id"": ""4"", ""description"": ""Monitor Basic 24 Billing Line"", ""quantity"": ""2"", ""unit_price"": ""220.0"", ""discount_percent"": ""0.0"", ""discount_amount"": ""0.0"", ""tax_percent"": ""8.0"", ""line_subtotal"": ""440.0"", ""line_total"": ""475.2"", ""created_at"": ""2025-11-17 09:00:00"", ""updated_at"": ""2025-11-17 09:00:00""}"
invoice_lines,46,"{""id"": ""46"", ""invoice_id"": ""26"", ""product_id"": ""6"", ""description"": ""Monitor Ultra 32 Billing Line"", ""quantity"": ""2"", ""unit_price"": ""650.0"", ""discount_percent"": ""0.0"", ""discount_amount"": ""0.0"", ""tax_percent"": ""8.0"", ""line_subtotal"": ""1300.0"", ""line_total"": ""1404.0"", ""created_at"": ""2025-11-21 09:00:00"", ""updated_at"": ""2025-11-21 09:00:00""}"
invoice_lines,47,"{""id"": ""47"", ""invoice_id"": ""27"", ""product_id"": ""8"", ""description"": ""Premium Care 2yr Billing Line"", ""quantity"": ""2"", ""unit_price"": ""250.0"", ""discount_percent"": ""0.0"", ""discount_amount"": ""0.0"", ""tax_percent"": ""8.0"", ""line_subtotal"": ""500.0"", ""line_total"": ""540.0"", ""created_at"": ""2025-11-25 09:00:00"", ""updated_at"": ""2025-11-25 09:00:00""}"
invoice_lines,48,"{""id"": ""48"", ""invoice_id"": ""28"", ""product_id"": ""10"", ""description"": ""Gateway Standard Billing Line"", ""quantity"": ""2"", ""unit_price"": ""500.0"", ""discount_percent"": ""5.0"", ""discount_amount"": ""50.0"", ""tax_percent"": ""8.0"", ""line_subtotal"": ""950.0"", ""line_total"": ""1026.0"", ""created_at"": ""2025-11-29 09:00:00"", ""updated_at"": ""2025-11-29 09:00:00""}"
invoice_lines,49,"{""id"": ""49"", ""invoice_id"": ""29"", ""product_id"": ""12"", ""description"": ""Gateway Enterprise Billing Line"", ""quantity"": ""2"", ""unit_price"": ""1400.0"", ""discount_percent"": ""0.0"", ""discount_amount"": ""0.0"", ""tax_percent"": ""8.0"", ""line_subtotal"": ""2800.0"", ""line_total"": ""3024.0"", ""created_at"": ""2025-12-03 09:00:00"", ""updated_at"": ""2025-12-03 09:00:00""}"
invoice_lines,50,"{""id"": ""50"", ""invoice_id"": ""30"", ""product_id"": ""14"", ""description"": ""Mechanical Keyboard Billing Line"", ""quantity"": ""2"", ""unit_price"": ""95.0"", ""discount_percent"": ""0.0"", ""discount_amount"": ""0.0"", ""tax_percent"": ""8.0"", ""line_subtotal"": ""190.0"", ""line_total"": ""205.2"", ""created_at"": ""2025-12-07 09:00:00"", ""updated_at"": ""2025-12-07 09:00:00""}"
invoice_lines,51,"{""id"": ""51"", ""invoice_id"": ""31"", ""product_id"": ""16"", ""description"": ""Laptop Bag Billing Line"", ""quantity"": ""2"", ""unit_price"": ""65.0"", ""discount_percent"": ""0.0"", ""discount_amount"": ""0.0"", ""tax_percent"": ""8.0"", ""line_subtotal"": ""130.0"", ""line_total"": ""140.4"", ""created_at"": ""2025-12-11 09:00:00"", ""updated_at"": ""2025-12-11 09:00:00""}"
invoice_lines,52,"{""id"": ""52"", ""invoice_id"": ""32"", ""product_id"": ""18"", ""description"": ""Power Adapter 100W Billing Line"", ""quantity"": ""2"", ""unit_price"": ""75.0"", ""discount_percent"": ""5.0"", ""discount_amount"": ""7.5"", ""tax_percent"": ""8.0"", ""line_subtotal"": ""142.5"", ""line_total"": ""153.9"", ""created_at"": ""2025-12-15 09:00:00"", ""updated_at"": ""2025-12-15 09:00:00""}"
invoice_lines,53,"{""id"": ""53"", ""invoice_id"": ""33"", ""product_id"": ""20"", ""description"": ""Data Migration Billing Line"", ""quantity"": ""2"", ""unit_price"": ""600.0"", ""discount_percent"": ""0.0"", ""discount_amount"": ""0.0"", ""tax_percent"": ""8.0"", ""line_subtotal"": ""1200.0"", ""line_total"": ""1296.0"", ""created_at"": ""2025-12-19 09:00:00"", ""updated_at"": ""2025-12-19 09:00:00""}"
invoice_lines,54,"{""id"": ""54"", ""invoice_id"": ""34"", ""product_id"": ""22"", ""description"": ""Extended Warranty Billing Line"", ""quantity"": ""2"", ""unit_price"": ""180.0"", ""discount_percent"": ""0.0"", ""discount_amount"": ""0.0"", ""tax_percent"": ""8.0"", ""line_subtotal"": ""360.0"", ""line_total"": ""388.8"", ""created_at"": ""2025-12-23 09:00:00"", ""updated_at"": ""2025-12-23 09:00:00""}"
invoice_lines,55,"{""id"": ""55"", ""invoice_id"": ""35"", ""product_id"": ""24"", ""description"": ""Endpoint Security Billing Line"", ""quantity"": ""2"", ""unit_price"": ""200.0"", ""discount_percent"": ""0.0"", ""discount_amount"": ""0.0"", ""tax_percent"": ""8.0"", ""line_subtotal"": ""400.0"", ""line_total"": ""432.0"", ""created_at"": ""2025-12-27 09:00:00"", ""updated_at"": ""2025-12-27 09:00:00""}"
invoice_lines,56,"{""id"": ""56"", ""invoice_id"": ""36"", ""product_id"": ""2"", ""description"": ""Laptop Pro 16 Billing Line"", ""quantity"": ""2"", ""unit_price"": ""1550.0"", ""discount_percent"": ""5.0"", ""discount_amount"": ""155.0"", ""tax_percent"": ""8.0"", ""line_subtotal"": ""2945.0"", ""line_total"": ""3180.6"", ""created_at"": ""2025-12-31 09:00:00"", ""updated_at"": ""2025-12-31 09:00:00""}"
invoice_lines,57,"{""id"": ""57"", ""invoice_id"": ""37"", ""product_id"": ""4"", ""description"": ""Monitor Basic 24 Billing Line"", ""quantity"": ""2"", ""unit_price"": ""220.0"", ""discount_percent"": ""0.0"", ""discount_amount"": ""0.0"", ""tax_percent"": ""8.0"", ""line_subtotal"": ""440.0"", ""line_total"": ""475.2"", ""created_at"": ""2026-01-04 09:00:00"", ""updated_at"": ""2026-01-04 09:00:00""}"
invoice_lines,58,"{""id"": ""58"", ""invoice_id"": ""38"", ""product_id"": ""6"", ""description"": ""Monitor Ultra 32 Billing Line"", ""quantity"": ""2"", ""unit_price"": ""650.0"", ""discount_percent"": ""0.0"", ""discount_amount"": ""0.0"", ""tax_percent"": ""8.0"", ""line_subtotal"": ""1300.0"", ""line_total"": ""1404.0"", ""created_at"": ""2026-01-08 09:00:00"", ""updated_at"": ""2026-01-08 09:00:00""}"
invoice_lines,59,"{""id"": ""59"", ""invoice_id"": ""39"", ""product_id"": ""8"", ""description"": ""Premium Care 2yr Billing Line"", ""quantity"": ""2"", ""unit_price"": ""250.0"", ""discount_percent"": ""0.0"", ""discount_amount"": ""0.0"", ""tax_percent"": ""8.0"", ""line_subtotal"": ""500.0"", ""line_total"": ""540.0"", ""created_at"": ""2026-01-12 09:00:00"", ""updated_at"": ""2026-01-12 09:00:00""}"
invoice_lines,60,"{""id"": ""60"", ""invoice_id"": ""40"", ""product_id"": ""10"", ""description"": ""Gateway Standard Billing Line"", ""quantity"": ""2"", ""unit_price"": ""500.0"", ""discount_percent"": ""5.0"", ""discount_amount"": ""50.0"", ""tax_percent"": ""8.0"", ""line_subtotal"": ""950.0"", ""line_total"": ""1026.0"", ""created_at"": ""2026-01-16 09:00:00"", ""updated_at"": ""2026-01-16 09:00:00""}"
payments,1,"{""id"": ""1"", ""payment_number"": ""PAY-0001"", ""invoice_id"": ""1"", ""customer_id"": ""1"", ""payment_date"": ""2025-08-17 09:00:00"", ""amount"": ""885.6"", ""currency"": ""USD"", ""payment_method"": ""BANK_TRANSFER"", ""transaction_reference"": ""TXN-FULL-00001"", ""status"": ""SUCCESS"", ""notes"": ""Full payment settled via wire transfer."", ""created_at"": ""2025-08-17 09:00:00"", ""updated_at"": ""2025-08-17 09:00:00""}"
payments,2,"{""id"": ""2"", ""payment_number"": ""PAY-0002"", ""invoice_id"": ""2"", ""customer_id"": ""2"", ""payment_date"": ""2025-08-21 09:00:00"", ""amount"": ""1533.6"", ""currency"": ""USD"", ""payment_method"": ""CARD"", ""transaction_reference"": ""TXN-FULL-00002"", ""status"": ""SUCCESS"", ""notes"": ""Full payment settled via wire transfer."", ""created_at"": ""2025-08-21 09:00:00"", ""updated_at"": ""2025-08-21 09:00:00""}"
payments,3,"{""id"": ""3"", ""payment_number"": ""PAY-0003"", ""invoice_id"": ""3"", ""customer_id"": ""3"", ""payment_date"": ""2025-08-26 09:00:00"", ""amount"": ""513.0"", ""currency"": ""USD"", ""payment_method"": ""UPI"", ""transaction_reference"": ""TXN-PART-00003"", ""status"": ""SUCCESS"", ""notes"": ""Partial installment payment received."", ""created_at"": ""2025-08-26 09:00:00"", ""updated_at"": ""2025-08-26 09:00:00""}"
payments,4,"{""id"": ""4"", ""payment_number"": ""PAY-0004"", ""invoice_id"": ""8"", ""customer_id"": ""8"", ""payment_date"": ""2025-09-14 09:00:00"", ""amount"": ""615.6"", ""currency"": ""USD"", ""payment_method"": ""OTHER"", ""transaction_reference"": ""TXN-FULL-00004"", ""status"": ""SUCCESS"", ""notes"": ""Full payment settled via wire transfer."", ""created_at"": ""2025-09-14 09:00:00"", ""updated_at"": ""2025-09-14 09:00:00""}"
payments,5,"{""id"": ""5"", ""payment_number"": ""PAY-0005"", ""invoice_id"": ""9"", ""customer_id"": ""9"", ""payment_date"": ""2025-09-18 09:00:00"", ""amount"": ""2106.0"", ""currency"": ""USD"", ""payment_method"": ""BANK_TRANSFER"", ""transaction_reference"": ""TXN-FULL-00005"", ""status"": ""SUCCESS"", ""notes"": ""Full payment settled via wire transfer."", ""created_at"": ""2025-09-18 09:00:00"", ""updated_at"": ""2025-09-18 09:00:00""}"
payments,6,"{""id"": ""6"", ""payment_number"": ""PAY-0006"", ""invoice_id"": ""10"", ""customer_id"": ""10"", ""payment_date"": ""2025-09-23 09:00:00"", ""amount"": ""275.4"", ""currency"": ""USD"", ""payment_method"": ""CARD"", ""transaction_reference"": ""TXN-PART-00006"", ""status"": ""SUCCESS"", ""notes"": ""Partial installment payment received."", ""created_at"": ""2025-09-23 09:00:00"", ""updated_at"": ""2025-09-23 09:00:00""}"
payments,7,"{""id"": ""7"", ""payment_number"": ""PAY-0007"", ""invoice_id"": ""15"", ""customer_id"": ""15"", ""payment_date"": ""2025-10-12 09:00:00"", ""amount"": ""1026.0"", ""currency"": ""USD"", ""payment_method"": ""UPI"", ""transaction_reference"": ""TXN-FULL-00007"", ""status"": ""SUCCESS"", ""notes"": ""Full payment settled via wire transfer."", ""created_at"": ""2025-10-12 09:00:00"", ""updated_at"": ""2025-10-12 09:00:00""}"
payments,8,"{""id"": ""8"", ""payment_number"": ""PAY-0008"", ""invoice_id"": ""16"", ""customer_id"": ""16"", ""payment_date"": ""2025-10-16 09:00:00"", ""amount"": ""1898.1"", ""currency"": ""USD"", ""payment_method"": ""OTHER"", ""transaction_reference"": ""TXN-FULL-00008"", ""status"": ""SUCCESS"", ""notes"": ""Full payment settled via wire transfer."", ""created_at"": ""2025-10-16 09:00:00"", ""updated_at"": ""2025-10-16 09:00:00""}"
payments,9,"{""id"": ""9"", ""payment_number"": ""PAY-0009"", ""invoice_id"": ""17"", ""customer_id"": ""17"", ""payment_date"": ""2025-10-21 09:00:00"", ""amount"": ""1536.3"", ""currency"": ""USD"", ""payment_method"": ""BANK_TRANSFER"", ""transaction_reference"": ""TXN-PART-00009"", ""status"": ""SUCCESS"", ""notes"": ""Partial installment payment received."", ""created_at"": ""2025-10-21 09:00:00"", ""updated_at"": ""2025-10-21 09:00:00""}"
payments,10,"{""id"": ""10"", ""payment_number"": ""PAY-0010"", ""invoice_id"": ""22"", ""customer_id"": ""22"", ""payment_date"": ""2025-11-09 09:00:00"", ""amount"": ""388.8"", ""currency"": ""USD"", ""payment_method"": ""CARD"", ""transaction_reference"": ""TXN-FULL-00010"", ""status"": ""SUCCESS"", ""notes"": ""Full payment settled via wire transfer."", ""created_at"": ""2025-11-09 09:00:00"", ""updated_at"": ""2025-11-09 09:00:00""}"
payments,11,"{""id"": ""11"", ""payment_number"": ""PAY-0011"", ""invoice_id"": ""23"", ""customer_id"": ""23"", ""payment_date"": ""2025-11-13 09:00:00"", ""amount"": ""432.0"", ""currency"": ""USD"", ""payment_method"": ""UPI"", ""transaction_reference"": ""TXN-FULL-00011"", ""status"": ""SUCCESS"", ""notes"": ""Full payment settled via wire transfer."", ""created_at"": ""2025-11-13 09:00:00"", ""updated_at"": ""2025-11-13 09:00:00""}"
payments,12,"{""id"": ""12"", ""payment_number"": ""PAY-0012"", ""invoice_id"": ""24"", ""customer_id"": ""24"", ""payment_date"": ""2025-11-18 09:00:00"", ""amount"": ""1590.3"", ""currency"": ""USD"", ""payment_method"": ""OTHER"", ""transaction_reference"": ""TXN-PART-00012"", ""status"": ""SUCCESS"", ""notes"": ""Partial installment payment received."", ""created_at"": ""2025-11-18 09:00:00"", ""updated_at"": ""2025-11-18 09:00:00""}"
payments,13,"{""id"": ""13"", ""payment_number"": ""PAY-0013"", ""invoice_id"": ""29"", ""customer_id"": ""29"", ""payment_date"": ""2025-12-07 09:00:00"", ""amount"": ""3024.0"", ""currency"": ""USD"", ""payment_method"": ""BANK_TRANSFER"", ""transaction_reference"": ""TXN-FULL-00013"", ""status"": ""SUCCESS"", ""notes"": ""Full payment settled via wire transfer."", ""created_at"": ""2025-12-07 09:00:00"", ""updated_at"": ""2025-12-07 09:00:00""}"
payments,14,"{""id"": ""14"", ""payment_number"": ""PAY-0014"", ""invoice_id"": ""30"", ""customer_id"": ""30"", ""payment_date"": ""2025-12-11 09:00:00"", ""amount"": ""205.2"", ""currency"": ""USD"", ""payment_method"": ""CARD"", ""transaction_reference"": ""TXN-FULL-00014"", ""status"": ""SUCCESS"", ""notes"": ""Full payment settled via wire transfer."", ""created_at"": ""2025-12-11 09:00:00"", ""updated_at"": ""2025-12-11 09:00:00""}"
payments,15,"{""id"": ""15"", ""payment_number"": ""PAY-0015"", ""invoice_id"": ""31"", ""customer_id"": ""31"", ""payment_date"": ""2025-12-16 09:00:00"", ""amount"": ""70.2"", ""currency"": ""USD"", ""payment_method"": ""UPI"", ""transaction_reference"": ""TXN-PART-00015"", ""status"": ""SUCCESS"", ""notes"": ""Partial installment payment received."", ""created_at"": ""2025-12-16 09:00:00"", ""updated_at"": ""2025-12-16 09:00:00""}"
payments,16,"{""id"": ""16"", ""payment_number"": ""PAY-0016"", ""invoice_id"": ""36"", ""customer_id"": ""36"", ""payment_date"": ""2026-01-04 09:00:00"", ""amount"": ""3180.6"", ""currency"": ""USD"", ""payment_method"": ""OTHER"", ""transaction_reference"": ""TXN-FULL-00016"", ""status"": ""SUCCESS"", ""notes"": ""Full payment settled via wire transfer."", ""created_at"": ""2026-01-04 09:00:00"", ""updated_at"": ""2026-01-04 09:00:00""}"
payments,17,"{""id"": ""17"", ""payment_number"": ""PAY-0017"", ""invoice_id"": ""37"", ""customer_id"": ""37"", ""payment_date"": ""2026-01-08 09:00:00"", ""amount"": ""475.2"", ""currency"": ""USD"", ""payment_method"": ""BANK_TRANSFER"", ""transaction_reference"": ""TXN-FULL-00017"", ""status"": ""SUCCESS"", ""notes"": ""Full payment settled via wire transfer."", ""created_at"": ""2026-01-08 09:00:00"", ""updated_at"": ""2026-01-08 09:00:00""}"
payments,18,"{""id"": ""18"", ""payment_number"": ""PAY-0018"", ""invoice_id"": ""38"", ""customer_id"": ""38"", ""payment_date"": ""2026-01-13 09:00:00"", ""amount"": ""702.0"", ""currency"": ""USD"", ""payment_method"": ""CARD"", ""transaction_reference"": ""TXN-PART-00018"", ""status"": ""SUCCESS"", ""notes"": ""Partial installment payment received."", ""created_at"": ""2026-01-13 09:00:00"", ""updated_at"": ""2026-01-13 09:00:00""}"
payments,19,"{""id"": ""19"", ""payment_number"": ""PAY-0019"", ""invoice_id"": ""18"", ""customer_id"": ""18"", ""payment_date"": ""2025-11-21 09:00:00"", ""amount"": ""79.92"", ""currency"": ""USD"", ""payment_method"": ""CARD"", ""transaction_reference"": ""TXN-FAIL-00019"", ""status"": ""FAILED"", ""notes"": ""Credit card processing declined by bank."", ""created_at"": ""2025-11-21 09:00:00"", ""updated_at"": ""2025-11-21 09:00:00""}"
payments,20,"{""id"": ""20"", ""payment_number"": ""PAY-0020"", ""invoice_id"": ""21"", ""customer_id"": ""21"", ""payment_date"": ""2025-12-03 09:00:00"", ""amount"": ""259.2"", ""currency"": ""USD"", ""payment_method"": ""CARD"", ""transaction_reference"": ""TXN-FAIL-00020"", ""status"": ""FAILED"", ""notes"": ""Credit card processing declined by bank."", ""created_at"": ""2025-12-03 09:00:00"", ""updated_at"": ""2025-12-03 09:00:00""}"
payments,21,"{""id"": ""21"", ""payment_number"": ""PAY-0021"", ""invoice_id"": ""24"", ""customer_id"": ""24"", ""payment_date"": ""2025-12-15 09:00:00"", ""amount"": ""318.06"", ""currency"": ""USD"", ""payment_method"": ""CARD"", ""transaction_reference"": ""TXN-FAIL-00021"", ""status"": ""FAILED"", ""notes"": ""Credit card processing declined by bank."", ""created_at"": ""2025-12-15 09:00:00"", ""updated_at"": ""2025-12-15 09:00:00""}"
payments,22,"{""id"": ""22"", ""payment_number"": ""PAY-0022"", ""invoice_id"": ""27"", ""customer_id"": ""27"", ""payment_date"": ""2025-12-27 09:00:00"", ""amount"": ""108.0"", ""currency"": ""USD"", ""payment_method"": ""CARD"", ""transaction_reference"": ""TXN-FAIL-00022"", ""status"": ""FAILED"", ""notes"": ""Credit card processing declined by bank."", ""created_at"": ""2025-12-27 09:00:00"", ""updated_at"": ""2025-12-27 09:00:00""}"
payments,23,"{""id"": ""23"", ""payment_number"": ""PAY-0023"", ""invoice_id"": ""30"", ""customer_id"": ""30"", ""payment_date"": ""2026-01-08 09:00:00"", ""amount"": ""100.0"", ""currency"": ""USD"", ""payment_method"": ""CARD"", ""transaction_reference"": ""TXN-FAIL-00023"", ""status"": ""FAILED"", ""notes"": ""Credit card processing declined by bank."", ""created_at"": ""2026-01-08 09:00:00"", ""updated_at"": ""2026-01-08 09:00:00""}"
payments,24,"{""id"": ""24"", ""payment_number"": ""PAY-0024"", ""invoice_id"": ""33"", ""customer_id"": ""33"", ""payment_date"": ""2026-01-20 09:00:00"", ""amount"": ""259.2"", ""currency"": ""USD"", ""payment_method"": ""CARD"", ""transaction_reference"": ""TXN-FAIL-00024"", ""status"": ""FAILED"", ""notes"": ""Credit card processing declined by bank."", ""created_at"": ""2026-01-20 09:00:00"", ""updated_at"": ""2026-01-20 09:00:00""}"
payments,25,"{""id"": ""25"", ""payment_number"": ""PAY-0025"", ""invoice_id"": ""36"", ""customer_id"": ""36"", ""payment_date"": ""2026-02-01 09:00:00"", ""amount"": ""100.0"", ""currency"": ""USD"", ""payment_method"": ""CARD"", ""transaction_reference"": ""TXN-FAIL-00025"", ""status"": ""FAILED"", ""notes"": ""Credit card processing declined by bank."", ""created_at"": ""2026-02-01 09:00:00"", ""updated_at"": ""2026-02-01 09:00:00""}"
payments,26,"{""id"": ""26"", ""payment_number"": ""PAY-0026"", ""invoice_id"": ""39"", ""customer_id"": ""39"", ""payment_date"": ""2026-02-13 09:00:00"", ""amount"": ""108.0"", ""currency"": ""USD"", ""payment_method"": ""CARD"", ""transaction_reference"": ""TXN-FAIL-00026"", ""status"": ""FAILED"", ""notes"": ""Credit card processing declined by bank."", ""created_at"": ""2026-02-13 09:00:00"", ""updated_at"": ""2026-02-13 09:00:00""}"
payments,27,"{""id"": ""27"", ""payment_number"": ""PAY-0027"", ""invoice_id"": ""2"", ""customer_id"": ""2"", ""payment_date"": ""2025-09-18 09:00:00"", ""amount"": ""100.0"", ""currency"": ""USD"", ""payment_method"": ""CARD"", ""transaction_reference"": ""TXN-FAIL-00027"", ""status"": ""FAILED"", ""notes"": ""Credit card processing declined by bank."", ""created_at"": ""2025-09-18 09:00:00"", ""updated_at"": ""2025-09-18 09:00:00""}"
payments,28,"{""id"": ""28"", ""payment_number"": ""PAY-0028"", ""invoice_id"": ""5"", ""customer_id"": ""5"", ""payment_date"": ""2025-09-30 09:00:00"", ""amount"": ""614.52"", ""currency"": ""USD"", ""payment_method"": ""CARD"", ""transaction_reference"": ""TXN-FAIL-00028"", ""status"": ""FAILED"", ""notes"": ""Credit card processing declined by bank."", ""created_at"": ""2025-09-30 09:00:00"", ""updated_at"": ""2025-09-30 09:00:00""}"
payments,29,"{""id"": ""29"", ""payment_number"": ""PAY-0029"", ""invoice_id"": ""8"", ""customer_id"": ""8"", ""payment_date"": ""2025-10-12 09:00:00"", ""amount"": ""100.0"", ""currency"": ""USD"", ""payment_method"": ""CARD"", ""transaction_reference"": ""TXN-FAIL-00029"", ""status"": ""FAILED"", ""notes"": ""Credit card processing declined by bank."", ""created_at"": ""2025-10-12 09:00:00"", ""updated_at"": ""2025-10-12 09:00:00""}"
payments,30,"{""id"": ""30"", ""payment_number"": ""PAY-0030"", ""invoice_id"": ""11"", ""customer_id"": ""11"", ""payment_date"": ""2025-10-24 09:00:00"", ""amount"": ""345.6"", ""currency"": ""USD"", ""payment_method"": ""CARD"", ""transaction_reference"": ""TXN-FAIL-00030"", ""status"": ""FAILED"", ""notes"": ""Credit card processing declined by bank."", ""created_at"": ""2025-10-24 09:00:00"", ""updated_at"": ""2025-10-24 09:00:00""}"
payments,31,"{""id"": ""31"", ""payment_number"": ""PAY-0031"", ""invoice_id"": ""14"", ""customer_id"": ""14"", ""payment_date"": ""2025-11-05 09:00:00"", ""amount"": ""306.72"", ""currency"": ""USD"", ""payment_method"": ""CARD"", ""transaction_reference"": ""TXN-FAIL-00031"", ""status"": ""FAILED"", ""notes"": ""Credit card processing declined by bank."", ""created_at"": ""2025-11-05 09:00:00"", ""updated_at"": ""2025-11-05 09:00:00""}"
payments,32,"{""id"": ""32"", ""payment_number"": ""PAY-0032"", ""invoice_id"": ""17"", ""customer_id"": ""17"", ""payment_date"": ""2025-11-17 09:00:00"", ""amount"": ""307.26"", ""currency"": ""USD"", ""payment_method"": ""CARD"", ""transaction_reference"": ""TXN-FAIL-00032"", ""status"": ""FAILED"", ""notes"": ""Credit card processing declined by bank."", ""created_at"": ""2025-11-17 09:00:00"", ""updated_at"": ""2025-11-17 09:00:00""}"
payments,33,"{""id"": ""33"", ""payment_number"": ""PAY-0033"", ""invoice_id"": ""20"", ""customer_id"": ""20"", ""payment_date"": ""2025-11-29 09:00:00"", ""amount"": ""123.12"", ""currency"": ""USD"", ""payment_method"": ""CARD"", ""transaction_reference"": ""TXN-FAIL-00033"", ""status"": ""FAILED"", ""notes"": ""Credit card processing declined by bank."", ""created_at"": ""2025-11-29 09:00:00"", ""updated_at"": ""2025-11-29 09:00:00""}"
payments,34,"{""id"": ""34"", ""payment_number"": ""PAY-0034"", ""invoice_id"": ""23"", ""customer_id"": ""23"", ""payment_date"": ""2025-12-11 09:00:00"", ""amount"": ""100.0"", ""currency"": ""USD"", ""payment_method"": ""CARD"", ""transaction_reference"": ""TXN-FAIL-00034"", ""status"": ""FAILED"", ""notes"": ""Credit card processing declined by bank."", ""created_at"": ""2025-12-11 09:00:00"", ""updated_at"": ""2025-12-11 09:00:00""}"
payments,35,"{""id"": ""35"", ""payment_number"": ""PAY-0035"", ""invoice_id"": ""26"", ""customer_id"": ""26"", ""payment_date"": ""2025-12-23 09:00:00"", ""amount"": ""280.8"", ""currency"": ""USD"", ""payment_method"": ""CARD"", ""transaction_reference"": ""TXN-FAIL-00035"", ""status"": ""FAILED"", ""notes"": ""Credit card processing declined by bank."", ""created_at"": ""2025-12-23 09:00:00"", ""updated_at"": ""2025-12-23 09:00:00""}"
negotiations,1,"{""id"": ""1"", ""negotiation_number"": ""NEG-0001"", ""quotation_id"": ""1"", ""customer_id"": ""1"", ""initiated_by"": ""6"", ""current_discount_percent"": ""12.77"", ""requested_discount_percent"": ""22.0"", ""current_total"": ""2854.44"", ""requested_total"": ""2552.47"", ""customer_message"": ""We would like an additional discount of 22.0% for our volume rollout."", ""sales_response"": ""We cannot offer 22% on hardware, but we can include Premium Care at a special rate."", ""status"": ""COUNTERED"", ""risk_score"": ""75.0"", ""created_at"": ""2026-01-18 09:00:00"", ""updated_at"": ""2026-01-18 09:00:00""}"
negotiations,2,"{""id"": ""2"", ""negotiation_number"": ""NEG-0002"", ""quotation_id"": ""2"", ""customer_id"": ""2"", ""initiated_by"": ""7"", ""current_discount_percent"": ""11.27"", ""requested_discount_percent"": ""22.0"", ""current_total"": ""987.01"", ""requested_total"": ""867.67"", ""customer_message"": ""We would like an additional discount of 22.0% for our volume rollout."", ""sales_response"": ""We cannot offer 22% on hardware, but we can include Premium Care at a special rate."", ""status"": ""COUNTERED"", ""risk_score"": ""75.0"", ""created_at"": ""2025-07-28 09:00:00"", ""updated_at"": ""2025-07-28 09:00:00""}"
negotiations,3,"{""id"": ""3"", ""negotiation_number"": ""NEG-0003"", ""quotation_id"": ""3"", ""customer_id"": ""3"", ""initiated_by"": ""7"", ""current_discount_percent"": ""5.0"", ""requested_discount_percent"": ""22.0"", ""current_total"": ""379.62"", ""requested_total"": ""311.69"", ""customer_message"": ""We would like an additional discount of 22.0% for our volume rollout."", ""sales_response"": ""We cannot offer 22% on hardware, but we can include Premium Care at a special rate."", ""status"": ""ACCEPTED"", ""risk_score"": ""75.0"", ""created_at"": ""2025-07-31 09:00:00"", ""updated_at"": ""2025-07-31 09:00:00""}"
negotiations,4,"{""id"": ""4"", ""negotiation_number"": ""NEG-0004"", ""quotation_id"": ""4"", ""customer_id"": ""4"", ""initiated_by"": ""7"", ""current_discount_percent"": ""5.0"", ""requested_discount_percent"": ""10.0"", ""current_total"": ""974.7"", ""requested_total"": ""923.4"", ""customer_message"": ""We would like an additional discount of 10.0% for our volume rollout."", ""sales_response"": ""We have reviewed your request."", ""status"": ""REJECTED"", ""risk_score"": ""45.0"", ""created_at"": ""2025-08-03 09:00:00"", ""updated_at"": ""2025-08-03 09:00:00""}"
negotiations,5,"{""id"": ""5"", ""negotiation_number"": ""NEG-0005"", ""quotation_id"": ""5"", ""customer_id"": ""5"", ""initiated_by"": ""7"", ""current_discount_percent"": ""11.42"", ""requested_discount_percent"": ""16.42"", ""current_total"": ""2152.44"", ""requested_total"": ""2030.99"", ""customer_message"": ""We would like an additional discount of 16.42% for our volume rollout."", ""sales_response"": ""We have reviewed your request."", ""status"": ""EXPIRED"", ""risk_score"": ""45.0"", ""created_at"": ""2025-08-06 09:00:00"", ""updated_at"": ""2025-08-06 09:00:00""}"
negotiations,6,"{""id"": ""6"", ""negotiation_number"": ""NEG-0006"", ""quotation_id"": ""6"", ""customer_id"": ""6"", ""initiated_by"": ""7"", ""current_discount_percent"": ""5.0"", ""requested_discount_percent"": ""10.0"", ""current_total"": ""143.64"", ""requested_total"": ""136.08"", ""customer_message"": ""We would like an additional discount of 10.0% for our volume rollout."", ""sales_response"": ""We have reviewed your request."", ""status"": ""OPEN"", ""risk_score"": ""45.0"", ""created_at"": ""2025-08-09 09:00:00"", ""updated_at"": ""2025-08-09 09:00:00""}"
negotiations,7,"{""id"": ""7"", ""negotiation_number"": ""NEG-0007"", ""quotation_id"": ""7"", ""customer_id"": ""7"", ""initiated_by"": ""7"", ""current_discount_percent"": ""5.0"", ""requested_discount_percent"": ""10.0"", ""current_total"": ""251.37"", ""requested_total"": ""238.14"", ""customer_message"": ""We would like an additional discount of 10.0% for our volume rollout."", ""sales_response"": ""We have reviewed your request."", ""status"": ""COUNTERED"", ""risk_score"": ""45.0"", ""created_at"": ""2025-08-12 09:00:00"", ""updated_at"": ""2025-08-12 09:00:00""}"
negotiations,8,"{""id"": ""8"", ""negotiation_number"": ""NEG-0008"", ""quotation_id"": ""8"", ""customer_id"": ""8"", ""initiated_by"": ""7"", ""current_discount_percent"": ""15.11"", ""requested_discount_percent"": ""20.11"", ""current_total"": ""169.61"", ""requested_total"": ""159.62"", ""customer_message"": ""We would like an additional discount of 20.11% for our volume rollout."", ""sales_response"": ""We have reviewed your request."", ""status"": ""ACCEPTED"", ""risk_score"": ""45.0"", ""created_at"": ""2025-08-15 09:00:00"", ""updated_at"": ""2025-08-15 09:00:00""}"
negotiations,9,"{""id"": ""9"", ""negotiation_number"": ""NEG-0009"", ""quotation_id"": ""9"", ""customer_id"": ""9"", ""initiated_by"": ""7"", ""current_discount_percent"": ""5.0"", ""requested_discount_percent"": ""10.0"", ""current_total"": ""1077.3"", ""requested_total"": ""1020.6"", ""customer_message"": ""We would like an additional discount of 10.0% for our volume rollout."", ""sales_response"": ""We have reviewed your request."", ""status"": ""REJECTED"", ""risk_score"": ""45.0"", ""created_at"": ""2025-08-18 09:00:00"", ""updated_at"": ""2025-08-18 09:00:00""}"
negotiations,10,"{""id"": ""10"", ""negotiation_number"": ""NEG-0010"", ""quotation_id"": ""10"", ""customer_id"": ""10"", ""initiated_by"": ""7"", ""current_discount_percent"": ""5.0"", ""requested_discount_percent"": ""10.0"", ""current_total"": ""954.18"", ""requested_total"": ""903.96"", ""customer_message"": ""We would like an additional discount of 10.0% for our volume rollout."", ""sales_response"": ""We have reviewed your request."", ""status"": ""EXPIRED"", ""risk_score"": ""45.0"", ""created_at"": ""2025-08-21 09:00:00"", ""updated_at"": ""2025-08-21 09:00:00""}"
negotiations,11,"{""id"": ""11"", ""negotiation_number"": ""NEG-0011"", ""quotation_id"": ""11"", ""customer_id"": ""11"", ""initiated_by"": ""7"", ""current_discount_percent"": ""5.0"", ""requested_discount_percent"": ""10.0"", ""current_total"": ""359.1"", ""requested_total"": ""340.2"", ""customer_message"": ""We would like an additional discount of 10.0% for our volume rollout."", ""sales_response"": ""We have reviewed your request."", ""status"": ""OPEN"", ""risk_score"": ""45.0"", ""created_at"": ""2025-08-24 09:00:00"", ""updated_at"": ""2025-08-24 09:00:00""}"
negotiations,12,"{""id"": ""12"", ""negotiation_number"": ""NEG-0012"", ""quotation_id"": ""12"", ""customer_id"": ""12"", ""initiated_by"": ""7"", ""current_discount_percent"": ""12.42"", ""requested_discount_percent"": ""17.42"", ""current_total"": ""2601.18"", ""requested_total"": ""2452.63"", ""customer_message"": ""We would like an additional discount of 17.42% for our volume rollout."", ""sales_response"": ""We have reviewed your request."", ""status"": ""COUNTERED"", ""risk_score"": ""45.0"", ""created_at"": ""2025-08-27 09:00:00"", ""updated_at"": ""2025-08-27 09:00:00""}"
negotiations,13,"{""id"": ""13"", ""negotiation_number"": ""NEG-0013"", ""quotation_id"": ""13"", ""customer_id"": ""13"", ""initiated_by"": ""7"", ""current_discount_percent"": ""5.0"", ""requested_discount_percent"": ""10.0"", ""current_total"": ""2380.32"", ""requested_total"": ""2255.04"", ""customer_message"": ""We would like an additional discount of 10.0% for our volume rollout."", ""sales_response"": ""We have reviewed your request."", ""status"": ""ACCEPTED"", ""risk_score"": ""45.0"", ""created_at"": ""2025-08-30 09:00:00"", ""updated_at"": ""2025-08-30 09:00:00""}"
negotiations,14,"{""id"": ""14"", ""negotiation_number"": ""NEG-0014"", ""quotation_id"": ""14"", ""customer_id"": ""14"", ""initiated_by"": ""7"", ""current_discount_percent"": ""5.0"", ""requested_discount_percent"": ""10.0"", ""current_total"": ""1056.78"", ""requested_total"": ""1001.16"", ""customer_message"": ""We would like an additional discount of 10.0% for our volume rollout."", ""sales_response"": ""We have reviewed your request."", ""status"": ""REJECTED"", ""risk_score"": ""45.0"", ""created_at"": ""2025-09-02 09:00:00"", ""updated_at"": ""2025-09-02 09:00:00""}"
negotiations,15,"{""id"": ""15"", ""negotiation_number"": ""NEG-0015"", ""quotation_id"": ""15"", ""customer_id"": ""15"", ""initiated_by"": ""7"", ""current_discount_percent"": ""5.0"", ""requested_discount_percent"": ""10.0"", ""current_total"": ""379.62"", ""requested_total"": ""359.64"", ""customer_message"": ""We would like an additional discount of 10.0% for our volume rollout."", ""sales_response"": ""We have reviewed your request."", ""status"": ""EXPIRED"", ""risk_score"": ""45.0"", ""created_at"": ""2025-09-05 09:00:00"", ""updated_at"": ""2025-09-05 09:00:00""}"
negotiation_messages,1,"{""id"": ""1"", ""negotiation_id"": ""1"", ""sender_type"": ""CUSTOMER"", ""sender_id"": ""6"", ""message"": ""We would like a 22.0% discount for this deployment."", ""requested_discount_percent"": ""22.0"", ""proposed_discount_percent"": null, ""timestamp"": ""2026-01-18 09:00:00"", ""created_at"": ""2026-01-18 09:00:00"", ""updated_at"": ""2026-01-18 09:00:00""}"
negotiation_messages,2,"{""id"": ""2"", ""negotiation_id"": ""1"", ""sender_type"": ""SYSTEM"", ""sender_id"": null, ""message"": ""Requested discount exceeds standard allowed discount threshold for this tier."", ""requested_discount_percent"": ""22.0"", ""proposed_discount_percent"": null, ""timestamp"": ""2026-01-18 09:05:00"", ""created_at"": ""2026-01-18 09:05:00"", ""updated_at"": ""2026-01-18 09:05:00""}"
negotiation_messages,3,"{""id"": ""3"", ""negotiation_id"": ""1"", ""sender_type"": ""SALES_REP"", ""sender_id"": ""1"", ""message"": ""Instead of increasing the unit discount to 22%, we can include Premium Support 2yr at 15% off."", ""requested_discount_percent"": ""22.0"", ""proposed_discount_percent"": ""14.0"", ""timestamp"": ""2026-01-18 11:00:00"", ""created_at"": ""2026-01-18 11:00:00"", ""updated_at"": ""2026-01-18 11:00:00""}"
negotiation_messages,4,"{""id"": ""4"", ""negotiation_id"": ""2"", ""sender_type"": ""CUSTOMER"", ""sender_id"": ""7"", ""message"": ""We would like a 22.0% discount for this deployment."", ""requested_discount_percent"": ""22.0"", ""proposed_discount_percent"": null, ""timestamp"": ""2025-07-28 09:00:00"", ""created_at"": ""2025-07-28 09:00:00"", ""updated_at"": ""2025-07-28 09:00:00""}"
negotiation_messages,5,"{""id"": ""5"", ""negotiation_id"": ""2"", ""sender_type"": ""SYSTEM"", ""sender_id"": null, ""message"": ""Requested discount exceeds standard allowed discount threshold for this tier."", ""requested_discount_percent"": ""22.0"", ""proposed_discount_percent"": null, ""timestamp"": ""2025-07-28 09:05:00"", ""created_at"": ""2025-07-28 09:05:00"", ""updated_at"": ""2025-07-28 09:05:00""}"
negotiation_messages,6,"{""id"": ""6"", ""negotiation_id"": ""2"", ""sender_type"": ""SALES_REP"", ""sender_id"": ""1"", ""message"": ""Instead of increasing the unit discount to 22%, we can include Premium Support 2yr at 15% off."", ""requested_discount_percent"": ""22.0"", ""proposed_discount_percent"": ""14.0"", ""timestamp"": ""2025-07-28 11:00:00"", ""created_at"": ""2025-07-28 11:00:00"", ""updated_at"": ""2025-07-28 11:00:00""}"
negotiation_messages,7,"{""id"": ""7"", ""negotiation_id"": ""3"", ""sender_type"": ""CUSTOMER"", ""sender_id"": ""7"", ""message"": ""We would like a 22.0% discount for this deployment."", ""requested_discount_percent"": ""22.0"", ""proposed_discount_percent"": null, ""timestamp"": ""2025-07-31 09:00:00"", ""created_at"": ""2025-07-31 09:00:00"", ""updated_at"": ""2025-07-31 09:00:00""}"
negotiation_messages,8,"{""id"": ""8"", ""negotiation_id"": ""3"", ""sender_type"": ""SYSTEM"", ""sender_id"": null, ""message"": ""Requested discount exceeds standard allowed discount threshold for this tier."", ""requested_discount_percent"": ""22.0"", ""proposed_discount_percent"": null, ""timestamp"": ""2025-07-31 09:05:00"", ""created_at"": ""2025-07-31 09:05:00"", ""updated_at"": ""2025-07-31 09:05:00""}"
negotiation_messages,9,"{""id"": ""9"", ""negotiation_id"": ""3"", ""sender_type"": ""SALES_REP"", ""sender_id"": ""1"", ""message"": ""Instead of increasing the unit discount to 22%, we can include Premium Support 2yr at 15% off."", ""requested_discount_percent"": ""22.0"", ""proposed_discount_percent"": ""14.0"", ""timestamp"": ""2025-07-31 11:00:00"", ""created_at"": ""2025-07-31 11:00:00"", ""updated_at"": ""2025-07-31 11:00:00""}"
negotiation_messages,10,"{""id"": ""10"", ""negotiation_id"": ""4"", ""sender_type"": ""CUSTOMER"", ""sender_id"": ""7"", ""message"": ""We would like a 10.0% discount for this deployment."", ""requested_discount_percent"": ""10.0"", ""proposed_discount_percent"": null, ""timestamp"": ""2025-08-03 09:00:00"", ""created_at"": ""2025-08-03 09:00:00"", ""updated_at"": ""2025-08-03 09:00:00""}"
negotiation_messages,11,"{""id"": ""11"", ""negotiation_id"": ""4"", ""sender_type"": ""SYSTEM"", ""sender_id"": null, ""message"": ""Requested discount exceeds standard allowed discount threshold for this tier."", ""requested_discount_percent"": ""10.0"", ""proposed_discount_percent"": null, ""timestamp"": ""2025-08-03 09:05:00"", ""created_at"": ""2025-08-03 09:05:00"", ""updated_at"": ""2025-08-03 09:05:00""}"
negotiation_messages,12,"{""id"": ""12"", ""negotiation_id"": ""4"", ""sender_type"": ""SALES_REP"", ""sender_id"": ""1"", ""message"": ""Instead of increasing the unit discount to 22%, we can include Premium Support 2yr at 15% off."", ""requested_discount_percent"": ""10.0"", ""proposed_discount_percent"": ""14.0"", ""timestamp"": ""2025-08-03 11:00:00"", ""created_at"": ""2025-08-03 11:00:00"", ""updated_at"": ""2025-08-03 11:00:00""}"
negotiation_messages,13,"{""id"": ""13"", ""negotiation_id"": ""5"", ""sender_type"": ""CUSTOMER"", ""sender_id"": ""7"", ""message"": ""We would like a 16.42% discount for this deployment."", ""requested_discount_percent"": ""16.42"", ""proposed_discount_percent"": null, ""timestamp"": ""2025-08-06 09:00:00"", ""created_at"": ""2025-08-06 09:00:00"", ""updated_at"": ""2025-08-06 09:00:00""}"
negotiation_messages,14,"{""id"": ""14"", ""negotiation_id"": ""5"", ""sender_type"": ""SYSTEM"", ""sender_id"": null, ""message"": ""Requested discount exceeds standard allowed discount threshold for this tier."", ""requested_discount_percent"": ""16.42"", ""proposed_discount_percent"": null, ""timestamp"": ""2025-08-06 09:05:00"", ""created_at"": ""2025-08-06 09:05:00"", ""updated_at"": ""2025-08-06 09:05:00""}"
negotiation_messages,15,"{""id"": ""15"", ""negotiation_id"": ""5"", ""sender_type"": ""SALES_REP"", ""sender_id"": ""1"", ""message"": ""Instead of increasing the unit discount to 22%, we can include Premium Support 2yr at 15% off."", ""requested_discount_percent"": ""16.42"", ""proposed_discount_percent"": ""14.0"", ""timestamp"": ""2025-08-06 11:00:00"", ""created_at"": ""2025-08-06 11:00:00"", ""updated_at"": ""2025-08-06 11:00:00""}"
negotiation_messages,16,"{""id"": ""16"", ""negotiation_id"": ""6"", ""sender_type"": ""CUSTOMER"", ""sender_id"": ""7"", ""message"": ""We would like a 10.0% discount for this deployment."", ""requested_discount_percent"": ""10.0"", ""proposed_discount_percent"": null, ""timestamp"": ""2025-08-09 09:00:00"", ""created_at"": ""2025-08-09 09:00:00"", ""updated_at"": ""2025-08-09 09:00:00""}"
negotiation_messages,17,"{""id"": ""17"", ""negotiation_id"": ""7"", ""sender_type"": ""CUSTOMER"", ""sender_id"": ""7"", ""message"": ""We would like a 10.0% discount for this deployment."", ""requested_discount_percent"": ""10.0"", ""proposed_discount_percent"": null, ""timestamp"": ""2025-08-12 09:00:00"", ""created_at"": ""2025-08-12 09:00:00"", ""updated_at"": ""2025-08-12 09:00:00""}"
negotiation_messages,18,"{""id"": ""18"", ""negotiation_id"": ""8"", ""sender_type"": ""CUSTOMER"", ""sender_id"": ""7"", ""message"": ""We would like a 20.11% discount for this deployment."", ""requested_discount_percent"": ""20.11"", ""proposed_discount_percent"": null, ""timestamp"": ""2025-08-15 09:00:00"", ""created_at"": ""2025-08-15 09:00:00"", ""updated_at"": ""2025-08-15 09:00:00""}"
negotiation_messages,19,"{""id"": ""19"", ""negotiation_id"": ""9"", ""sender_type"": ""CUSTOMER"", ""sender_id"": ""7"", ""message"": ""We would like a 10.0% discount for this deployment."", ""requested_discount_percent"": ""10.0"", ""proposed_discount_percent"": null, ""timestamp"": ""2025-08-18 09:00:00"", ""created_at"": ""2025-08-18 09:00:00"", ""updated_at"": ""2025-08-18 09:00:00""}"
negotiation_messages,20,"{""id"": ""20"", ""negotiation_id"": ""10"", ""sender_type"": ""CUSTOMER"", ""sender_id"": ""7"", ""message"": ""We would like a 10.0% discount for this deployment."", ""requested_discount_percent"": ""10.0"", ""proposed_discount_percent"": null, ""timestamp"": ""2025-08-21 09:00:00"", ""created_at"": ""2025-08-21 09:00:00"", ""updated_at"": ""2025-08-21 09:00:00""}"
negotiation_messages,21,"{""id"": ""21"", ""negotiation_id"": ""11"", ""sender_type"": ""CUSTOMER"", ""sender_id"": ""7"", ""message"": ""We would like a 10.0% discount for this deployment."", ""requested_discount_percent"": ""10.0"", ""proposed_discount_percent"": null, ""timestamp"": ""2025-08-24 09:00:00"", ""created_at"": ""2025-08-24 09:00:00"", ""updated_at"": ""2025-08-24 09:00:00""}"
negotiation_messages,22,"{""id"": ""22"", ""negotiation_id"": ""12"", ""sender_type"": ""CUSTOMER"", ""sender_id"": ""7"", ""message"": ""We would like a 17.42% discount for this deployment."", ""requested_discount_percent"": ""17.42"", ""proposed_discount_percent"": null, ""timestamp"": ""2025-08-27 09:00:00"", ""created_at"": ""2025-08-27 09:00:00"", ""updated_at"": ""2025-08-27 09:00:00""}"
negotiation_messages,23,"{""id"": ""23"", ""negotiation_id"": ""13"", ""sender_type"": ""CUSTOMER"", ""sender_id"": ""7"", ""message"": ""We would like a 10.0% discount for this deployment."", ""requested_discount_percent"": ""10.0"", ""proposed_discount_percent"": null, ""timestamp"": ""2025-08-30 09:00:00"", ""created_at"": ""2025-08-30 09:00:00"", ""updated_at"": ""2025-08-30 09:00:00""}"
negotiation_messages,24,"{""id"": ""24"", ""negotiation_id"": ""14"", ""sender_type"": ""CUSTOMER"", ""sender_id"": ""7"", ""message"": ""We would like a 10.0% discount for this deployment."", ""requested_discount_percent"": ""10.0"", ""proposed_discount_percent"": null, ""timestamp"": ""2025-09-02 09:00:00"", ""created_at"": ""2025-09-02 09:00:00"", ""updated_at"": ""2025-09-02 09:00:00""}"
negotiation_messages,25,"{""id"": ""25"", ""negotiation_id"": ""15"", ""sender_type"": ""CUSTOMER"", ""sender_id"": ""7"", ""message"": ""We would like a 10.0% discount for this deployment."", ""requested_discount_percent"": ""10.0"", ""proposed_discount_percent"": null, ""timestamp"": ""2025-09-05 09:00:00"", ""created_at"": ""2025-09-05 09:00:00"", ""updated_at"": ""2025-09-05 09:00:00""}"
deal_health_snapshots,1,"{""id"": ""1"", ""quotation_id"": ""1"", ""snapshot_date"": ""2026-01-14 09:00:00"", ""health_score"": ""82.0"", ""margin_score"": ""85.0"", ""discount_risk_score"": ""90.0"", ""customer_engagement_score"": ""80.0"", ""fulfillment_score"": ""85.0"", ""payment_score"": ""90.0"", ""anomaly_score"": ""10.0"", ""revenue_score"": ""88.0"", ""risk_level"": ""LOW"", ""top_risk"": ""No significant risk identified"", ""recommended_action"": ""Proceed with client review"", ""created_at"": ""2026-01-14 09:00:00"", ""updated_at"": ""2026-01-14 09:00:00""}"
deal_health_snapshots,2,"{""id"": ""2"", ""quotation_id"": ""1"", ""snapshot_date"": ""2026-01-16 09:00:00"", ""health_score"": ""64.0"", ""margin_score"": ""68.0"", ""discount_risk_score"": ""50.0"", ""customer_engagement_score"": ""75.0"", ""fulfillment_score"": ""80.0"", ""payment_score"": ""85.0"", ""anomaly_score"": ""45.0"", ""revenue_score"": ""75.0"", ""risk_level"": ""MEDIUM"", ""top_risk"": ""Services discount exceeds 10% ceiling"", ""recommended_action"": ""Submit discount approval request"", ""created_at"": ""2026-01-16 09:00:00"", ""updated_at"": ""2026-01-16 09:00:00""}"
deal_health_snapshots,3,"{""id"": ""3"", ""quotation_id"": ""1"", ""snapshot_date"": ""2026-01-18 09:00:00"", ""health_score"": ""78.0"", ""margin_score"": ""79.0"", ""discount_risk_score"": ""70.0"", ""customer_engagement_score"": ""85.0"", ""fulfillment_score"": ""85.0"", ""payment_score"": ""88.0"", ""anomaly_score"": ""25.0"", ""revenue_score"": ""84.0"", ""risk_level"": ""LOW"", ""top_risk"": ""Cross-sell bundle improves margin profile"", ""recommended_action"": ""Present bundle options to buyer"", ""created_at"": ""2026-01-18 09:00:00"", ""updated_at"": ""2026-01-18 09:00:00""}"
deal_health_snapshots,4,"{""id"": ""4"", ""quotation_id"": ""1"", ""snapshot_date"": ""2026-01-20 09:00:00"", ""health_score"": ""85.0"", ""margin_score"": ""84.0"", ""discount_risk_score"": ""85.0"", ""customer_engagement_score"": ""90.0"", ""fulfillment_score"": ""85.0"", ""payment_score"": ""92.0"", ""anomaly_score"": ""15.0"", ""revenue_score"": ""89.0"", ""risk_level"": ""LOW"", ""top_risk"": ""Deal approved by sales manager"", ""recommended_action"": ""Finalize quote and issue to customer"", ""created_at"": ""2026-01-20 09:00:00"", ""updated_at"": ""2026-01-20 09:00:00""}"
deal_health_snapshots,5,"{""id"": ""5"", ""quotation_id"": ""2"", ""snapshot_date"": ""2025-07-27 09:00:00"", ""health_score"": ""60.0"", ""margin_score"": ""62.0"", ""discount_risk_score"": ""57.0"", ""customer_engagement_score"": ""80.0"", ""fulfillment_score"": ""85.0"", ""payment_score"": ""90.0"", ""anomaly_score"": ""40.0"", ""revenue_score"": ""60.0"", ""risk_level"": ""HIGH"", ""top_risk"": ""Discount variance"", ""recommended_action"": ""Review approval state"", ""created_at"": ""2025-07-27 09:00:00"", ""updated_at"": ""2025-07-27 09:00:00""}"
deal_health_snapshots,6,"{""id"": ""6"", ""quotation_id"": ""3"", ""snapshot_date"": ""2025-07-30 09:00:00"", ""health_score"": ""88.0"", ""margin_score"": ""90.0"", ""discount_risk_score"": ""85.0"", ""customer_engagement_score"": ""80.0"", ""fulfillment_score"": ""85.0"", ""payment_score"": ""90.0"", ""anomaly_score"": ""12.0"", ""revenue_score"": ""88.0"", ""risk_level"": ""LOW"", ""top_risk"": ""Healthy deal profile"", ""recommended_action"": ""Continue standard process"", ""created_at"": ""2025-07-30 09:00:00"", ""updated_at"": ""2025-07-30 09:00:00""}"
deal_health_snapshots,7,"{""id"": ""7"", ""quotation_id"": ""4"", ""snapshot_date"": ""2025-08-02 09:00:00"", ""health_score"": ""76.0"", ""margin_score"": ""78.0"", ""discount_risk_score"": ""73.0"", ""customer_engagement_score"": ""80.0"", ""fulfillment_score"": ""85.0"", ""payment_score"": ""90.0"", ""anomaly_score"": ""24.0"", ""revenue_score"": ""76.0"", ""risk_level"": ""LOW"", ""top_risk"": ""Healthy deal profile"", ""recommended_action"": ""Continue standard process"", ""created_at"": ""2025-08-02 09:00:00"", ""updated_at"": ""2025-08-02 09:00:00""}"
deal_health_snapshots,8,"{""id"": ""8"", ""quotation_id"": ""5"", ""snapshot_date"": ""2025-08-05 09:00:00"", ""health_score"": ""60.0"", ""margin_score"": ""62.0"", ""discount_risk_score"": ""57.0"", ""customer_engagement_score"": ""80.0"", ""fulfillment_score"": ""85.0"", ""payment_score"": ""90.0"", ""anomaly_score"": ""40.0"", ""revenue_score"": ""60.0"", ""risk_level"": ""HIGH"", ""top_risk"": ""Discount variance"", ""recommended_action"": ""Review approval state"", ""created_at"": ""2025-08-05 09:00:00"", ""updated_at"": ""2025-08-05 09:00:00""}"
deal_health_snapshots,9,"{""id"": ""9"", ""quotation_id"": ""6"", ""snapshot_date"": ""2025-08-08 09:00:00"", ""health_score"": ""86.0"", ""margin_score"": ""88.0"", ""discount_risk_score"": ""83.0"", ""customer_engagement_score"": ""80.0"", ""fulfillment_score"": ""85.0"", ""payment_score"": ""90.0"", ""anomaly_score"": ""14.0"", ""revenue_score"": ""86.0"", ""risk_level"": ""LOW"", ""top_risk"": ""Healthy deal profile"", ""recommended_action"": ""Continue standard process"", ""created_at"": ""2025-08-08 09:00:00"", ""updated_at"": ""2025-08-08 09:00:00""}"
deal_health_snapshots,10,"{""id"": ""10"", ""quotation_id"": ""7"", ""snapshot_date"": ""2025-08-11 09:00:00"", ""health_score"": ""70.0"", ""margin_score"": ""72.0"", ""discount_risk_score"": ""67.0"", ""customer_engagement_score"": ""80.0"", ""fulfillment_score"": ""85.0"", ""payment_score"": ""90.0"", ""anomaly_score"": ""30.0"", ""revenue_score"": ""70.0"", ""risk_level"": ""MEDIUM"", ""top_risk"": ""Discount variance"", ""recommended_action"": ""Review approval state"", ""created_at"": ""2025-08-11 09:00:00"", ""updated_at"": ""2025-08-11 09:00:00""}"
deal_health_snapshots,11,"{""id"": ""11"", ""quotation_id"": ""8"", ""snapshot_date"": ""2025-08-14 09:00:00"", ""health_score"": ""60.0"", ""margin_score"": ""62.0"", ""discount_risk_score"": ""57.0"", ""customer_engagement_score"": ""80.0"", ""fulfillment_score"": ""85.0"", ""payment_score"": ""90.0"", ""anomaly_score"": ""40.0"", ""revenue_score"": ""60.0"", ""risk_level"": ""HIGH"", ""top_risk"": ""Discount variance"", ""recommended_action"": ""Review approval state"", ""created_at"": ""2025-08-14 09:00:00"", ""updated_at"": ""2025-08-14 09:00:00""}"
deal_health_snapshots,12,"{""id"": ""12"", ""quotation_id"": ""9"", ""snapshot_date"": ""2025-08-17 09:00:00"", ""health_score"": ""73.0"", ""margin_score"": ""75.0"", ""discount_risk_score"": ""70.0"", ""customer_engagement_score"": ""80.0"", ""fulfillment_score"": ""85.0"", ""payment_score"": ""90.0"", ""anomaly_score"": ""27.0"", ""revenue_score"": ""73.0"", ""risk_level"": ""MEDIUM"", ""top_risk"": ""Discount variance"", ""recommended_action"": ""Review approval state"", ""created_at"": ""2025-08-17 09:00:00"", ""updated_at"": ""2025-08-17 09:00:00""}"
deal_health_snapshots,13,"{""id"": ""13"", ""quotation_id"": ""10"", ""snapshot_date"": ""2025-08-20 09:00:00"", ""health_score"": ""80.0"", ""margin_score"": ""82.0"", ""discount_risk_score"": ""77.0"", ""customer_engagement_score"": ""80.0"", ""fulfillment_score"": ""85.0"", ""payment_score"": ""90.0"", ""anomaly_score"": ""20.0"", ""revenue_score"": ""80.0"", ""risk_level"": ""LOW"", ""top_risk"": ""Healthy deal profile"", ""recommended_action"": ""Continue standard process"", ""created_at"": ""2025-08-20 09:00:00"", ""updated_at"": ""2025-08-20 09:00:00""}"
deal_health_snapshots,14,"{""id"": ""14"", ""quotation_id"": ""11"", ""snapshot_date"": ""2025-08-23 09:00:00"", ""health_score"": ""81.0"", ""margin_score"": ""83.0"", ""discount_risk_score"": ""78.0"", ""customer_engagement_score"": ""80.0"", ""fulfillment_score"": ""85.0"", ""payment_score"": ""90.0"", ""anomaly_score"": ""19.0"", ""revenue_score"": ""81.0"", ""risk_level"": ""LOW"", ""top_risk"": ""Healthy deal profile"", ""recommended_action"": ""Continue standard process"", ""created_at"": ""2025-08-23 09:00:00"", ""updated_at"": ""2025-08-23 09:00:00""}"
deal_health_snapshots,15,"{""id"": ""15"", ""quotation_id"": ""12"", ""snapshot_date"": ""2025-08-26 09:00:00"", ""health_score"": ""60.0"", ""margin_score"": ""62.0"", ""discount_risk_score"": ""57.0"", ""customer_engagement_score"": ""80.0"", ""fulfillment_score"": ""85.0"", ""payment_score"": ""90.0"", ""anomaly_score"": ""40.0"", ""revenue_score"": ""60.0"", ""risk_level"": ""HIGH"", ""top_risk"": ""Discount variance"", ""recommended_action"": ""Review approval state"", ""created_at"": ""2025-08-26 09:00:00"", ""updated_at"": ""2025-08-26 09:00:00""}"
deal_health_snapshots,16,"{""id"": ""16"", ""quotation_id"": ""13"", ""snapshot_date"": ""2025-08-29 09:00:00"", ""health_score"": ""85.0"", ""margin_score"": ""87.0"", ""discount_risk_score"": ""82.0"", ""customer_engagement_score"": ""80.0"", ""fulfillment_score"": ""85.0"", ""payment_score"": ""90.0"", ""anomaly_score"": ""15.0"", ""revenue_score"": ""85.0"", ""risk_level"": ""LOW"", ""top_risk"": ""Healthy deal profile"", ""recommended_action"": ""Continue standard process"", ""created_at"": ""2025-08-29 09:00:00"", ""updated_at"": ""2025-08-29 09:00:00""}"
deal_health_snapshots,17,"{""id"": ""17"", ""quotation_id"": ""14"", ""snapshot_date"": ""2025-09-01 09:00:00"", ""health_score"": ""72.0"", ""margin_score"": ""74.0"", ""discount_risk_score"": ""69.0"", ""customer_engagement_score"": ""80.0"", ""fulfillment_score"": ""85.0"", ""payment_score"": ""90.0"", ""anomaly_score"": ""28.0"", ""revenue_score"": ""72.0"", ""risk_level"": ""MEDIUM"", ""top_risk"": ""Discount variance"", ""recommended_action"": ""Review approval state"", ""created_at"": ""2025-09-01 09:00:00"", ""updated_at"": ""2025-09-01 09:00:00""}"
deal_health_snapshots,18,"{""id"": ""18"", ""quotation_id"": ""15"", ""snapshot_date"": ""2025-09-04 09:00:00"", ""health_score"": ""95.0"", ""margin_score"": ""97.0"", ""discount_risk_score"": ""92.0"", ""customer_engagement_score"": ""80.0"", ""fulfillment_score"": ""85.0"", ""payment_score"": ""90.0"", ""anomaly_score"": ""5.0"", ""revenue_score"": ""95.0"", ""risk_level"": ""LOW"", ""top_risk"": ""Healthy deal profile"", ""recommended_action"": ""Continue standard process"", ""created_at"": ""2025-09-04 09:00:00"", ""updated_at"": ""2025-09-04 09:00:00""}"
deal_health_snapshots,19,"{""id"": ""19"", ""quotation_id"": ""16"", ""snapshot_date"": ""2025-09-07 09:00:00"", ""health_score"": ""76.0"", ""margin_score"": ""78.0"", ""discount_risk_score"": ""73.0"", ""customer_engagement_score"": ""80.0"", ""fulfillment_score"": ""85.0"", ""payment_score"": ""90.0"", ""anomaly_score"": ""24.0"", ""revenue_score"": ""76.0"", ""risk_level"": ""LOW"", ""top_risk"": ""Healthy deal profile"", ""recommended_action"": ""Continue standard process"", ""created_at"": ""2025-09-07 09:00:00"", ""updated_at"": ""2025-09-07 09:00:00""}"
deal_health_snapshots,20,"{""id"": ""20"", ""quotation_id"": ""17"", ""snapshot_date"": ""2025-09-10 09:00:00"", ""health_score"": ""81.0"", ""margin_score"": ""83.0"", ""discount_risk_score"": ""78.0"", ""customer_engagement_score"": ""80.0"", ""fulfillment_score"": ""85.0"", ""payment_score"": ""90.0"", ""anomaly_score"": ""19.0"", ""revenue_score"": ""81.0"", ""risk_level"": ""LOW"", ""top_risk"": ""Healthy deal profile"", ""recommended_action"": ""Continue standard process"", ""created_at"": ""2025-09-10 09:00:00"", ""updated_at"": ""2025-09-10 09:00:00""}"
deal_health_snapshots,21,"{""id"": ""21"", ""quotation_id"": ""18"", ""snapshot_date"": ""2025-09-13 09:00:00"", ""health_score"": ""83.0"", ""margin_score"": ""85.0"", ""discount_risk_score"": ""80.0"", ""customer_engagement_score"": ""80.0"", ""fulfillment_score"": ""85.0"", ""payment_score"": ""90.0"", ""anomaly_score"": ""17.0"", ""revenue_score"": ""83.0"", ""risk_level"": ""LOW"", ""top_risk"": ""Healthy deal profile"", ""recommended_action"": ""Continue standard process"", ""created_at"": ""2025-09-13 09:00:00"", ""updated_at"": ""2025-09-13 09:00:00""}"
deal_health_snapshots,22,"{""id"": ""22"", ""quotation_id"": ""19"", ""snapshot_date"": ""2025-09-16 09:00:00"", ""health_score"": ""90.0"", ""margin_score"": ""92.0"", ""discount_risk_score"": ""87.0"", ""customer_engagement_score"": ""80.0"", ""fulfillment_score"": ""85.0"", ""payment_score"": ""90.0"", ""anomaly_score"": ""10.0"", ""revenue_score"": ""90.0"", ""risk_level"": ""LOW"", ""top_risk"": ""Healthy deal profile"", ""recommended_action"": ""Continue standard process"", ""created_at"": ""2025-09-16 09:00:00"", ""updated_at"": ""2025-09-16 09:00:00""}"
deal_health_snapshots,23,"{""id"": ""23"", ""quotation_id"": ""20"", ""snapshot_date"": ""2025-09-19 09:00:00"", ""health_score"": ""78.0"", ""margin_score"": ""80.0"", ""discount_risk_score"": ""75.0"", ""customer_engagement_score"": ""80.0"", ""fulfillment_score"": ""85.0"", ""payment_score"": ""90.0"", ""anomaly_score"": ""22.0"", ""revenue_score"": ""78.0"", ""risk_level"": ""LOW"", ""top_risk"": ""Healthy deal profile"", ""recommended_action"": ""Continue standard process"", ""created_at"": ""2025-09-19 09:00:00"", ""updated_at"": ""2025-09-19 09:00:00""}"
deal_health_snapshots,24,"{""id"": ""24"", ""quotation_id"": ""21"", ""snapshot_date"": ""2025-09-22 09:00:00"", ""health_score"": ""86.0"", ""margin_score"": ""88.0"", ""discount_risk_score"": ""83.0"", ""customer_engagement_score"": ""80.0"", ""fulfillment_score"": ""85.0"", ""payment_score"": ""90.0"", ""anomaly_score"": ""14.0"", ""revenue_score"": ""86.0"", ""risk_level"": ""LOW"", ""top_risk"": ""Healthy deal profile"", ""recommended_action"": ""Continue standard process"", ""created_at"": ""2025-09-22 09:00:00"", ""updated_at"": ""2025-09-22 09:00:00""}"
deal_health_snapshots,25,"{""id"": ""25"", ""quotation_id"": ""22"", ""snapshot_date"": ""2025-09-25 09:00:00"", ""health_score"": ""78.0"", ""margin_score"": ""80.0"", ""discount_risk_score"": ""75.0"", ""customer_engagement_score"": ""80.0"", ""fulfillment_score"": ""85.0"", ""payment_score"": ""90.0"", ""anomaly_score"": ""22.0"", ""revenue_score"": ""78.0"", ""risk_level"": ""LOW"", ""top_risk"": ""Healthy deal profile"", ""recommended_action"": ""Continue standard process"", ""created_at"": ""2025-09-25 09:00:00"", ""updated_at"": ""2025-09-25 09:00:00""}"
deal_health_snapshots,26,"{""id"": ""26"", ""quotation_id"": ""23"", ""snapshot_date"": ""2025-09-28 09:00:00"", ""health_score"": ""77.0"", ""margin_score"": ""79.0"", ""discount_risk_score"": ""74.0"", ""customer_engagement_score"": ""80.0"", ""fulfillment_score"": ""85.0"", ""payment_score"": ""90.0"", ""anomaly_score"": ""23.0"", ""revenue_score"": ""77.0"", ""risk_level"": ""LOW"", ""top_risk"": ""Healthy deal profile"", ""recommended_action"": ""Continue standard process"", ""created_at"": ""2025-09-28 09:00:00"", ""updated_at"": ""2025-09-28 09:00:00""}"
deal_health_snapshots,27,"{""id"": ""27"", ""quotation_id"": ""24"", ""snapshot_date"": ""2025-10-01 09:00:00"", ""health_score"": ""80.0"", ""margin_score"": ""82.0"", ""discount_risk_score"": ""77.0"", ""customer_engagement_score"": ""80.0"", ""fulfillment_score"": ""85.0"", ""payment_score"": ""90.0"", ""anomaly_score"": ""20.0"", ""revenue_score"": ""80.0"", ""risk_level"": ""LOW"", ""top_risk"": ""Healthy deal profile"", ""recommended_action"": ""Continue standard process"", ""created_at"": ""2025-10-01 09:00:00"", ""updated_at"": ""2025-10-01 09:00:00""}"
deal_health_snapshots,28,"{""id"": ""28"", ""quotation_id"": ""25"", ""snapshot_date"": ""2025-10-04 09:00:00"", ""health_score"": ""76.0"", ""margin_score"": ""78.0"", ""discount_risk_score"": ""73.0"", ""customer_engagement_score"": ""80.0"", ""fulfillment_score"": ""85.0"", ""payment_score"": ""90.0"", ""anomaly_score"": ""24.0"", ""revenue_score"": ""76.0"", ""risk_level"": ""LOW"", ""top_risk"": ""Healthy deal profile"", ""recommended_action"": ""Continue standard process"", ""created_at"": ""2025-10-04 09:00:00"", ""updated_at"": ""2025-10-04 09:00:00""}"
deal_health_snapshots,29,"{""id"": ""29"", ""quotation_id"": ""26"", ""snapshot_date"": ""2025-10-07 09:00:00"", ""health_score"": ""76.0"", ""margin_score"": ""78.0"", ""discount_risk_score"": ""73.0"", ""customer_engagement_score"": ""80.0"", ""fulfillment_score"": ""85.0"", ""payment_score"": ""90.0"", ""anomaly_score"": ""24.0"", ""revenue_score"": ""76.0"", ""risk_level"": ""LOW"", ""top_risk"": ""Healthy deal profile"", ""recommended_action"": ""Continue standard process"", ""created_at"": ""2025-10-07 09:00:00"", ""updated_at"": ""2025-10-07 09:00:00""}"
deal_health_snapshots,30,"{""id"": ""30"", ""quotation_id"": ""27"", ""snapshot_date"": ""2025-10-10 09:00:00"", ""health_score"": ""72.0"", ""margin_score"": ""74.0"", ""discount_risk_score"": ""69.0"", ""customer_engagement_score"": ""80.0"", ""fulfillment_score"": ""85.0"", ""payment_score"": ""90.0"", ""anomaly_score"": ""28.0"", ""revenue_score"": ""72.0"", ""risk_level"": ""MEDIUM"", ""top_risk"": ""Discount variance"", ""recommended_action"": ""Review approval state"", ""created_at"": ""2025-10-10 09:00:00"", ""updated_at"": ""2025-10-10 09:00:00""}"
deal_health_snapshots,31,"{""id"": ""31"", ""quotation_id"": ""28"", ""snapshot_date"": ""2025-10-13 09:00:00"", ""health_score"": ""89.0"", ""margin_score"": ""91.0"", ""discount_risk_score"": ""86.0"", ""customer_engagement_score"": ""80.0"", ""fulfillment_score"": ""85.0"", ""payment_score"": ""90.0"", ""anomaly_score"": ""11.0"", ""revenue_score"": ""89.0"", ""risk_level"": ""LOW"", ""top_risk"": ""Healthy deal profile"", ""recommended_action"": ""Continue standard process"", ""created_at"": ""2025-10-13 09:00:00"", ""updated_at"": ""2025-10-13 09:00:00""}"
deal_health_snapshots,32,"{""id"": ""32"", ""quotation_id"": ""29"", ""snapshot_date"": ""2025-10-16 09:00:00"", ""health_score"": ""90.0"", ""margin_score"": ""92.0"", ""discount_risk_score"": ""87.0"", ""customer_engagement_score"": ""80.0"", ""fulfillment_score"": ""85.0"", ""payment_score"": ""90.0"", ""anomaly_score"": ""10.0"", ""revenue_score"": ""90.0"", ""risk_level"": ""LOW"", ""top_risk"": ""Healthy deal profile"", ""recommended_action"": ""Continue standard process"", ""created_at"": ""2025-10-16 09:00:00"", ""updated_at"": ""2025-10-16 09:00:00""}"
deal_health_snapshots,33,"{""id"": ""33"", ""quotation_id"": ""30"", ""snapshot_date"": ""2025-10-19 09:00:00"", ""health_score"": ""78.0"", ""margin_score"": ""80.0"", ""discount_risk_score"": ""75.0"", ""customer_engagement_score"": ""80.0"", ""fulfillment_score"": ""85.0"", ""payment_score"": ""90.0"", ""anomaly_score"": ""22.0"", ""revenue_score"": ""78.0"", ""risk_level"": ""LOW"", ""top_risk"": ""Healthy deal profile"", ""recommended_action"": ""Continue standard process"", ""created_at"": ""2025-10-19 09:00:00"", ""updated_at"": ""2025-10-19 09:00:00""}"
deal_health_snapshots,34,"{""id"": ""34"", ""quotation_id"": ""31"", ""snapshot_date"": ""2025-10-22 09:00:00"", ""health_score"": ""82.0"", ""margin_score"": ""84.0"", ""discount_risk_score"": ""79.0"", ""customer_engagement_score"": ""80.0"", ""fulfillment_score"": ""85.0"", ""payment_score"": ""90.0"", ""anomaly_score"": ""18.0"", ""revenue_score"": ""82.0"", ""risk_level"": ""LOW"", ""top_risk"": ""Healthy deal profile"", ""recommended_action"": ""Continue standard process"", ""created_at"": ""2025-10-22 09:00:00"", ""updated_at"": ""2025-10-22 09:00:00""}"
deal_health_snapshots,35,"{""id"": ""35"", ""quotation_id"": ""32"", ""snapshot_date"": ""2025-10-25 09:00:00"", ""health_score"": ""70.0"", ""margin_score"": ""72.0"", ""discount_risk_score"": ""67.0"", ""customer_engagement_score"": ""80.0"", ""fulfillment_score"": ""85.0"", ""payment_score"": ""90.0"", ""anomaly_score"": ""30.0"", ""revenue_score"": ""70.0"", ""risk_level"": ""MEDIUM"", ""top_risk"": ""Discount variance"", ""recommended_action"": ""Review approval state"", ""created_at"": ""2025-10-25 09:00:00"", ""updated_at"": ""2025-10-25 09:00:00""}"
deal_health_snapshots,36,"{""id"": ""36"", ""quotation_id"": ""33"", ""snapshot_date"": ""2025-10-28 09:00:00"", ""health_score"": ""92.0"", ""margin_score"": ""94.0"", ""discount_risk_score"": ""89.0"", ""customer_engagement_score"": ""80.0"", ""fulfillment_score"": ""85.0"", ""payment_score"": ""90.0"", ""anomaly_score"": ""8.0"", ""revenue_score"": ""92.0"", ""risk_level"": ""LOW"", ""top_risk"": ""Healthy deal profile"", ""recommended_action"": ""Continue standard process"", ""created_at"": ""2025-10-28 09:00:00"", ""updated_at"": ""2025-10-28 09:00:00""}"
deal_health_snapshots,37,"{""id"": ""37"", ""quotation_id"": ""34"", ""snapshot_date"": ""2025-10-31 09:00:00"", ""health_score"": ""82.0"", ""margin_score"": ""84.0"", ""discount_risk_score"": ""79.0"", ""customer_engagement_score"": ""80.0"", ""fulfillment_score"": ""85.0"", ""payment_score"": ""90.0"", ""anomaly_score"": ""18.0"", ""revenue_score"": ""82.0"", ""risk_level"": ""LOW"", ""top_risk"": ""Healthy deal profile"", ""recommended_action"": ""Continue standard process"", ""created_at"": ""2025-10-31 09:00:00"", ""updated_at"": ""2025-10-31 09:00:00""}"
deal_health_snapshots,38,"{""id"": ""38"", ""quotation_id"": ""35"", ""snapshot_date"": ""2025-11-03 09:00:00"", ""health_score"": ""77.0"", ""margin_score"": ""79.0"", ""discount_risk_score"": ""74.0"", ""customer_engagement_score"": ""80.0"", ""fulfillment_score"": ""85.0"", ""payment_score"": ""90.0"", ""anomaly_score"": ""23.0"", ""revenue_score"": ""77.0"", ""risk_level"": ""LOW"", ""top_risk"": ""Healthy deal profile"", ""recommended_action"": ""Continue standard process"", ""created_at"": ""2025-11-03 09:00:00"", ""updated_at"": ""2025-11-03 09:00:00""}"
deal_health_snapshots,39,"{""id"": ""39"", ""quotation_id"": ""36"", ""snapshot_date"": ""2025-11-06 09:00:00"", ""health_score"": ""74.0"", ""margin_score"": ""76.0"", ""discount_risk_score"": ""71.0"", ""customer_engagement_score"": ""80.0"", ""fulfillment_score"": ""85.0"", ""payment_score"": ""90.0"", ""anomaly_score"": ""26.0"", ""revenue_score"": ""74.0"", ""risk_level"": ""MEDIUM"", ""top_risk"": ""Discount variance"", ""recommended_action"": ""Review approval state"", ""created_at"": ""2025-11-06 09:00:00"", ""updated_at"": ""2025-11-06 09:00:00""}"
deal_health_snapshots,40,"{""id"": ""40"", ""quotation_id"": ""37"", ""snapshot_date"": ""2025-11-09 09:00:00"", ""health_score"": ""84.0"", ""margin_score"": ""86.0"", ""discount_risk_score"": ""81.0"", ""customer_engagement_score"": ""80.0"", ""fulfillment_score"": ""85.0"", ""payment_score"": ""90.0"", ""anomaly_score"": ""16.0"", ""revenue_score"": ""84.0"", ""risk_level"": ""LOW"", ""top_risk"": ""Healthy deal profile"", ""recommended_action"": ""Continue standard process"", ""created_at"": ""2025-11-09 09:00:00"", ""updated_at"": ""2025-11-09 09:00:00""}"
deal_health_snapshots,41,"{""id"": ""41"", ""quotation_id"": ""38"", ""snapshot_date"": ""2025-11-12 09:00:00"", ""health_score"": ""79.0"", ""margin_score"": ""81.0"", ""discount_risk_score"": ""76.0"", ""customer_engagement_score"": ""80.0"", ""fulfillment_score"": ""85.0"", ""payment_score"": ""90.0"", ""anomaly_score"": ""21.0"", ""revenue_score"": ""79.0"", ""risk_level"": ""LOW"", ""top_risk"": ""Healthy deal profile"", ""recommended_action"": ""Continue standard process"", ""created_at"": ""2025-11-12 09:00:00"", ""updated_at"": ""2025-11-12 09:00:00""}"
deal_health_snapshots,42,"{""id"": ""42"", ""quotation_id"": ""39"", ""snapshot_date"": ""2025-11-15 09:00:00"", ""health_score"": ""83.0"", ""margin_score"": ""85.0"", ""discount_risk_score"": ""80.0"", ""customer_engagement_score"": ""80.0"", ""fulfillment_score"": ""85.0"", ""payment_score"": ""90.0"", ""anomaly_score"": ""17.0"", ""revenue_score"": ""83.0"", ""risk_level"": ""LOW"", ""top_risk"": ""Healthy deal profile"", ""recommended_action"": ""Continue standard process"", ""created_at"": ""2025-11-15 09:00:00"", ""updated_at"": ""2025-11-15 09:00:00""}"
deal_health_snapshots,43,"{""id"": ""43"", ""quotation_id"": ""40"", ""snapshot_date"": ""2025-11-18 09:00:00"", ""health_score"": ""73.0"", ""margin_score"": ""75.0"", ""discount_risk_score"": ""70.0"", ""customer_engagement_score"": ""80.0"", ""fulfillment_score"": ""85.0"", ""payment_score"": ""90.0"", ""anomaly_score"": ""27.0"", ""revenue_score"": ""73.0"", ""risk_level"": ""MEDIUM"", ""top_risk"": ""Discount variance"", ""recommended_action"": ""Review approval state"", ""created_at"": ""2025-11-18 09:00:00"", ""updated_at"": ""2025-11-18 09:00:00""}"
deal_health_snapshots,44,"{""id"": ""44"", ""quotation_id"": ""41"", ""snapshot_date"": ""2025-11-21 09:00:00"", ""health_score"": ""94.0"", ""margin_score"": ""96.0"", ""discount_risk_score"": ""91.0"", ""customer_engagement_score"": ""80.0"", ""fulfillment_score"": ""85.0"", ""payment_score"": ""90.0"", ""anomaly_score"": ""6.0"", ""revenue_score"": ""94.0"", ""risk_level"": ""LOW"", ""top_risk"": ""Healthy deal profile"", ""recommended_action"": ""Continue standard process"", ""created_at"": ""2025-11-21 09:00:00"", ""updated_at"": ""2025-11-21 09:00:00""}"
deal_health_snapshots,45,"{""id"": ""45"", ""quotation_id"": ""42"", ""snapshot_date"": ""2025-11-24 09:00:00"", ""health_score"": ""83.0"", ""margin_score"": ""85.0"", ""discount_risk_score"": ""80.0"", ""customer_engagement_score"": ""80.0"", ""fulfillment_score"": ""85.0"", ""payment_score"": ""90.0"", ""anomaly_score"": ""17.0"", ""revenue_score"": ""83.0"", ""risk_level"": ""LOW"", ""top_risk"": ""Healthy deal profile"", ""recommended_action"": ""Continue standard process"", ""created_at"": ""2025-11-24 09:00:00"", ""updated_at"": ""2025-11-24 09:00:00""}"
deal_health_snapshots,46,"{""id"": ""46"", ""quotation_id"": ""43"", ""snapshot_date"": ""2025-11-27 09:00:00"", ""health_score"": ""94.0"", ""margin_score"": ""96.0"", ""discount_risk_score"": ""91.0"", ""customer_engagement_score"": ""80.0"", ""fulfillment_score"": ""85.0"", ""payment_score"": ""90.0"", ""anomaly_score"": ""6.0"", ""revenue_score"": ""94.0"", ""risk_level"": ""LOW"", ""top_risk"": ""Healthy deal profile"", ""recommended_action"": ""Continue standard process"", ""created_at"": ""2025-11-27 09:00:00"", ""updated_at"": ""2025-11-27 09:00:00""}"
deal_health_snapshots,47,"{""id"": ""47"", ""quotation_id"": ""44"", ""snapshot_date"": ""2025-11-30 09:00:00"", ""health_score"": ""83.0"", ""margin_score"": ""85.0"", ""discount_risk_score"": ""80.0"", ""customer_engagement_score"": ""80.0"", ""fulfillment_score"": ""85.0"", ""payment_score"": ""90.0"", ""anomaly_score"": ""17.0"", ""revenue_score"": ""83.0"", ""risk_level"": ""LOW"", ""top_risk"": ""Healthy deal profile"", ""recommended_action"": ""Continue standard process"", ""created_at"": ""2025-11-30 09:00:00"", ""updated_at"": ""2025-11-30 09:00:00""}"
deal_health_snapshots,48,"{""id"": ""48"", ""quotation_id"": ""45"", ""snapshot_date"": ""2025-12-03 09:00:00"", ""health_score"": ""87.0"", ""margin_score"": ""89.0"", ""discount_risk_score"": ""84.0"", ""customer_engagement_score"": ""80.0"", ""fulfillment_score"": ""85.0"", ""payment_score"": ""90.0"", ""anomaly_score"": ""13.0"", ""revenue_score"": ""87.0"", ""risk_level"": ""LOW"", ""top_risk"": ""Healthy deal profile"", ""recommended_action"": ""Continue standard process"", ""created_at"": ""2025-12-03 09:00:00"", ""updated_at"": ""2025-12-03 09:00:00""}"
deal_health_snapshots,49,"{""id"": ""49"", ""quotation_id"": ""46"", ""snapshot_date"": ""2025-12-06 09:00:00"", ""health_score"": ""79.0"", ""margin_score"": ""81.0"", ""discount_risk_score"": ""76.0"", ""customer_engagement_score"": ""80.0"", ""fulfillment_score"": ""85.0"", ""payment_score"": ""90.0"", ""anomaly_score"": ""21.0"", ""revenue_score"": ""79.0"", ""risk_level"": ""LOW"", ""top_risk"": ""Healthy deal profile"", ""recommended_action"": ""Continue standard process"", ""created_at"": ""2025-12-06 09:00:00"", ""updated_at"": ""2025-12-06 09:00:00""}"
deal_health_snapshots,50,"{""id"": ""50"", ""quotation_id"": ""47"", ""snapshot_date"": ""2025-12-09 09:00:00"", ""health_score"": ""80.0"", ""margin_score"": ""82.0"", ""discount_risk_score"": ""77.0"", ""customer_engagement_score"": ""80.0"", ""fulfillment_score"": ""85.0"", ""payment_score"": ""90.0"", ""anomaly_score"": ""20.0"", ""revenue_score"": ""80.0"", ""risk_level"": ""LOW"", ""top_risk"": ""Healthy deal profile"", ""recommended_action"": ""Continue standard process"", ""created_at"": ""2025-12-09 09:00:00"", ""updated_at"": ""2025-12-09 09:00:00""}"
deal_health_snapshots,51,"{""id"": ""51"", ""quotation_id"": ""48"", ""snapshot_date"": ""2025-12-12 09:00:00"", ""health_score"": ""75.0"", ""margin_score"": ""77.0"", ""discount_risk_score"": ""72.0"", ""customer_engagement_score"": ""80.0"", ""fulfillment_score"": ""85.0"", ""payment_score"": ""90.0"", ""anomaly_score"": ""25.0"", ""revenue_score"": ""75.0"", ""risk_level"": ""LOW"", ""top_risk"": ""Healthy deal profile"", ""recommended_action"": ""Continue standard process"", ""created_at"": ""2025-12-12 09:00:00"", ""updated_at"": ""2025-12-12 09:00:00""}"
deal_health_snapshots,52,"{""id"": ""52"", ""quotation_id"": ""49"", ""snapshot_date"": ""2025-12-15 09:00:00"", ""health_score"": ""95.0"", ""margin_score"": ""97.0"", ""discount_risk_score"": ""92.0"", ""customer_engagement_score"": ""80.0"", ""fulfillment_score"": ""85.0"", ""payment_score"": ""90.0"", ""anomaly_score"": ""5.0"", ""revenue_score"": ""95.0"", ""risk_level"": ""LOW"", ""top_risk"": ""Healthy deal profile"", ""recommended_action"": ""Continue standard process"", ""created_at"": ""2025-12-15 09:00:00"", ""updated_at"": ""2025-12-15 09:00:00""}"
deal_health_snapshots,53,"{""id"": ""53"", ""quotation_id"": ""50"", ""snapshot_date"": ""2025-12-18 09:00:00"", ""health_score"": ""86.0"", ""margin_score"": ""88.0"", ""discount_risk_score"": ""83.0"", ""customer_engagement_score"": ""80.0"", ""fulfillment_score"": ""85.0"", ""payment_score"": ""90.0"", ""anomaly_score"": ""14.0"", ""revenue_score"": ""86.0"", ""risk_level"": ""LOW"", ""top_risk"": ""Healthy deal profile"", ""recommended_action"": ""Continue standard process"", ""created_at"": ""2025-12-18 09:00:00"", ""updated_at"": ""2025-12-18 09:00:00""}"
deal_health_snapshots,54,"{""id"": ""54"", ""quotation_id"": ""51"", ""snapshot_date"": ""2025-12-21 09:00:00"", ""health_score"": ""77.0"", ""margin_score"": ""79.0"", ""discount_risk_score"": ""74.0"", ""customer_engagement_score"": ""80.0"", ""fulfillment_score"": ""85.0"", ""payment_score"": ""90.0"", ""anomaly_score"": ""23.0"", ""revenue_score"": ""77.0"", ""risk_level"": ""LOW"", ""top_risk"": ""Healthy deal profile"", ""recommended_action"": ""Continue standard process"", ""created_at"": ""2025-12-21 09:00:00"", ""updated_at"": ""2025-12-21 09:00:00""}"
deal_health_snapshots,55,"{""id"": ""55"", ""quotation_id"": ""52"", ""snapshot_date"": ""2025-12-24 09:00:00"", ""health_score"": ""79.0"", ""margin_score"": ""81.0"", ""discount_risk_score"": ""76.0"", ""customer_engagement_score"": ""80.0"", ""fulfillment_score"": ""85.0"", ""payment_score"": ""90.0"", ""anomaly_score"": ""21.0"", ""revenue_score"": ""79.0"", ""risk_level"": ""LOW"", ""top_risk"": ""Healthy deal profile"", ""recommended_action"": ""Continue standard process"", ""created_at"": ""2025-12-24 09:00:00"", ""updated_at"": ""2025-12-24 09:00:00""}"
deal_health_snapshots,56,"{""id"": ""56"", ""quotation_id"": ""53"", ""snapshot_date"": ""2025-12-27 09:00:00"", ""health_score"": ""85.0"", ""margin_score"": ""87.0"", ""discount_risk_score"": ""82.0"", ""customer_engagement_score"": ""80.0"", ""fulfillment_score"": ""85.0"", ""payment_score"": ""90.0"", ""anomaly_score"": ""15.0"", ""revenue_score"": ""85.0"", ""risk_level"": ""LOW"", ""top_risk"": ""Healthy deal profile"", ""recommended_action"": ""Continue standard process"", ""created_at"": ""2025-12-27 09:00:00"", ""updated_at"": ""2025-12-27 09:00:00""}"
deal_health_snapshots,57,"{""id"": ""57"", ""quotation_id"": ""54"", ""snapshot_date"": ""2025-12-30 09:00:00"", ""health_score"": ""92.0"", ""margin_score"": ""94.0"", ""discount_risk_score"": ""89.0"", ""customer_engagement_score"": ""80.0"", ""fulfillment_score"": ""85.0"", ""payment_score"": ""90.0"", ""anomaly_score"": ""8.0"", ""revenue_score"": ""92.0"", ""risk_level"": ""LOW"", ""top_risk"": ""Healthy deal profile"", ""recommended_action"": ""Continue standard process"", ""created_at"": ""2025-12-30 09:00:00"", ""updated_at"": ""2025-12-30 09:00:00""}"
deal_health_snapshots,58,"{""id"": ""58"", ""quotation_id"": ""55"", ""snapshot_date"": ""2026-01-02 09:00:00"", ""health_score"": ""84.0"", ""margin_score"": ""86.0"", ""discount_risk_score"": ""81.0"", ""customer_engagement_score"": ""80.0"", ""fulfillment_score"": ""85.0"", ""payment_score"": ""90.0"", ""anomaly_score"": ""16.0"", ""revenue_score"": ""84.0"", ""risk_level"": ""LOW"", ""top_risk"": ""Healthy deal profile"", ""recommended_action"": ""Continue standard process"", ""created_at"": ""2026-01-02 09:00:00"", ""updated_at"": ""2026-01-02 09:00:00""}"
deal_health_snapshots,59,"{""id"": ""59"", ""quotation_id"": ""56"", ""snapshot_date"": ""2026-01-05 09:00:00"", ""health_score"": ""89.0"", ""margin_score"": ""91.0"", ""discount_risk_score"": ""86.0"", ""customer_engagement_score"": ""80.0"", ""fulfillment_score"": ""85.0"", ""payment_score"": ""90.0"", ""anomaly_score"": ""11.0"", ""revenue_score"": ""89.0"", ""risk_level"": ""LOW"", ""top_risk"": ""Healthy deal profile"", ""recommended_action"": ""Continue standard process"", ""created_at"": ""2026-01-05 09:00:00"", ""updated_at"": ""2026-01-05 09:00:00""}"
deal_health_snapshots,60,"{""id"": ""60"", ""quotation_id"": ""57"", ""snapshot_date"": ""2026-01-08 09:00:00"", ""health_score"": ""70.0"", ""margin_score"": ""72.0"", ""discount_risk_score"": ""67.0"", ""customer_engagement_score"": ""80.0"", ""fulfillment_score"": ""85.0"", ""payment_score"": ""90.0"", ""anomaly_score"": ""30.0"", ""revenue_score"": ""70.0"", ""risk_level"": ""MEDIUM"", ""top_risk"": ""Discount variance"", ""recommended_action"": ""Review approval state"", ""created_at"": ""2026-01-08 09:00:00"", ""updated_at"": ""2026-01-08 09:00:00""}"
deal_anomalies,1,"{""id"": ""1"", ""quotation_id"": ""1"", ""anomaly_type"": ""HIGH_DISCOUNT"", ""severity"": ""HIGH"", ""detected_at"": ""2025-12-18 09:00:00"", ""description"": ""Services discount of 18% exceeds authorized 10% limit"", ""expected_value"": ""10.0"", ""actual_value"": ""18.0"", ""impact_amount"": ""81.0"", ""status"": ""OPEN"", ""resolved_at"": null, ""resolution_note"": null, ""created_at"": ""2025-12-18 09:00:00"", ""updated_at"": ""2025-12-18 09:00:00""}"
deal_anomalies,2,"{""id"": ""2"", ""quotation_id"": ""2"", ""anomaly_type"": ""MARGIN_DROP"", ""severity"": ""MEDIUM"", ""detected_at"": ""2025-12-19 09:00:00"", ""description"": ""Quote gross margin dropped below 22% floor"", ""expected_value"": ""25.0"", ""actual_value"": ""20.5"", ""impact_amount"": ""450.0"", ""status"": ""ACKNOWLEDGED"", ""resolved_at"": null, ""resolution_note"": null, ""created_at"": ""2025-12-19 09:00:00"", ""updated_at"": ""2025-12-19 09:00:00""}"
deal_anomalies,3,"{""id"": ""3"", ""quotation_id"": ""5"", ""anomaly_type"": ""UNUSUAL_DISCOUNT_PATTERN"", ""severity"": ""HIGH"", ""detected_at"": ""2025-12-20 09:00:00"", ""description"": ""Multiple discretionary discounts applied in sequence"", ""expected_value"": ""5.0"", ""actual_value"": ""22.0"", ""impact_amount"": ""320.0"", ""status"": ""OPEN"", ""resolved_at"": null, ""resolution_note"": null, ""created_at"": ""2025-12-20 09:00:00"", ""updated_at"": ""2025-12-20 09:00:00""}"
deal_anomalies,4,"{""id"": ""4"", ""quotation_id"": ""8"", ""anomaly_type"": ""CUSTOMER_NEGOTIATION"", ""severity"": ""MEDIUM"", ""detected_at"": ""2025-12-21 09:00:00"", ""description"": ""Customer countered with 22% discount"", ""expected_value"": ""10.0"", ""actual_value"": ""22.0"", ""impact_amount"": ""580.0"", ""status"": ""OPEN"", ""resolved_at"": null, ""resolution_note"": null, ""created_at"": ""2025-12-21 09:00:00"", ""updated_at"": ""2025-12-21 09:00:00""}"
deal_anomalies,5,"{""id"": ""5"", ""quotation_id"": ""12"", ""anomaly_type"": ""FULFILLMENT_DELAY"", ""severity"": ""MEDIUM"", ""detected_at"": ""2025-12-22 09:00:00"", ""description"": ""Delivery date pushed by 5 days due to stock transit"", ""expected_value"": ""2.0"", ""actual_value"": ""7.0"", ""impact_amount"": ""0.0"", ""status"": ""RESOLVED"", ""resolved_at"": ""2025-12-27 09:00:00"", ""resolution_note"": ""Adjusted pricing in line with governance policy"", ""created_at"": ""2025-12-22 09:00:00"", ""updated_at"": ""2025-12-22 09:00:00""}"
deal_anomalies,6,"{""id"": ""6"", ""quotation_id"": ""15"", ""anomaly_type"": ""LOW_STOCK"", ""severity"": ""LOW"", ""detected_at"": ""2025-12-23 09:00:00"", ""description"": ""Inventory buffer dropped below reorder threshold"", ""expected_value"": ""10.0"", ""actual_value"": ""4.0"", ""impact_amount"": ""0.0"", ""status"": ""RESOLVED"", ""resolved_at"": ""2025-12-28 09:00:00"", ""resolution_note"": ""Adjusted pricing in line with governance policy"", ""created_at"": ""2025-12-23 09:00:00"", ""updated_at"": ""2025-12-23 09:00:00""}"
deal_anomalies,7,"{""id"": ""7"", ""quotation_id"": ""18"", ""anomaly_type"": ""PAYMENT_DELAY"", ""severity"": ""HIGH"", ""detected_at"": ""2025-12-24 09:00:00"", ""description"": ""Customer payment overdue past net-30 terms"", ""expected_value"": ""30.0"", ""actual_value"": ""52.0"", ""impact_amount"": ""1250.0"", ""status"": ""OPEN"", ""resolved_at"": null, ""resolution_note"": null, ""created_at"": ""2025-12-24 09:00:00"", ""updated_at"": ""2025-12-24 09:00:00""}"
deal_anomalies,8,"{""id"": ""8"", ""quotation_id"": ""20"", ""anomaly_type"": ""REVENUE_DROP"", ""severity"": ""LOW"", ""detected_at"": ""2025-12-25 09:00:00"", ""description"": ""Deal size decreased after line item removal"", ""expected_value"": ""4500.0"", ""actual_value"": ""3200.0"", ""impact_amount"": ""1300.0"", ""status"": ""ACKNOWLEDGED"", ""resolved_at"": null, ""resolution_note"": null, ""created_at"": ""2025-12-25 09:00:00"", ""updated_at"": ""2025-12-25 09:00:00""}"
deal_anomalies,9,"{""id"": ""9"", ""quotation_id"": ""25"", ""anomaly_type"": ""HIGH_DISCOUNT"", ""severity"": ""CRITICAL"", ""detected_at"": ""2025-12-26 09:00:00"", ""description"": ""Hardware line discount exceeded 25% boundary"", ""expected_value"": ""15.0"", ""actual_value"": ""26.0"", ""impact_amount"": ""950.0"", ""status"": ""OPEN"", ""resolved_at"": null, ""resolution_note"": null, ""created_at"": ""2025-12-26 09:00:00"", ""updated_at"": ""2025-12-26 09:00:00""}"
deal_anomalies,10,"{""id"": ""10"", ""quotation_id"": ""28"", ""anomaly_type"": ""FULFILLMENT_DELAY"", ""severity"": ""HIGH"", ""detected_at"": ""2025-12-27 09:00:00"", ""description"": ""Backorder line awaiting factory replenishment"", ""expected_value"": ""5.0"", ""actual_value"": ""15.0"", ""impact_amount"": ""0.0"", ""status"": ""OPEN"", ""resolved_at"": null, ""resolution_note"": null, ""created_at"": ""2025-12-27 09:00:00"", ""updated_at"": ""2025-12-27 09:00:00""}"
deal_anomalies,11,"{""id"": ""11"", ""quotation_id"": ""33"", ""anomaly_type"": ""MARGIN_DROP"", ""severity"": ""MEDIUM"", ""detected_at"": ""2025-12-28 09:00:00"", ""description"": ""Bundle configuration eroded margin by 4.2%"", ""expected_value"": ""30.0"", ""actual_value"": ""25.8"", ""impact_amount"": ""280.0"", ""status"": ""RESOLVED"", ""resolved_at"": ""2026-01-02 09:00:00"", ""resolution_note"": ""Adjusted pricing in line with governance policy"", ""created_at"": ""2025-12-28 09:00:00"", ""updated_at"": ""2025-12-28 09:00:00""}"
deal_anomalies,12,"{""id"": ""12"", ""quotation_id"": ""35"", ""anomaly_type"": ""UNUSUAL_DISCOUNT_PATTERN"", ""severity"": ""LOW"", ""detected_at"": ""2025-12-29 09:00:00"", ""description"": ""Consecutive discounts on low-margin SKUs"", ""expected_value"": ""5.0"", ""actual_value"": ""12.0"", ""impact_amount"": ""150.0"", ""status"": ""ACKNOWLEDGED"", ""resolved_at"": null, ""resolution_note"": null, ""created_at"": ""2025-12-29 09:00:00"", ""updated_at"": ""2025-12-29 09:00:00""}"
deal_anomalies,13,"{""id"": ""13"", ""quotation_id"": ""40"", ""anomaly_type"": ""LOW_STOCK"", ""severity"": ""MEDIUM"", ""detected_at"": ""2025-12-30 09:00:00"", ""description"": ""Regional warehouse depleted of 16-inch models"", ""expected_value"": ""20.0"", ""actual_value"": ""2.0"", ""impact_amount"": ""0.0"", ""status"": ""RESOLVED"", ""resolved_at"": ""2026-01-04 09:00:00"", ""resolution_note"": ""Adjusted pricing in line with governance policy"", ""created_at"": ""2025-12-30 09:00:00"", ""updated_at"": ""2025-12-30 09:00:00""}"
deal_anomalies,14,"{""id"": ""14"", ""quotation_id"": ""44"", ""anomaly_type"": ""PAYMENT_DELAY"", ""severity"": ""HIGH"", ""detected_at"": ""2025-12-31 09:00:00"", ""description"": ""Second overdue notice issued to accounts payable"", ""expected_value"": ""30.0"", ""actual_value"": ""65.0"", ""impact_amount"": ""3400.0"", ""status"": ""OPEN"", ""resolved_at"": null, ""resolution_note"": null, ""created_at"": ""2025-12-31 09:00:00"", ""updated_at"": ""2025-12-31 09:00:00""}"
deal_anomalies,15,"{""id"": ""15"", ""quotation_id"": ""50"", ""anomaly_type"": ""HIGH_DISCOUNT"", ""severity"": ""HIGH"", ""detected_at"": ""2026-01-01 09:00:00"", ""description"": ""Special non-standard discount applied to enterprise customer"", ""expected_value"": ""15.0"", ""actual_value"": ""22.0"", ""impact_amount"": ""680.0"", ""status"": ""OPEN"", ""resolved_at"": null, ""resolution_note"": null, ""created_at"": ""2026-01-01 09:00:00"", ""updated_at"": ""2026-01-01 09:00:00""}"
audit_logs,1,"{""id"": ""1"", ""user_id"": ""1"", ""entity_type"": ""quotation"", ""entity_id"": ""1"", ""action"": ""CREATE"", ""old_value"": null, ""new_value"": ""Quotation Q-1042 initialized for Acme Corp"", ""ip_address"": ""10.0.0.11"", ""timestamp"": ""2025-12-28 09:00:00"", ""created_at"": ""2025-12-28 09:00:00"", ""updated_at"": ""2025-12-28 09:00:00""}"
audit_logs,2,"{""id"": ""2"", ""user_id"": ""2"", ""entity_type"": ""quotation"", ""entity_id"": ""1"", ""action"": ""ADD_PRODUCT"", ""old_value"": null, ""new_value"": ""Added 2x Laptop Pro 14 @ $1,200 (12% discount)"", ""ip_address"": ""10.0.0.12"", ""timestamp"": ""2025-12-29 09:00:00"", ""created_at"": ""2025-12-29 09:00:00"", ""updated_at"": ""2025-12-29 09:00:00""}"
audit_logs,3,"{""id"": ""3"", ""user_id"": ""3"", ""entity_type"": ""quotation"", ""entity_id"": ""1"", ""action"": ""ADD_PRODUCT"", ""old_value"": null, ""new_value"": ""Added 1x Onsite Setup Service @ $450 (18% discount)"", ""ip_address"": ""10.0.0.13"", ""timestamp"": ""2025-12-30 09:00:00"", ""created_at"": ""2025-12-30 09:00:00"", ""updated_at"": ""2025-12-30 09:00:00""}"
audit_logs,4,"{""id"": ""4"", ""user_id"": ""4"", ""entity_type"": ""quotation"", ""entity_id"": ""1"", ""action"": ""ADD_PRODUCT"", ""old_value"": null, ""new_value"": ""Added 1x Extended Warranty @ $180 (10% discount)"", ""ip_address"": ""10.0.0.14"", ""timestamp"": ""2025-12-31 09:00:00"", ""created_at"": ""2025-12-31 09:00:00"", ""updated_at"": ""2025-12-31 09:00:00""}"
audit_logs,5,"{""id"": ""5"", ""user_id"": ""5"", ""entity_type"": ""quotation"", ""entity_id"": ""1"", ""action"": ""SUBMIT"", ""old_value"": ""DRAFT"", ""new_value"": ""PENDING_APPROVAL"", ""ip_address"": ""10.0.0.15"", ""timestamp"": ""2026-01-01 09:00:00"", ""created_at"": ""2026-01-01 09:00:00"", ""updated_at"": ""2026-01-01 09:00:00""}"
audit_logs,6,"{""id"": ""6"", ""user_id"": ""6"", ""entity_type"": ""approval"", ""entity_id"": ""1"", ""action"": ""CREATE"", ""old_value"": null, ""new_value"": ""Approval APP-1042 triggered for discount threshold violation"", ""ip_address"": ""10.0.0.16"", ""timestamp"": ""2026-01-02 09:00:00"", ""created_at"": ""2026-01-02 09:00:00"", ""updated_at"": ""2026-01-02 09:00:00""}"
audit_logs,7,"{""id"": ""7"", ""user_id"": ""7"", ""entity_type"": ""user"", ""entity_id"": ""1"", ""action"": ""LOGIN"", ""old_value"": null, ""new_value"": ""User Aarav Sharma logged into Sales Workspace"", ""ip_address"": ""10.0.0.17"", ""timestamp"": ""2026-01-03 09:00:00"", ""created_at"": ""2026-01-03 09:00:00"", ""updated_at"": ""2026-01-03 09:00:00""}"
audit_logs,8,"{""id"": ""8"", ""user_id"": ""8"", ""entity_type"": ""user"", ""entity_id"": ""3"", ""action"": ""LOGIN"", ""old_value"": null, ""new_value"": ""User Rohan Kapoor logged into Manager Workspace"", ""ip_address"": ""10.0.0.18"", ""timestamp"": ""2026-01-04 09:00:00"", ""created_at"": ""2026-01-04 09:00:00"", ""updated_at"": ""2026-01-04 09:00:00""}"
audit_logs,9,"{""id"": ""9"", ""user_id"": ""1"", ""entity_type"": ""user"", ""entity_id"": ""5"", ""action"": ""LOGIN"", ""old_value"": null, ""new_value"": ""User Vikram Malhotra logged into Finance Workspace"", ""ip_address"": ""10.0.0.19"", ""timestamp"": ""2026-01-05 09:00:00"", ""created_at"": ""2026-01-05 09:00:00"", ""updated_at"": ""2026-01-05 09:00:00""}"
audit_logs,10,"{""id"": ""10"", ""user_id"": ""2"", ""entity_type"": ""user"", ""entity_id"": ""6"", ""action"": ""LOGIN"", ""old_value"": null, ""new_value"": ""User Kavita Rao logged into Customer Portal"", ""ip_address"": ""10.0.0.20"", ""timestamp"": ""2026-01-06 09:00:00"", ""created_at"": ""2026-01-06 09:00:00"", ""updated_at"": ""2026-01-06 09:00:00""}"
audit_logs,11,"{""id"": ""11"", ""user_id"": ""3"", ""entity_type"": ""payment"", ""entity_id"": ""12"", ""action"": ""PAYMENT"", ""old_value"": ""Status: PENDING"", ""new_value"": ""Status: COMPLETED"", ""ip_address"": ""10.0.0.21"", ""timestamp"": ""2026-01-07 09:00:00"", ""created_at"": ""2026-01-07 09:00:00"", ""updated_at"": ""2026-01-07 09:00:00""}"
audit_logs,12,"{""id"": ""12"", ""user_id"": ""4"", ""entity_type"": ""quotation"", ""entity_id"": ""13"", ""action"": ""UPDATE"", ""old_value"": ""Status: PENDING"", ""new_value"": ""Status: COMPLETED"", ""ip_address"": ""10.0.0.22"", ""timestamp"": ""2026-01-08 09:00:00"", ""created_at"": ""2026-01-08 09:00:00"", ""updated_at"": ""2026-01-08 09:00:00""}"
audit_logs,13,"{""id"": ""13"", ""user_id"": ""5"", ""entity_type"": ""payment"", ""entity_id"": ""14"", ""action"": ""PAYMENT"", ""old_value"": ""Status: PENDING"", ""new_value"": ""Status: COMPLETED"", ""ip_address"": ""10.0.0.23"", ""timestamp"": ""2026-01-09 09:00:00"", ""created_at"": ""2026-01-09 09:00:00"", ""updated_at"": ""2026-01-09 09:00:00""}"
audit_logs,14,"{""id"": ""14"", ""user_id"": ""6"", ""entity_type"": ""quotation"", ""entity_id"": ""15"", ""action"": ""UPDATE"", ""old_value"": ""Status: PENDING"", ""new_value"": ""Status: COMPLETED"", ""ip_address"": ""10.0.0.24"", ""timestamp"": ""2026-01-10 09:00:00"", ""created_at"": ""2026-01-10 09:00:00"", ""updated_at"": ""2026-01-10 09:00:00""}"
audit_logs,15,"{""id"": ""15"", ""user_id"": ""7"", ""entity_type"": ""approval"", ""entity_id"": ""16"", ""action"": ""APPROVE"", ""old_value"": ""Status: PENDING"", ""new_value"": ""Status: COMPLETED"", ""ip_address"": ""10.0.0.25"", ""timestamp"": ""2026-01-11 09:00:00"", ""created_at"": ""2026-01-11 09:00:00"", ""updated_at"": ""2026-01-11 09:00:00""}"
audit_logs,16,"{""id"": ""16"", ""user_id"": ""8"", ""entity_type"": ""quotation"", ""entity_id"": ""17"", ""action"": ""UPDATE"", ""old_value"": ""Status: PENDING"", ""new_value"": ""Status: COMPLETED"", ""ip_address"": ""10.0.0.26"", ""timestamp"": ""2026-01-12 09:00:00"", ""created_at"": ""2026-01-12 09:00:00"", ""updated_at"": ""2026-01-12 09:00:00""}"
audit_logs,17,"{""id"": ""17"", ""user_id"": ""1"", ""entity_type"": ""payment"", ""entity_id"": ""18"", ""action"": ""PAYMENT"", ""old_value"": ""Status: PENDING"", ""new_value"": ""Status: COMPLETED"", ""ip_address"": ""10.0.0.27"", ""timestamp"": ""2026-01-13 09:00:00"", ""created_at"": ""2026-01-13 09:00:00"", ""updated_at"": ""2026-01-13 09:00:00""}"
audit_logs,18,"{""id"": ""18"", ""user_id"": ""2"", ""entity_type"": ""quotation"", ""entity_id"": ""19"", ""action"": ""UPDATE"", ""old_value"": ""Status: PENDING"", ""new_value"": ""Status: COMPLETED"", ""ip_address"": ""10.0.0.28"", ""timestamp"": ""2026-01-14 09:00:00"", ""created_at"": ""2026-01-14 09:00:00"", ""updated_at"": ""2026-01-14 09:00:00""}"
audit_logs,19,"{""id"": ""19"", ""user_id"": ""3"", ""entity_type"": ""payment"", ""entity_id"": ""20"", ""action"": ""PAYMENT"", ""old_value"": ""Status: PENDING"", ""new_value"": ""Status: COMPLETED"", ""ip_address"": ""10.0.0.29"", ""timestamp"": ""2026-01-15 09:00:00"", ""created_at"": ""2026-01-15 09:00:00"", ""updated_at"": ""2026-01-15 09:00:00""}"
audit_logs,20,"{""id"": ""20"", ""user_id"": ""4"", ""entity_type"": ""quotation"", ""entity_id"": ""21"", ""action"": ""UPDATE"", ""old_value"": ""Status: PENDING"", ""new_value"": ""Status: COMPLETED"", ""ip_address"": ""10.0.0.10"", ""timestamp"": ""2026-01-16 09:00:00"", ""created_at"": ""2026-01-16 09:00:00"", ""updated_at"": ""2026-01-16 09:00:00""}"
audit_logs,21,"{""id"": ""21"", ""user_id"": ""5"", ""entity_type"": ""approval"", ""entity_id"": ""22"", ""action"": ""APPROVE"", ""old_value"": ""Status: PENDING"", ""new_value"": ""Status: COMPLETED"", ""ip_address"": ""10.0.0.11"", ""timestamp"": ""2026-01-17 09:00:00"", ""created_at"": ""2026-01-17 09:00:00"", ""updated_at"": ""2026-01-17 09:00:00""}"
audit_logs,22,"{""id"": ""22"", ""user_id"": ""6"", ""entity_type"": ""quotation"", ""entity_id"": ""23"", ""action"": ""UPDATE"", ""old_value"": ""Status: PENDING"", ""new_value"": ""Status: COMPLETED"", ""ip_address"": ""10.0.0.12"", ""timestamp"": ""2026-01-18 09:00:00"", ""created_at"": ""2026-01-18 09:00:00"", ""updated_at"": ""2026-01-18 09:00:00""}"
audit_logs,23,"{""id"": ""23"", ""user_id"": ""7"", ""entity_type"": ""payment"", ""entity_id"": ""24"", ""action"": ""PAYMENT"", ""old_value"": ""Status: PENDING"", ""new_value"": ""Status: COMPLETED"", ""ip_address"": ""10.0.0.13"", ""timestamp"": ""2026-01-19 09:00:00"", ""created_at"": ""2026-01-19 09:00:00"", ""updated_at"": ""2026-01-19 09:00:00""}"
audit_logs,24,"{""id"": ""24"", ""user_id"": ""8"", ""entity_type"": ""quotation"", ""entity_id"": ""25"", ""action"": ""UPDATE"", ""old_value"": ""Status: PENDING"", ""new_value"": ""Status: COMPLETED"", ""ip_address"": ""10.0.0.14"", ""timestamp"": ""2026-01-20 09:00:00"", ""created_at"": ""2026-01-20 09:00:00"", ""updated_at"": ""2026-01-20 09:00:00""}"
audit_logs,25,"{""id"": ""25"", ""user_id"": ""1"", ""entity_type"": ""payment"", ""entity_id"": ""1"", ""action"": ""PAYMENT"", ""old_value"": ""Status: PENDING"", ""new_value"": ""Status: COMPLETED"", ""ip_address"": ""10.0.0.15"", ""timestamp"": ""2026-01-21 09:00:00"", ""created_at"": ""2026-01-21 09:00:00"", ""updated_at"": ""2026-01-21 09:00:00""}"
audit_logs,26,"{""id"": ""26"", ""user_id"": ""2"", ""entity_type"": ""quotation"", ""entity_id"": ""2"", ""action"": ""UPDATE"", ""old_value"": ""Status: PENDING"", ""new_value"": ""Status: COMPLETED"", ""ip_address"": ""10.0.0.16"", ""timestamp"": ""2026-01-22 09:00:00"", ""created_at"": ""2026-01-22 09:00:00"", ""updated_at"": ""2026-01-22 09:00:00""}"
audit_logs,27,"{""id"": ""27"", ""user_id"": ""3"", ""entity_type"": ""approval"", ""entity_id"": ""3"", ""action"": ""APPROVE"", ""old_value"": ""Status: PENDING"", ""new_value"": ""Status: COMPLETED"", ""ip_address"": ""10.0.0.17"", ""timestamp"": ""2026-01-23 09:00:00"", ""created_at"": ""2026-01-23 09:00:00"", ""updated_at"": ""2026-01-23 09:00:00""}"
audit_logs,28,"{""id"": ""28"", ""user_id"": ""4"", ""entity_type"": ""quotation"", ""entity_id"": ""4"", ""action"": ""UPDATE"", ""old_value"": ""Status: PENDING"", ""new_value"": ""Status: COMPLETED"", ""ip_address"": ""10.0.0.18"", ""timestamp"": ""2026-01-24 09:00:00"", ""created_at"": ""2026-01-24 09:00:00"", ""updated_at"": ""2026-01-24 09:00:00""}"
audit_logs,29,"{""id"": ""29"", ""user_id"": ""5"", ""entity_type"": ""payment"", ""entity_id"": ""5"", ""action"": ""PAYMENT"", ""old_value"": ""Status: PENDING"", ""new_value"": ""Status: COMPLETED"", ""ip_address"": ""10.0.0.19"", ""timestamp"": ""2026-01-25 09:00:00"", ""created_at"": ""2026-01-25 09:00:00"", ""updated_at"": ""2026-01-25 09:00:00""}"
audit_logs,30,"{""id"": ""30"", ""user_id"": ""6"", ""entity_type"": ""quotation"", ""entity_id"": ""6"", ""action"": ""UPDATE"", ""old_value"": ""Status: PENDING"", ""new_value"": ""Status: COMPLETED"", ""ip_address"": ""10.0.0.20"", ""timestamp"": ""2026-01-26 09:00:00"", ""created_at"": ""2026-01-26 09:00:00"", ""updated_at"": ""2026-01-26 09:00:00""}"
audit_logs,31,"{""id"": ""31"", ""user_id"": ""7"", ""entity_type"": ""payment"", ""entity_id"": ""7"", ""action"": ""PAYMENT"", ""old_value"": ""Status: PENDING"", ""new_value"": ""Status: COMPLETED"", ""ip_address"": ""10.0.0.21"", ""timestamp"": ""2026-01-27 09:00:00"", ""created_at"": ""2026-01-27 09:00:00"", ""updated_at"": ""2026-01-27 09:00:00""}"
audit_logs,32,"{""id"": ""32"", ""user_id"": ""8"", ""entity_type"": ""quotation"", ""entity_id"": ""8"", ""action"": ""UPDATE"", ""old_value"": ""Status: PENDING"", ""new_value"": ""Status: COMPLETED"", ""ip_address"": ""10.0.0.22"", ""timestamp"": ""2026-01-28 09:00:00"", ""created_at"": ""2026-01-28 09:00:00"", ""updated_at"": ""2026-01-28 09:00:00""}"
audit_logs,33,"{""id"": ""33"", ""user_id"": ""1"", ""entity_type"": ""approval"", ""entity_id"": ""9"", ""action"": ""APPROVE"", ""old_value"": ""Status: PENDING"", ""new_value"": ""Status: COMPLETED"", ""ip_address"": ""10.0.0.23"", ""timestamp"": ""2026-01-29 09:00:00"", ""created_at"": ""2026-01-29 09:00:00"", ""updated_at"": ""2026-01-29 09:00:00""}"
audit_logs,34,"{""id"": ""34"", ""user_id"": ""2"", ""entity_type"": ""quotation"", ""entity_id"": ""10"", ""action"": ""UPDATE"", ""old_value"": ""Status: PENDING"", ""new_value"": ""Status: COMPLETED"", ""ip_address"": ""10.0.0.24"", ""timestamp"": ""2026-01-30 09:00:00"", ""created_at"": ""2026-01-30 09:00:00"", ""updated_at"": ""2026-01-30 09:00:00""}"
audit_logs,35,"{""id"": ""35"", ""user_id"": ""3"", ""entity_type"": ""payment"", ""entity_id"": ""11"", ""action"": ""PAYMENT"", ""old_value"": ""Status: PENDING"", ""new_value"": ""Status: COMPLETED"", ""ip_address"": ""10.0.0.25"", ""timestamp"": ""2026-01-31 09:00:00"", ""created_at"": ""2026-01-31 09:00:00"", ""updated_at"": ""2026-01-31 09:00:00""}"
audit_logs,36,"{""id"": ""36"", ""user_id"": ""4"", ""entity_type"": ""quotation"", ""entity_id"": ""12"", ""action"": ""UPDATE"", ""old_value"": ""Status: PENDING"", ""new_value"": ""Status: COMPLETED"", ""ip_address"": ""10.0.0.26"", ""timestamp"": ""2026-02-01 09:00:00"", ""created_at"": ""2026-02-01 09:00:00"", ""updated_at"": ""2026-02-01 09:00:00""}"
audit_logs,37,"{""id"": ""37"", ""user_id"": ""5"", ""entity_type"": ""payment"", ""entity_id"": ""13"", ""action"": ""PAYMENT"", ""old_value"": ""Status: PENDING"", ""new_value"": ""Status: COMPLETED"", ""ip_address"": ""10.0.0.27"", ""timestamp"": ""2026-02-02 09:00:00"", ""created_at"": ""2026-02-02 09:00:00"", ""updated_at"": ""2026-02-02 09:00:00""}"
audit_logs,38,"{""id"": ""38"", ""user_id"": ""6"", ""entity_type"": ""quotation"", ""entity_id"": ""14"", ""action"": ""UPDATE"", ""old_value"": ""Status: PENDING"", ""new_value"": ""Status: COMPLETED"", ""ip_address"": ""10.0.0.28"", ""timestamp"": ""2026-02-03 09:00:00"", ""created_at"": ""2026-02-03 09:00:00"", ""updated_at"": ""2026-02-03 09:00:00""}"
audit_logs,39,"{""id"": ""39"", ""user_id"": ""7"", ""entity_type"": ""approval"", ""entity_id"": ""15"", ""action"": ""APPROVE"", ""old_value"": ""Status: PENDING"", ""new_value"": ""Status: COMPLETED"", ""ip_address"": ""10.0.0.29"", ""timestamp"": ""2026-02-04 09:00:00"", ""created_at"": ""2026-02-04 09:00:00"", ""updated_at"": ""2026-02-04 09:00:00""}"
audit_logs,40,"{""id"": ""40"", ""user_id"": ""8"", ""entity_type"": ""quotation"", ""entity_id"": ""16"", ""action"": ""UPDATE"", ""old_value"": ""Status: PENDING"", ""new_value"": ""Status: COMPLETED"", ""ip_address"": ""10.0.0.10"", ""timestamp"": ""2026-02-05 09:00:00"", ""created_at"": ""2026-02-05 09:00:00"", ""updated_at"": ""2026-02-05 09:00:00""}"
audit_logs,41,"{""id"": ""41"", ""user_id"": ""1"", ""entity_type"": ""payment"", ""entity_id"": ""17"", ""action"": ""PAYMENT"", ""old_value"": ""Status: PENDING"", ""new_value"": ""Status: COMPLETED"", ""ip_address"": ""10.0.0.11"", ""timestamp"": ""2026-02-06 09:00:00"", ""created_at"": ""2026-02-06 09:00:00"", ""updated_at"": ""2026-02-06 09:00:00""}"
audit_logs,42,"{""id"": ""42"", ""user_id"": ""2"", ""entity_type"": ""quotation"", ""entity_id"": ""18"", ""action"": ""UPDATE"", ""old_value"": ""Status: PENDING"", ""new_value"": ""Status: COMPLETED"", ""ip_address"": ""10.0.0.12"", ""timestamp"": ""2026-02-07 09:00:00"", ""created_at"": ""2026-02-07 09:00:00"", ""updated_at"": ""2026-02-07 09:00:00""}"
audit_logs,43,"{""id"": ""43"", ""user_id"": ""3"", ""entity_type"": ""payment"", ""entity_id"": ""19"", ""action"": ""PAYMENT"", ""old_value"": ""Status: PENDING"", ""new_value"": ""Status: COMPLETED"", ""ip_address"": ""10.0.0.13"", ""timestamp"": ""2026-02-08 09:00:00"", ""created_at"": ""2026-02-08 09:00:00"", ""updated_at"": ""2026-02-08 09:00:00""}"
audit_logs,44,"{""id"": ""44"", ""user_id"": ""4"", ""entity_type"": ""quotation"", ""entity_id"": ""20"", ""action"": ""UPDATE"", ""old_value"": ""Status: PENDING"", ""new_value"": ""Status: COMPLETED"", ""ip_address"": ""10.0.0.14"", ""timestamp"": ""2026-02-09 09:00:00"", ""created_at"": ""2026-02-09 09:00:00"", ""updated_at"": ""2026-02-09 09:00:00""}"
audit_logs,45,"{""id"": ""45"", ""user_id"": ""5"", ""entity_type"": ""approval"", ""entity_id"": ""21"", ""action"": ""APPROVE"", ""old_value"": ""Status: PENDING"", ""new_value"": ""Status: COMPLETED"", ""ip_address"": ""10.0.0.15"", ""timestamp"": ""2026-02-10 09:00:00"", ""created_at"": ""2026-02-10 09:00:00"", ""updated_at"": ""2026-02-10 09:00:00""}"
audit_logs,46,"{""id"": ""46"", ""user_id"": ""6"", ""entity_type"": ""quotation"", ""entity_id"": ""22"", ""action"": ""UPDATE"", ""old_value"": ""Status: PENDING"", ""new_value"": ""Status: COMPLETED"", ""ip_address"": ""10.0.0.16"", ""timestamp"": ""2026-02-11 09:00:00"", ""created_at"": ""2026-02-11 09:00:00"", ""updated_at"": ""2026-02-11 09:00:00""}"
audit_logs,47,"{""id"": ""47"", ""user_id"": ""7"", ""entity_type"": ""payment"", ""entity_id"": ""23"", ""action"": ""PAYMENT"", ""old_value"": ""Status: PENDING"", ""new_value"": ""Status: COMPLETED"", ""ip_address"": ""10.0.0.17"", ""timestamp"": ""2026-02-12 09:00:00"", ""created_at"": ""2026-02-12 09:00:00"", ""updated_at"": ""2026-02-12 09:00:00""}"
audit_logs,48,"{""id"": ""48"", ""user_id"": ""8"", ""entity_type"": ""quotation"", ""entity_id"": ""24"", ""action"": ""UPDATE"", ""old_value"": ""Status: PENDING"", ""new_value"": ""Status: COMPLETED"", ""ip_address"": ""10.0.0.18"", ""timestamp"": ""2026-02-13 09:00:00"", ""created_at"": ""2026-02-13 09:00:00"", ""updated_at"": ""2026-02-13 09:00:00""}"
audit_logs,49,"{""id"": ""49"", ""user_id"": ""1"", ""entity_type"": ""payment"", ""entity_id"": ""25"", ""action"": ""PAYMENT"", ""old_value"": ""Status: PENDING"", ""new_value"": ""Status: COMPLETED"", ""ip_address"": ""10.0.0.19"", ""timestamp"": ""2026-02-14 09:00:00"", ""created_at"": ""2026-02-14 09:00:00"", ""updated_at"": ""2026-02-14 09:00:00""}"
audit_logs,50,"{""id"": ""50"", ""user_id"": ""2"", ""entity_type"": ""quotation"", ""entity_id"": ""1"", ""action"": ""UPDATE"", ""old_value"": ""Status: PENDING"", ""new_value"": ""Status: COMPLETED"", ""ip_address"": ""10.0.0.20"", ""timestamp"": ""2026-02-15 09:00:00"", ""created_at"": ""2026-02-15 09:00:00"", ""updated_at"": ""2026-02-15 09:00:00""}"
historical_orders,1,"{""id"": ""1"", ""order_number"": ""ORD-0001"", ""customer_id"": ""1"", ""sales_rep_id"": ""1"", ""order_date"": ""2025-01-07 09:00:00"", ""status"": ""COMPLETED"", ""currency"": ""USD"", ""subtotal"": ""2805.0"", ""discount_amount"": ""0.0"", ""tax_amount"": ""224.4"", ""total_amount"": ""3029.4"", ""payment_status"": ""PAID"", ""created_at"": ""2025-01-07 09:00:00"", ""updated_at"": ""2025-01-07 09:00:00""}"
historical_orders,2,"{""id"": ""2"", ""order_number"": ""ORD-0002"", ""customer_id"": ""2"", ""sales_rep_id"": ""2"", ""order_date"": ""2025-01-13 09:00:00"", ""status"": ""COMPLETED"", ""currency"": ""USD"", ""subtotal"": ""1495.0"", ""discount_amount"": ""0.0"", ""tax_amount"": ""119.6"", ""total_amount"": ""1614.6"", ""payment_status"": ""PAID"", ""created_at"": ""2025-01-13 09:00:00"", ""updated_at"": ""2025-01-13 09:00:00""}"
historical_orders,3,"{""id"": ""3"", ""order_number"": ""ORD-0003"", ""customer_id"": ""3"", ""sales_rep_id"": ""1"", ""order_date"": ""2025-01-19 09:00:00"", ""status"": ""COMPLETED"", ""currency"": ""USD"", ""subtotal"": ""1425.0"", ""discount_amount"": ""0.0"", ""tax_amount"": ""114.0"", ""total_amount"": ""1539.0"", ""payment_status"": ""PAID"", ""created_at"": ""2025-01-19 09:00:00"", ""updated_at"": ""2025-01-19 09:00:00""}"
historical_orders,4,"{""id"": ""4"", ""order_number"": ""ORD-0004"", ""customer_id"": ""4"", ""sales_rep_id"": ""2"", ""order_date"": ""2025-01-25 09:00:00"", ""status"": ""COMPLETED"", ""currency"": ""USD"", ""subtotal"": ""1560.0"", ""discount_amount"": ""0.0"", ""tax_amount"": ""124.8"", ""total_amount"": ""1684.8"", ""payment_status"": ""PAID"", ""created_at"": ""2025-01-25 09:00:00"", ""updated_at"": ""2025-01-25 09:00:00""}"
historical_orders,5,"{""id"": ""5"", ""order_number"": ""ORD-0005"", ""customer_id"": ""5"", ""sales_rep_id"": ""1"", ""order_date"": ""2025-01-31 09:00:00"", ""status"": ""COMPLETED"", ""currency"": ""USD"", ""subtotal"": ""1245.0"", ""discount_amount"": ""0.0"", ""tax_amount"": ""99.6"", ""total_amount"": ""1344.6"", ""payment_status"": ""PAID"", ""created_at"": ""2025-01-31 09:00:00"", ""updated_at"": ""2025-01-31 09:00:00""}"
historical_orders,6,"{""id"": ""6"", ""order_number"": ""ORD-0006"", ""customer_id"": ""6"", ""sales_rep_id"": ""2"", ""order_date"": ""2025-02-06 09:00:00"", ""status"": ""COMPLETED"", ""currency"": ""USD"", ""subtotal"": ""1245.0"", ""discount_amount"": ""0.0"", ""tax_amount"": ""99.6"", ""total_amount"": ""1344.6"", ""payment_status"": ""PAID"", ""created_at"": ""2025-02-06 09:00:00"", ""updated_at"": ""2025-02-06 09:00:00""}"
historical_orders,7,"{""id"": ""7"", ""order_number"": ""ORD-0007"", ""customer_id"": ""7"", ""sales_rep_id"": ""1"", ""order_date"": ""2025-02-12 09:00:00"", ""status"": ""COMPLETED"", ""currency"": ""USD"", ""subtotal"": ""1630.0"", ""discount_amount"": ""0.0"", ""tax_amount"": ""130.4"", ""total_amount"": ""1760.4"", ""payment_status"": ""PAID"", ""created_at"": ""2025-02-12 09:00:00"", ""updated_at"": ""2025-02-12 09:00:00""}"
historical_orders,8,"{""id"": ""8"", ""order_number"": ""ORD-0008"", ""customer_id"": ""8"", ""sales_rep_id"": ""2"", ""order_date"": ""2025-02-18 09:00:00"", ""status"": ""COMPLETED"", ""currency"": ""USD"", ""subtotal"": ""1425.0"", ""discount_amount"": ""0.0"", ""tax_amount"": ""114.0"", ""total_amount"": ""1539.0"", ""payment_status"": ""PAID"", ""created_at"": ""2025-02-18 09:00:00"", ""updated_at"": ""2025-02-18 09:00:00""}"
historical_orders,9,"{""id"": ""9"", ""order_number"": ""ORD-0009"", ""customer_id"": ""1"", ""sales_rep_id"": ""1"", ""order_date"": ""2025-02-24 09:00:00"", ""status"": ""COMPLETED"", ""currency"": ""USD"", ""subtotal"": ""1425.0"", ""discount_amount"": ""0.0"", ""tax_amount"": ""114.0"", ""total_amount"": ""1539.0"", ""payment_status"": ""PAID"", ""created_at"": ""2025-02-24 09:00:00"", ""updated_at"": ""2025-02-24 09:00:00""}"
historical_orders,10,"{""id"": ""10"", ""order_number"": ""ORD-0010"", ""customer_id"": ""2"", ""sales_rep_id"": ""2"", ""order_date"": ""2025-03-02 09:00:00"", ""status"": ""COMPLETED"", ""currency"": ""USD"", ""subtotal"": ""1380.0"", ""discount_amount"": ""0.0"", ""tax_amount"": ""110.4"", ""total_amount"": ""1490.4"", ""payment_status"": ""PAID"", ""created_at"": ""2025-03-02 09:00:00"", ""updated_at"": ""2025-03-02 09:00:00""}"
historical_orders,11,"{""id"": ""11"", ""order_number"": ""ORD-0011"", ""customer_id"": ""3"", ""sales_rep_id"": ""1"", ""order_date"": ""2025-03-08 09:00:00"", ""status"": ""COMPLETED"", ""currency"": ""USD"", ""subtotal"": ""1495.0"", ""discount_amount"": ""0.0"", ""tax_amount"": ""119.6"", ""total_amount"": ""1614.6"", ""payment_status"": ""PAID"", ""created_at"": ""2025-03-08 09:00:00"", ""updated_at"": ""2025-03-08 09:00:00""}"
historical_orders,12,"{""id"": ""12"", ""order_number"": ""ORD-0012"", ""customer_id"": ""4"", ""sales_rep_id"": ""2"", ""order_date"": ""2025-03-14 09:00:00"", ""status"": ""COMPLETED"", ""currency"": ""USD"", ""subtotal"": ""1380.0"", ""discount_amount"": ""0.0"", ""tax_amount"": ""110.4"", ""total_amount"": ""1490.4"", ""payment_status"": ""PAID"", ""created_at"": ""2025-03-14 09:00:00"", ""updated_at"": ""2025-03-14 09:00:00""}"
historical_orders,13,"{""id"": ""13"", ""order_number"": ""ORD-0013"", ""customer_id"": ""5"", ""sales_rep_id"": ""1"", ""order_date"": ""2025-03-20 09:00:00"", ""status"": ""COMPLETED"", ""currency"": ""USD"", ""subtotal"": ""1245.0"", ""discount_amount"": ""0.0"", ""tax_amount"": ""99.6"", ""total_amount"": ""1344.6"", ""payment_status"": ""PAID"", ""created_at"": ""2025-03-20 09:00:00"", ""updated_at"": ""2025-03-20 09:00:00""}"
historical_orders,14,"{""id"": ""14"", ""order_number"": ""ORD-0014"", ""customer_id"": ""6"", ""sales_rep_id"": ""2"", ""order_date"": ""2025-03-26 09:00:00"", ""status"": ""COMPLETED"", ""currency"": ""USD"", ""subtotal"": ""1425.0"", ""discount_amount"": ""0.0"", ""tax_amount"": ""114.0"", ""total_amount"": ""1539.0"", ""payment_status"": ""PAID"", ""created_at"": ""2025-03-26 09:00:00"", ""updated_at"": ""2025-03-26 09:00:00""}"
historical_orders,15,"{""id"": ""15"", ""order_number"": ""ORD-0015"", ""customer_id"": ""7"", ""sales_rep_id"": ""1"", ""order_date"": ""2025-04-01 09:00:00"", ""status"": ""COMPLETED"", ""currency"": ""USD"", ""subtotal"": ""1380.0"", ""discount_amount"": ""0.0"", ""tax_amount"": ""110.4"", ""total_amount"": ""1490.4"", ""payment_status"": ""PAID"", ""created_at"": ""2025-04-01 09:00:00"", ""updated_at"": ""2025-04-01 09:00:00""}"
historical_orders,16,"{""id"": ""16"", ""order_number"": ""ORD-0016"", ""customer_id"": ""8"", ""sales_rep_id"": ""2"", ""order_date"": ""2025-04-07 09:00:00"", ""status"": ""COMPLETED"", ""currency"": ""USD"", ""subtotal"": ""1245.0"", ""discount_amount"": ""0.0"", ""tax_amount"": ""99.6"", ""total_amount"": ""1344.6"", ""payment_status"": ""PAID"", ""created_at"": ""2025-04-07 09:00:00"", ""updated_at"": ""2025-04-07 09:00:00""}"
historical_orders,17,"{""id"": ""17"", ""order_number"": ""ORD-0017"", ""customer_id"": ""1"", ""sales_rep_id"": ""1"", ""order_date"": ""2025-04-13 09:00:00"", ""status"": ""COMPLETED"", ""currency"": ""USD"", ""subtotal"": ""1245.0"", ""discount_amount"": ""0.0"", ""tax_amount"": ""99.6"", ""total_amount"": ""1344.6"", ""payment_status"": ""PAID"", ""created_at"": ""2025-04-13 09:00:00"", ""updated_at"": ""2025-04-13 09:00:00""}"
historical_orders,18,"{""id"": ""18"", ""order_number"": ""ORD-0018"", ""customer_id"": ""2"", ""sales_rep_id"": ""2"", ""order_date"": ""2025-04-19 09:00:00"", ""status"": ""COMPLETED"", ""currency"": ""USD"", ""subtotal"": ""1200.0"", ""discount_amount"": ""0.0"", ""tax_amount"": ""96.0"", ""total_amount"": ""1296.0"", ""payment_status"": ""PAID"", ""created_at"": ""2025-04-19 09:00:00"", ""updated_at"": ""2025-04-19 09:00:00""}"
historical_orders,19,"{""id"": ""19"", ""order_number"": ""ORD-0019"", ""customer_id"": ""3"", ""sales_rep_id"": ""1"", ""order_date"": ""2025-04-25 09:00:00"", ""status"": ""COMPLETED"", ""currency"": ""USD"", ""subtotal"": ""1245.0"", ""discount_amount"": ""0.0"", ""tax_amount"": ""99.6"", ""total_amount"": ""1344.6"", ""payment_status"": ""PAID"", ""created_at"": ""2025-04-25 09:00:00"", ""updated_at"": ""2025-04-25 09:00:00""}"
historical_orders,20,"{""id"": ""20"", ""order_number"": ""ORD-0020"", ""customer_id"": ""4"", ""sales_rep_id"": ""2"", ""order_date"": ""2025-05-01 09:00:00"", ""status"": ""COMPLETED"", ""currency"": ""USD"", ""subtotal"": ""1200.0"", ""discount_amount"": ""0.0"", ""tax_amount"": ""96.0"", ""total_amount"": ""1296.0"", ""payment_status"": ""PAID"", ""created_at"": ""2025-05-01 09:00:00"", ""updated_at"": ""2025-05-01 09:00:00""}"
historical_orders,21,"{""id"": ""21"", ""order_number"": ""ORD-0021"", ""customer_id"": ""1"", ""sales_rep_id"": ""1"", ""order_date"": ""2025-08-29 09:00:00"", ""status"": ""COMPLETED"", ""currency"": ""USD"", ""subtotal"": ""3100.0"", ""discount_amount"": ""0.0"", ""tax_amount"": ""248.0"", ""total_amount"": ""3348.0"", ""payment_status"": ""PAID"", ""created_at"": ""2025-08-29 09:00:00"", ""updated_at"": ""2025-08-29 09:00:00""}"
historical_orders,22,"{""id"": ""22"", ""order_number"": ""ORD-0022"", ""customer_id"": ""2"", ""sales_rep_id"": ""2"", ""order_date"": ""2025-09-08 09:00:00"", ""status"": ""COMPLETED"", ""currency"": ""USD"", ""subtotal"": ""1550.0"", ""discount_amount"": ""0.0"", ""tax_amount"": ""124.0"", ""total_amount"": ""1674.0"", ""payment_status"": ""PAID"", ""created_at"": ""2025-09-08 09:00:00"", ""updated_at"": ""2025-09-08 09:00:00""}"
historical_orders,23,"{""id"": ""23"", ""order_number"": ""ORD-0023"", ""customer_id"": ""5"", ""sales_rep_id"": ""1"", ""order_date"": ""2025-09-23 09:00:00"", ""status"": ""COMPLETED"", ""currency"": ""USD"", ""subtotal"": ""1550.0"", ""discount_amount"": ""0.0"", ""tax_amount"": ""124.0"", ""total_amount"": ""1674.0"", ""payment_status"": ""PAID"", ""created_at"": ""2025-09-23 09:00:00"", ""updated_at"": ""2025-09-23 09:00:00""}"
historical_orders,24,"{""id"": ""24"", ""order_number"": ""ORD-0024"", ""customer_id"": ""3"", ""sales_rep_id"": ""1"", ""order_date"": ""2025-10-08 09:00:00"", ""status"": ""COMPLETED"", ""currency"": ""USD"", ""subtotal"": ""2100.0"", ""discount_amount"": ""0.0"", ""tax_amount"": ""168.0"", ""total_amount"": ""2268.0"", ""payment_status"": ""PAID"", ""created_at"": ""2025-10-08 09:00:00"", ""updated_at"": ""2025-10-08 09:00:00""}"
historical_orders,25,"{""id"": ""25"", ""order_number"": ""ORD-0025"", ""customer_id"": ""7"", ""sales_rep_id"": ""2"", ""order_date"": ""2025-10-18 09:00:00"", ""status"": ""COMPLETED"", ""currency"": ""USD"", ""subtotal"": ""760.0"", ""discount_amount"": ""0.0"", ""tax_amount"": ""60.8"", ""total_amount"": ""820.8"", ""payment_status"": ""PAID"", ""created_at"": ""2025-10-18 09:00:00"", ""updated_at"": ""2025-10-18 09:00:00""}"
historical_orders,26,"{""id"": ""26"", ""order_number"": ""ORD-0026"", ""customer_id"": ""26"", ""sales_rep_id"": ""2"", ""order_date"": ""2025-07-02 09:00:00"", ""status"": ""COMPLETED"", ""currency"": ""USD"", ""subtotal"": ""720.0"", ""discount_amount"": ""0.0"", ""tax_amount"": ""57.6"", ""total_amount"": ""777.6"", ""payment_status"": ""PAID"", ""created_at"": ""2025-07-02 09:00:00"", ""updated_at"": ""2025-07-02 09:00:00""}"
historical_orders,27,"{""id"": ""27"", ""order_number"": ""ORD-0027"", ""customer_id"": ""27"", ""sales_rep_id"": ""1"", ""order_date"": ""2025-07-09 09:00:00"", ""status"": ""COMPLETED"", ""currency"": ""USD"", ""subtotal"": ""1350.0"", ""discount_amount"": ""0.0"", ""tax_amount"": ""108.0"", ""total_amount"": ""1458.0"", ""payment_status"": ""PAID"", ""created_at"": ""2025-07-09 09:00:00"", ""updated_at"": ""2025-07-09 09:00:00""}"
historical_orders,28,"{""id"": ""28"", ""order_number"": ""ORD-0028"", ""customer_id"": ""28"", ""sales_rep_id"": ""2"", ""order_date"": ""2025-07-16 09:00:00"", ""status"": ""CANCELLED"", ""currency"": ""USD"", ""subtotal"": ""850.0"", ""discount_amount"": ""0.0"", ""tax_amount"": ""68.0"", ""total_amount"": ""918.0"", ""payment_status"": ""CANCELLED"", ""created_at"": ""2025-07-16 09:00:00"", ""updated_at"": ""2025-07-16 09:00:00""}"
historical_orders,29,"{""id"": ""29"", ""order_number"": ""ORD-0029"", ""customer_id"": ""29"", ""sales_rep_id"": ""1"", ""order_date"": ""2025-07-23 09:00:00"", ""status"": ""COMPLETED"", ""currency"": ""USD"", ""subtotal"": ""95.0"", ""discount_amount"": ""0.0"", ""tax_amount"": ""7.6"", ""total_amount"": ""102.6"", ""payment_status"": ""PAID"", ""created_at"": ""2025-07-23 09:00:00"", ""updated_at"": ""2025-07-23 09:00:00""}"
historical_orders,30,"{""id"": ""30"", ""order_number"": ""ORD-0030"", ""customer_id"": ""30"", ""sales_rep_id"": ""2"", ""order_date"": ""2025-07-30 09:00:00"", ""status"": ""COMPLETED"", ""currency"": ""USD"", ""subtotal"": ""65.0"", ""discount_amount"": ""0.0"", ""tax_amount"": ""5.2"", ""total_amount"": ""70.2"", ""payment_status"": ""PAID"", ""created_at"": ""2025-07-30 09:00:00"", ""updated_at"": ""2025-07-30 09:00:00""}"
historical_orders,31,"{""id"": ""31"", ""order_number"": ""ORD-0031"", ""customer_id"": ""31"", ""sales_rep_id"": ""1"", ""order_date"": ""2025-08-06 09:00:00"", ""status"": ""COMPLETED"", ""currency"": ""USD"", ""subtotal"": ""110.0"", ""discount_amount"": ""0.0"", ""tax_amount"": ""8.8"", ""total_amount"": ""118.8"", ""payment_status"": ""PAID"", ""created_at"": ""2025-08-06 09:00:00"", ""updated_at"": ""2025-08-06 09:00:00""}"
historical_orders,32,"{""id"": ""32"", ""order_number"": ""ORD-0032"", ""customer_id"": ""32"", ""sales_rep_id"": ""2"", ""order_date"": ""2025-08-13 09:00:00"", ""status"": ""COMPLETED"", ""currency"": ""USD"", ""subtotal"": ""75.0"", ""discount_amount"": ""0.0"", ""tax_amount"": ""6.0"", ""total_amount"": ""81.0"", ""payment_status"": ""PAID"", ""created_at"": ""2025-08-13 09:00:00"", ""updated_at"": ""2025-08-13 09:00:00""}"
historical_orders,33,"{""id"": ""33"", ""order_number"": ""ORD-0033"", ""customer_id"": ""33"", ""sales_rep_id"": ""1"", ""order_date"": ""2025-08-20 09:00:00"", ""status"": ""COMPLETED"", ""currency"": ""USD"", ""subtotal"": ""750.0"", ""discount_amount"": ""0.0"", ""tax_amount"": ""60.0"", ""total_amount"": ""810.0"", ""payment_status"": ""PAID"", ""created_at"": ""2025-08-20 09:00:00"", ""updated_at"": ""2025-08-20 09:00:00""}"
historical_orders,34,"{""id"": ""34"", ""order_number"": ""ORD-0034"", ""customer_id"": ""34"", ""sales_rep_id"": ""2"", ""order_date"": ""2025-08-27 09:00:00"", ""status"": ""COMPLETED"", ""currency"": ""USD"", ""subtotal"": ""220.0"", ""discount_amount"": ""0.0"", ""tax_amount"": ""17.6"", ""total_amount"": ""237.6"", ""payment_status"": ""PAID"", ""created_at"": ""2025-08-27 09:00:00"", ""updated_at"": ""2025-08-27 09:00:00""}"
historical_orders,35,"{""id"": ""35"", ""order_number"": ""ORD-0035"", ""customer_id"": ""35"", ""sales_rep_id"": ""1"", ""order_date"": ""2025-09-03 09:00:00"", ""status"": ""COMPLETED"", ""currency"": ""USD"", ""subtotal"": ""500.0"", ""discount_amount"": ""0.0"", ""tax_amount"": ""40.0"", ""total_amount"": ""540.0"", ""payment_status"": ""PAID"", ""created_at"": ""2025-09-03 09:00:00"", ""updated_at"": ""2025-09-03 09:00:00""}"
historical_orders,36,"{""id"": ""36"", ""order_number"": ""ORD-0036"", ""customer_id"": ""1"", ""sales_rep_id"": ""2"", ""order_date"": ""2025-09-10 09:00:00"", ""status"": ""COMPLETED"", ""currency"": ""USD"", ""subtotal"": ""850.0"", ""discount_amount"": ""0.0"", ""tax_amount"": ""68.0"", ""total_amount"": ""918.0"", ""payment_status"": ""PAID"", ""created_at"": ""2025-09-10 09:00:00"", ""updated_at"": ""2025-09-10 09:00:00""}"
historical_orders,37,"{""id"": ""37"", ""order_number"": ""ORD-0037"", ""customer_id"": ""2"", ""sales_rep_id"": ""1"", ""order_date"": ""2025-09-17 09:00:00"", ""status"": ""COMPLETED"", ""currency"": ""USD"", ""subtotal"": ""95.0"", ""discount_amount"": ""0.0"", ""tax_amount"": ""7.6"", ""total_amount"": ""102.6"", ""payment_status"": ""PAID"", ""created_at"": ""2025-09-17 09:00:00"", ""updated_at"": ""2025-09-17 09:00:00""}"
historical_orders,38,"{""id"": ""38"", ""order_number"": ""ORD-0038"", ""customer_id"": ""3"", ""sales_rep_id"": ""2"", ""order_date"": ""2025-09-24 09:00:00"", ""status"": ""COMPLETED"", ""currency"": ""USD"", ""subtotal"": ""65.0"", ""discount_amount"": ""0.0"", ""tax_amount"": ""5.2"", ""total_amount"": ""70.2"", ""payment_status"": ""PAID"", ""created_at"": ""2025-09-24 09:00:00"", ""updated_at"": ""2025-09-24 09:00:00""}"
historical_orders,39,"{""id"": ""39"", ""order_number"": ""ORD-0039"", ""customer_id"": ""4"", ""sales_rep_id"": ""1"", ""order_date"": ""2025-10-01 09:00:00"", ""status"": ""COMPLETED"", ""currency"": ""USD"", ""subtotal"": ""110.0"", ""discount_amount"": ""0.0"", ""tax_amount"": ""8.8"", ""total_amount"": ""118.8"", ""payment_status"": ""PAID"", ""created_at"": ""2025-10-01 09:00:00"", ""updated_at"": ""2025-10-01 09:00:00""}"
historical_orders,40,"{""id"": ""40"", ""order_number"": ""ORD-0040"", ""customer_id"": ""5"", ""sales_rep_id"": ""2"", ""order_date"": ""2025-10-08 09:00:00"", ""status"": ""COMPLETED"", ""currency"": ""USD"", ""subtotal"": ""75.0"", ""discount_amount"": ""0.0"", ""tax_amount"": ""6.0"", ""total_amount"": ""81.0"", ""payment_status"": ""PAID"", ""created_at"": ""2025-10-08 09:00:00"", ""updated_at"": ""2025-10-08 09:00:00""}"
historical_orders,41,"{""id"": ""41"", ""order_number"": ""ORD-0041"", ""customer_id"": ""6"", ""sales_rep_id"": ""1"", ""order_date"": ""2025-10-15 09:00:00"", ""status"": ""COMPLETED"", ""currency"": ""USD"", ""subtotal"": ""750.0"", ""discount_amount"": ""0.0"", ""tax_amount"": ""60.0"", ""total_amount"": ""810.0"", ""payment_status"": ""PAID"", ""created_at"": ""2025-10-15 09:00:00"", ""updated_at"": ""2025-10-15 09:00:00""}"
historical_orders,42,"{""id"": ""42"", ""order_number"": ""ORD-0042"", ""customer_id"": ""7"", ""sales_rep_id"": ""2"", ""order_date"": ""2025-10-22 09:00:00"", ""status"": ""COMPLETED"", ""currency"": ""USD"", ""subtotal"": ""220.0"", ""discount_amount"": ""0.0"", ""tax_amount"": ""17.6"", ""total_amount"": ""237.6"", ""payment_status"": ""PAID"", ""created_at"": ""2025-10-22 09:00:00"", ""updated_at"": ""2025-10-22 09:00:00""}"
historical_orders,43,"{""id"": ""43"", ""order_number"": ""ORD-0043"", ""customer_id"": ""8"", ""sales_rep_id"": ""1"", ""order_date"": ""2025-10-29 09:00:00"", ""status"": ""COMPLETED"", ""currency"": ""USD"", ""subtotal"": ""500.0"", ""discount_amount"": ""0.0"", ""tax_amount"": ""40.0"", ""total_amount"": ""540.0"", ""payment_status"": ""PAID"", ""created_at"": ""2025-10-29 09:00:00"", ""updated_at"": ""2025-10-29 09:00:00""}"
historical_orders,44,"{""id"": ""44"", ""order_number"": ""ORD-0044"", ""customer_id"": ""9"", ""sales_rep_id"": ""2"", ""order_date"": ""2025-11-05 09:00:00"", ""status"": ""CANCELLED"", ""currency"": ""USD"", ""subtotal"": ""850.0"", ""discount_amount"": ""0.0"", ""tax_amount"": ""68.0"", ""total_amount"": ""918.0"", ""payment_status"": ""CANCELLED"", ""created_at"": ""2025-11-05 09:00:00"", ""updated_at"": ""2025-11-05 09:00:00""}"
historical_orders,45,"{""id"": ""45"", ""order_number"": ""ORD-0045"", ""customer_id"": ""10"", ""sales_rep_id"": ""1"", ""order_date"": ""2025-11-12 09:00:00"", ""status"": ""COMPLETED"", ""currency"": ""USD"", ""subtotal"": ""95.0"", ""discount_amount"": ""0.0"", ""tax_amount"": ""7.6"", ""total_amount"": ""102.6"", ""payment_status"": ""PAID"", ""created_at"": ""2025-11-12 09:00:00"", ""updated_at"": ""2025-11-12 09:00:00""}"
historical_orders,46,"{""id"": ""46"", ""order_number"": ""ORD-0046"", ""customer_id"": ""11"", ""sales_rep_id"": ""2"", ""order_date"": ""2025-11-19 09:00:00"", ""status"": ""COMPLETED"", ""currency"": ""USD"", ""subtotal"": ""65.0"", ""discount_amount"": ""0.0"", ""tax_amount"": ""5.2"", ""total_amount"": ""70.2"", ""payment_status"": ""PAID"", ""created_at"": ""2025-11-19 09:00:00"", ""updated_at"": ""2025-11-19 09:00:00""}"
historical_orders,47,"{""id"": ""47"", ""order_number"": ""ORD-0047"", ""customer_id"": ""12"", ""sales_rep_id"": ""1"", ""order_date"": ""2025-11-26 09:00:00"", ""status"": ""COMPLETED"", ""currency"": ""USD"", ""subtotal"": ""110.0"", ""discount_amount"": ""0.0"", ""tax_amount"": ""8.8"", ""total_amount"": ""118.8"", ""payment_status"": ""PAID"", ""created_at"": ""2025-11-26 09:00:00"", ""updated_at"": ""2025-11-26 09:00:00""}"
historical_orders,48,"{""id"": ""48"", ""order_number"": ""ORD-0048"", ""customer_id"": ""13"", ""sales_rep_id"": ""2"", ""order_date"": ""2025-12-03 09:00:00"", ""status"": ""COMPLETED"", ""currency"": ""USD"", ""subtotal"": ""75.0"", ""discount_amount"": ""0.0"", ""tax_amount"": ""6.0"", ""total_amount"": ""81.0"", ""payment_status"": ""PAID"", ""created_at"": ""2025-12-03 09:00:00"", ""updated_at"": ""2025-12-03 09:00:00""}"
historical_orders,49,"{""id"": ""49"", ""order_number"": ""ORD-0049"", ""customer_id"": ""14"", ""sales_rep_id"": ""1"", ""order_date"": ""2025-12-10 09:00:00"", ""status"": ""COMPLETED"", ""currency"": ""USD"", ""subtotal"": ""750.0"", ""discount_amount"": ""0.0"", ""tax_amount"": ""60.0"", ""total_amount"": ""810.0"", ""payment_status"": ""PAID"", ""created_at"": ""2025-12-10 09:00:00"", ""updated_at"": ""2025-12-10 09:00:00""}"
historical_orders,50,"{""id"": ""50"", ""order_number"": ""ORD-0050"", ""customer_id"": ""15"", ""sales_rep_id"": ""2"", ""order_date"": ""2025-12-17 09:00:00"", ""status"": ""COMPLETED"", ""currency"": ""USD"", ""subtotal"": ""220.0"", ""discount_amount"": ""0.0"", ""tax_amount"": ""17.6"", ""total_amount"": ""237.6"", ""payment_status"": ""PAID"", ""created_at"": ""2025-12-17 09:00:00"", ""updated_at"": ""2025-12-17 09:00:00""}"
historical_order_lines,1,"{""id"": ""1"", ""historical_order_id"": ""1"", ""product_id"": ""1"", ""quantity"": ""2"", ""unit_price"": ""1200.0"", ""discount_percent"": ""0.0"", ""discount_amount"": ""0.0"", ""unit_cost"": ""840.0"", ""line_revenue"": ""2400.0"", ""line_cost"": ""1680.0"", ""line_margin"": ""720.0"", ""line_margin_percent"": ""30.0"", ""created_at"": ""2025-01-07 09:00:00"", ""updated_at"": ""2025-01-07 09:00:00""}"
historical_order_lines,2,"{""id"": ""2"", ""historical_order_id"": ""1"", ""product_id"": ""13"", ""quantity"": ""1"", ""unit_price"": ""45.0"", ""discount_percent"": ""0.0"", ""discount_amount"": ""0.0"", ""unit_cost"": ""18.0"", ""line_revenue"": ""45.0"", ""line_cost"": ""18.0"", ""line_margin"": ""27.0"", ""line_margin_percent"": ""60.0"", ""created_at"": ""2025-01-07 09:00:00"", ""updated_at"": ""2025-01-07 09:00:00""}"
historical_order_lines,3,"{""id"": ""3"", ""historical_order_id"": ""1"", ""product_id"": ""15"", ""quantity"": ""1"", ""unit_price"": ""180.0"", ""discount_percent"": ""0.0"", ""discount_amount"": ""0.0"", ""unit_cost"": ""95.0"", ""line_revenue"": ""180.0"", ""line_cost"": ""95.0"", ""line_margin"": ""85.0"", ""line_margin_percent"": ""47.22"", ""created_at"": ""2025-01-07 09:00:00"", ""updated_at"": ""2025-01-07 09:00:00""}"
historical_order_lines,4,"{""id"": ""4"", ""historical_order_id"": ""1"", ""product_id"": ""22"", ""quantity"": ""1"", ""unit_price"": ""180.0"", ""discount_percent"": ""0.0"", ""discount_amount"": ""0.0"", ""unit_cost"": ""60.0"", ""line_revenue"": ""180.0"", ""line_cost"": ""60.0"", ""line_margin"": ""120.0"", ""line_margin_percent"": ""66.67"", ""created_at"": ""2025-01-07 09:00:00"", ""updated_at"": ""2025-01-07 09:00:00""}"
historical_order_lines,5,"{""id"": ""5"", ""historical_order_id"": ""2"", ""product_id"": ""1"", ""quantity"": ""1"", ""unit_price"": ""1200.0"", ""discount_percent"": ""0.0"", ""discount_amount"": ""0.0"", ""unit_cost"": ""840.0"", ""line_revenue"": ""1200.0"", ""line_cost"": ""840.0"", ""line_margin"": ""360.0"", ""line_margin_percent"": ""30.0"", ""created_at"": ""2025-01-13 09:00:00"", ""updated_at"": ""2025-01-13 09:00:00""}"
historical_order_lines,6,"{""id"": ""6"", ""historical_order_id"": ""2"", ""product_id"": ""13"", ""quantity"": ""1"", ""unit_price"": ""45.0"", ""discount_percent"": ""0.0"", ""discount_amount"": ""0.0"", ""unit_cost"": ""18.0"", ""line_revenue"": ""45.0"", ""line_cost"": ""18.0"", ""line_margin"": ""27.0"", ""line_margin_percent"": ""60.0"", ""created_at"": ""2025-01-13 09:00:00"", ""updated_at"": ""2025-01-13 09:00:00""}"
historical_order_lines,7,"{""id"": ""7"", ""historical_order_id"": ""2"", ""product_id"": ""8"", ""quantity"": ""1"", ""unit_price"": ""250.0"", ""discount_percent"": ""0.0"", ""discount_amount"": ""0.0"", ""unit_cost"": ""75.0"", ""line_revenue"": ""250.0"", ""line_cost"": ""75.0"", ""line_margin"": ""175.0"", ""line_margin_percent"": ""70.0"", ""created_at"": ""2025-01-13 09:00:00"", ""updated_at"": ""2025-01-13 09:00:00""}"
historical_order_lines,8,"{""id"": ""8"", ""historical_order_id"": ""3"", ""product_id"": ""1"", ""quantity"": ""1"", ""unit_price"": ""1200.0"", ""discount_percent"": ""0.0"", ""discount_amount"": ""0.0"", ""unit_cost"": ""840.0"", ""line_revenue"": ""1200.0"", ""line_cost"": ""840.0"", ""line_margin"": ""360.0"", ""line_margin_percent"": ""30.0"", ""created_at"": ""2025-01-19 09:00:00"", ""updated_at"": ""2025-01-19 09:00:00""}"
historical_order_lines,9,"{""id"": ""9"", ""historical_order_id"": ""3"", ""product_id"": ""13"", ""quantity"": ""1"", ""unit_price"": ""45.0"", ""discount_percent"": ""0.0"", ""discount_amount"": ""0.0"", ""unit_cost"": ""18.0"", ""line_revenue"": ""45.0"", ""line_cost"": ""18.0"", ""line_margin"": ""27.0"", ""line_margin_percent"": ""60.0"", ""created_at"": ""2025-01-19 09:00:00"", ""updated_at"": ""2025-01-19 09:00:00""}"
historical_order_lines,10,"{""id"": ""10"", ""historical_order_id"": ""3"", ""product_id"": ""15"", ""quantity"": ""1"", ""unit_price"": ""180.0"", ""discount_percent"": ""0.0"", ""discount_amount"": ""0.0"", ""unit_cost"": ""95.0"", ""line_revenue"": ""180.0"", ""line_cost"": ""95.0"", ""line_margin"": ""85.0"", ""line_margin_percent"": ""47.22"", ""created_at"": ""2025-01-19 09:00:00"", ""updated_at"": ""2025-01-19 09:00:00""}"
historical_order_lines,11,"{""id"": ""11"", ""historical_order_id"": ""4"", ""product_id"": ""1"", ""quantity"": ""1"", ""unit_price"": ""1200.0"", ""discount_percent"": ""0.0"", ""discount_amount"": ""0.0"", ""unit_cost"": ""840.0"", ""line_revenue"": ""1200.0"", ""line_cost"": ""840.0"", ""line_margin"": ""360.0"", ""line_margin_percent"": ""30.0"", ""created_at"": ""2025-01-25 09:00:00"", ""updated_at"": ""2025-01-25 09:00:00""}"
historical_order_lines,12,"{""id"": ""12"", ""historical_order_id"": ""4"", ""product_id"": ""15"", ""quantity"": ""1"", ""unit_price"": ""180.0"", ""discount_percent"": ""0.0"", ""discount_amount"": ""0.0"", ""unit_cost"": ""95.0"", ""line_revenue"": ""180.0"", ""line_cost"": ""95.0"", ""line_margin"": ""85.0"", ""line_margin_percent"": ""47.22"", ""created_at"": ""2025-01-25 09:00:00"", ""updated_at"": ""2025-01-25 09:00:00""}"
historical_order_lines,13,"{""id"": ""13"", ""historical_order_id"": ""4"", ""product_id"": ""22"", ""quantity"": ""1"", ""unit_price"": ""180.0"", ""discount_percent"": ""0.0"", ""discount_amount"": ""0.0"", ""unit_cost"": ""60.0"", ""line_revenue"": ""180.0"", ""line_cost"": ""60.0"", ""line_margin"": ""120.0"", ""line_margin_percent"": ""66.67"", ""created_at"": ""2025-01-25 09:00:00"", ""updated_at"": ""2025-01-25 09:00:00""}"
historical_order_lines,14,"{""id"": ""14"", ""historical_order_id"": ""5"", ""product_id"": ""1"", ""quantity"": ""1"", ""unit_price"": ""1200.0"", ""discount_percent"": ""0.0"", ""discount_amount"": ""0.0"", ""unit_cost"": ""840.0"", ""line_revenue"": ""1200.0"", ""line_cost"": ""840.0"", ""line_margin"": ""360.0"", ""line_margin_percent"": ""30.0"", ""created_at"": ""2025-01-31 09:00:00"", ""updated_at"": ""2025-01-31 09:00:00""}"
historical_order_lines,15,"{""id"": ""15"", ""historical_order_id"": ""5"", ""product_id"": ""13"", ""quantity"": ""1"", ""unit_price"": ""45.0"", ""discount_percent"": ""0.0"", ""discount_amount"": ""0.0"", ""unit_cost"": ""18.0"", ""line_revenue"": ""45.0"", ""line_cost"": ""18.0"", ""line_margin"": ""27.0"", ""line_margin_percent"": ""60.0"", ""created_at"": ""2025-01-31 09:00:00"", ""updated_at"": ""2025-01-31 09:00:00""}"
historical_order_lines,16,"{""id"": ""16"", ""historical_order_id"": ""6"", ""product_id"": ""1"", ""quantity"": ""1"", ""unit_price"": ""1200.0"", ""discount_percent"": ""0.0"", ""discount_amount"": ""0.0"", ""unit_cost"": ""840.0"", ""line_revenue"": ""1200.0"", ""line_cost"": ""840.0"", ""line_margin"": ""360.0"", ""line_margin_percent"": ""30.0"", ""created_at"": ""2025-02-06 09:00:00"", ""updated_at"": ""2025-02-06 09:00:00""}"
historical_order_lines,17,"{""id"": ""17"", ""historical_order_id"": ""6"", ""product_id"": ""13"", ""quantity"": ""1"", ""unit_price"": ""45.0"", ""discount_percent"": ""0.0"", ""discount_amount"": ""0.0"", ""unit_cost"": ""18.0"", ""line_revenue"": ""45.0"", ""line_cost"": ""18.0"", ""line_margin"": ""27.0"", ""line_margin_percent"": ""60.0"", ""created_at"": ""2025-02-06 09:00:00"", ""updated_at"": ""2025-02-06 09:00:00""}"
historical_order_lines,18,"{""id"": ""18"", ""historical_order_id"": ""7"", ""product_id"": ""1"", ""quantity"": ""1"", ""unit_price"": ""1200.0"", ""discount_percent"": ""0.0"", ""discount_amount"": ""0.0"", ""unit_cost"": ""840.0"", ""line_revenue"": ""1200.0"", ""line_cost"": ""840.0"", ""line_margin"": ""360.0"", ""line_margin_percent"": ""30.0"", ""created_at"": ""2025-02-12 09:00:00"", ""updated_at"": ""2025-02-12 09:00:00""}"
historical_order_lines,19,"{""id"": ""19"", ""historical_order_id"": ""7"", ""product_id"": ""15"", ""quantity"": ""1"", ""unit_price"": ""180.0"", ""discount_percent"": ""0.0"", ""discount_amount"": ""0.0"", ""unit_cost"": ""95.0"", ""line_revenue"": ""180.0"", ""line_cost"": ""95.0"", ""line_margin"": ""85.0"", ""line_margin_percent"": ""47.22"", ""created_at"": ""2025-02-12 09:00:00"", ""updated_at"": ""2025-02-12 09:00:00""}"
historical_order_lines,20,"{""id"": ""20"", ""historical_order_id"": ""7"", ""product_id"": ""8"", ""quantity"": ""1"", ""unit_price"": ""250.0"", ""discount_percent"": ""0.0"", ""discount_amount"": ""0.0"", ""unit_cost"": ""75.0"", ""line_revenue"": ""250.0"", ""line_cost"": ""75.0"", ""line_margin"": ""175.0"", ""line_margin_percent"": ""70.0"", ""created_at"": ""2025-02-12 09:00:00"", ""updated_at"": ""2025-02-12 09:00:00""}"
historical_order_lines,21,"{""id"": ""21"", ""historical_order_id"": ""8"", ""product_id"": ""1"", ""quantity"": ""1"", ""unit_price"": ""1200.0"", ""discount_percent"": ""0.0"", ""discount_amount"": ""0.0"", ""unit_cost"": ""840.0"", ""line_revenue"": ""1200.0"", ""line_cost"": ""840.0"", ""line_margin"": ""360.0"", ""line_margin_percent"": ""30.0"", ""created_at"": ""2025-02-18 09:00:00"", ""updated_at"": ""2025-02-18 09:00:00""}"
historical_order_lines,22,"{""id"": ""22"", ""historical_order_id"": ""8"", ""product_id"": ""13"", ""quantity"": ""1"", ""unit_price"": ""45.0"", ""discount_percent"": ""0.0"", ""discount_amount"": ""0.0"", ""unit_cost"": ""18.0"", ""line_revenue"": ""45.0"", ""line_cost"": ""18.0"", ""line_margin"": ""27.0"", ""line_margin_percent"": ""60.0"", ""created_at"": ""2025-02-18 09:00:00"", ""updated_at"": ""2025-02-18 09:00:00""}"
historical_order_lines,23,"{""id"": ""23"", ""historical_order_id"": ""8"", ""product_id"": ""15"", ""quantity"": ""1"", ""unit_price"": ""180.0"", ""discount_percent"": ""0.0"", ""discount_amount"": ""0.0"", ""unit_cost"": ""95.0"", ""line_revenue"": ""180.0"", ""line_cost"": ""95.0"", ""line_margin"": ""85.0"", ""line_margin_percent"": ""47.22"", ""created_at"": ""2025-02-18 09:00:00"", ""updated_at"": ""2025-02-18 09:00:00""}"
historical_order_lines,24,"{""id"": ""24"", ""historical_order_id"": ""9"", ""product_id"": ""1"", ""quantity"": ""1"", ""unit_price"": ""1200.0"", ""discount_percent"": ""0.0"", ""discount_amount"": ""0.0"", ""unit_cost"": ""840.0"", ""line_revenue"": ""1200.0"", ""line_cost"": ""840.0"", ""line_margin"": ""360.0"", ""line_margin_percent"": ""30.0"", ""created_at"": ""2025-02-24 09:00:00"", ""updated_at"": ""2025-02-24 09:00:00""}"
historical_order_lines,25,"{""id"": ""25"", ""historical_order_id"": ""9"", ""product_id"": ""13"", ""quantity"": ""1"", ""unit_price"": ""45.0"", ""discount_percent"": ""0.0"", ""discount_amount"": ""0.0"", ""unit_cost"": ""18.0"", ""line_revenue"": ""45.0"", ""line_cost"": ""18.0"", ""line_margin"": ""27.0"", ""line_margin_percent"": ""60.0"", ""created_at"": ""2025-02-24 09:00:00"", ""updated_at"": ""2025-02-24 09:00:00""}"
historical_order_lines,26,"{""id"": ""26"", ""historical_order_id"": ""9"", ""product_id"": ""22"", ""quantity"": ""1"", ""unit_price"": ""180.0"", ""discount_percent"": ""0.0"", ""discount_amount"": ""0.0"", ""unit_cost"": ""60.0"", ""line_revenue"": ""180.0"", ""line_cost"": ""60.0"", ""line_margin"": ""120.0"", ""line_margin_percent"": ""66.67"", ""created_at"": ""2025-02-24 09:00:00"", ""updated_at"": ""2025-02-24 09:00:00""}"
historical_order_lines,27,"{""id"": ""27"", ""historical_order_id"": ""10"", ""product_id"": ""1"", ""quantity"": ""1"", ""unit_price"": ""1200.0"", ""discount_percent"": ""0.0"", ""discount_amount"": ""0.0"", ""unit_cost"": ""840.0"", ""line_revenue"": ""1200.0"", ""line_cost"": ""840.0"", ""line_margin"": ""360.0"", ""line_margin_percent"": ""30.0"", ""created_at"": ""2025-03-02 09:00:00"", ""updated_at"": ""2025-03-02 09:00:00""}"
historical_order_lines,28,"{""id"": ""28"", ""historical_order_id"": ""10"", ""product_id"": ""15"", ""quantity"": ""1"", ""unit_price"": ""180.0"", ""discount_percent"": ""0.0"", ""discount_amount"": ""0.0"", ""unit_cost"": ""95.0"", ""line_revenue"": ""180.0"", ""line_cost"": ""95.0"", ""line_margin"": ""85.0"", ""line_margin_percent"": ""47.22"", ""created_at"": ""2025-03-02 09:00:00"", ""updated_at"": ""2025-03-02 09:00:00""}"
historical_order_lines,29,"{""id"": ""29"", ""historical_order_id"": ""11"", ""product_id"": ""1"", ""quantity"": ""1"", ""unit_price"": ""1200.0"", ""discount_percent"": ""0.0"", ""discount_amount"": ""0.0"", ""unit_cost"": ""840.0"", ""line_revenue"": ""1200.0"", ""line_cost"": ""840.0"", ""line_margin"": ""360.0"", ""line_margin_percent"": ""30.0"", ""created_at"": ""2025-03-08 09:00:00"", ""updated_at"": ""2025-03-08 09:00:00""}"
historical_order_lines,30,"{""id"": ""30"", ""historical_order_id"": ""11"", ""product_id"": ""13"", ""quantity"": ""1"", ""unit_price"": ""45.0"", ""discount_percent"": ""0.0"", ""discount_amount"": ""0.0"", ""unit_cost"": ""18.0"", ""line_revenue"": ""45.0"", ""line_cost"": ""18.0"", ""line_margin"": ""27.0"", ""line_margin_percent"": ""60.0"", ""created_at"": ""2025-03-08 09:00:00"", ""updated_at"": ""2025-03-08 09:00:00""}"
historical_order_lines,31,"{""id"": ""31"", ""historical_order_id"": ""11"", ""product_id"": ""8"", ""quantity"": ""1"", ""unit_price"": ""250.0"", ""discount_percent"": ""0.0"", ""discount_amount"": ""0.0"", ""unit_cost"": ""75.0"", ""line_revenue"": ""250.0"", ""line_cost"": ""75.0"", ""line_margin"": ""175.0"", ""line_margin_percent"": ""70.0"", ""created_at"": ""2025-03-08 09:00:00"", ""updated_at"": ""2025-03-08 09:00:00""}"
historical_order_lines,32,"{""id"": ""32"", ""historical_order_id"": ""12"", ""product_id"": ""1"", ""quantity"": ""1"", ""unit_price"": ""1200.0"", ""discount_percent"": ""0.0"", ""discount_amount"": ""0.0"", ""unit_cost"": ""840.0"", ""line_revenue"": ""1200.0"", ""line_cost"": ""840.0"", ""line_margin"": ""360.0"", ""line_margin_percent"": ""30.0"", ""created_at"": ""2025-03-14 09:00:00"", ""updated_at"": ""2025-03-14 09:00:00""}"
historical_order_lines,33,"{""id"": ""33"", ""historical_order_id"": ""12"", ""product_id"": ""15"", ""quantity"": ""1"", ""unit_price"": ""180.0"", ""discount_percent"": ""0.0"", ""discount_amount"": ""0.0"", ""unit_cost"": ""95.0"", ""line_revenue"": ""180.0"", ""line_cost"": ""95.0"", ""line_margin"": ""85.0"", ""line_margin_percent"": ""47.22"", ""created_at"": ""2025-03-14 09:00:00"", ""updated_at"": ""2025-03-14 09:00:00""}"
historical_order_lines,34,"{""id"": ""34"", ""historical_order_id"": ""13"", ""product_id"": ""1"", ""quantity"": ""1"", ""unit_price"": ""1200.0"", ""discount_percent"": ""0.0"", ""discount_amount"": ""0.0"", ""unit_cost"": ""840.0"", ""line_revenue"": ""1200.0"", ""line_cost"": ""840.0"", ""line_margin"": ""360.0"", ""line_margin_percent"": ""30.0"", ""created_at"": ""2025-03-20 09:00:00"", ""updated_at"": ""2025-03-20 09:00:00""}"
historical_order_lines,35,"{""id"": ""35"", ""historical_order_id"": ""13"", ""product_id"": ""13"", ""quantity"": ""1"", ""unit_price"": ""45.0"", ""discount_percent"": ""0.0"", ""discount_amount"": ""0.0"", ""unit_cost"": ""18.0"", ""line_revenue"": ""45.0"", ""line_cost"": ""18.0"", ""line_margin"": ""27.0"", ""line_margin_percent"": ""60.0"", ""created_at"": ""2025-03-20 09:00:00"", ""updated_at"": ""2025-03-20 09:00:00""}"
historical_order_lines,36,"{""id"": ""36"", ""historical_order_id"": ""14"", ""product_id"": ""1"", ""quantity"": ""1"", ""unit_price"": ""1200.0"", ""discount_percent"": ""0.0"", ""discount_amount"": ""0.0"", ""unit_cost"": ""840.0"", ""line_revenue"": ""1200.0"", ""line_cost"": ""840.0"", ""line_margin"": ""360.0"", ""line_margin_percent"": ""30.0"", ""created_at"": ""2025-03-26 09:00:00"", ""updated_at"": ""2025-03-26 09:00:00""}"
historical_order_lines,37,"{""id"": ""37"", ""historical_order_id"": ""14"", ""product_id"": ""13"", ""quantity"": ""1"", ""unit_price"": ""45.0"", ""discount_percent"": ""0.0"", ""discount_amount"": ""0.0"", ""unit_cost"": ""18.0"", ""line_revenue"": ""45.0"", ""line_cost"": ""18.0"", ""line_margin"": ""27.0"", ""line_margin_percent"": ""60.0"", ""created_at"": ""2025-03-26 09:00:00"", ""updated_at"": ""2025-03-26 09:00:00""}"
historical_order_lines,38,"{""id"": ""38"", ""historical_order_id"": ""14"", ""product_id"": ""22"", ""quantity"": ""1"", ""unit_price"": ""180.0"", ""discount_percent"": ""0.0"", ""discount_amount"": ""0.0"", ""unit_cost"": ""60.0"", ""line_revenue"": ""180.0"", ""line_cost"": ""60.0"", ""line_margin"": ""120.0"", ""line_margin_percent"": ""66.67"", ""created_at"": ""2025-03-26 09:00:00"", ""updated_at"": ""2025-03-26 09:00:00""}"
historical_order_lines,39,"{""id"": ""39"", ""historical_order_id"": ""15"", ""product_id"": ""1"", ""quantity"": ""1"", ""unit_price"": ""1200.0"", ""discount_percent"": ""0.0"", ""discount_amount"": ""0.0"", ""unit_cost"": ""840.0"", ""line_revenue"": ""1200.0"", ""line_cost"": ""840.0"", ""line_margin"": ""360.0"", ""line_margin_percent"": ""30.0"", ""created_at"": ""2025-04-01 09:00:00"", ""updated_at"": ""2025-04-01 09:00:00""}"
historical_order_lines,40,"{""id"": ""40"", ""historical_order_id"": ""15"", ""product_id"": ""15"", ""quantity"": ""1"", ""unit_price"": ""180.0"", ""discount_percent"": ""0.0"", ""discount_amount"": ""0.0"", ""unit_cost"": ""95.0"", ""line_revenue"": ""180.0"", ""line_cost"": ""95.0"", ""line_margin"": ""85.0"", ""line_margin_percent"": ""47.22"", ""created_at"": ""2025-04-01 09:00:00"", ""updated_at"": ""2025-04-01 09:00:00""}"
historical_order_lines,41,"{""id"": ""41"", ""historical_order_id"": ""16"", ""product_id"": ""1"", ""quantity"": ""1"", ""unit_price"": ""1200.0"", ""discount_percent"": ""0.0"", ""discount_amount"": ""0.0"", ""unit_cost"": ""840.0"", ""line_revenue"": ""1200.0"", ""line_cost"": ""840.0"", ""line_margin"": ""360.0"", ""line_margin_percent"": ""30.0"", ""created_at"": ""2025-04-07 09:00:00"", ""updated_at"": ""2025-04-07 09:00:00""}"
historical_order_lines,42,"{""id"": ""42"", ""historical_order_id"": ""16"", ""product_id"": ""13"", ""quantity"": ""1"", ""unit_price"": ""45.0"", ""discount_percent"": ""0.0"", ""discount_amount"": ""0.0"", ""unit_cost"": ""18.0"", ""line_revenue"": ""45.0"", ""line_cost"": ""18.0"", ""line_margin"": ""27.0"", ""line_margin_percent"": ""60.0"", ""created_at"": ""2025-04-07 09:00:00"", ""updated_at"": ""2025-04-07 09:00:00""}"
historical_order_lines,43,"{""id"": ""43"", ""historical_order_id"": ""17"", ""product_id"": ""1"", ""quantity"": ""1"", ""unit_price"": ""1200.0"", ""discount_percent"": ""0.0"", ""discount_amount"": ""0.0"", ""unit_cost"": ""840.0"", ""line_revenue"": ""1200.0"", ""line_cost"": ""840.0"", ""line_margin"": ""360.0"", ""line_margin_percent"": ""30.0"", ""created_at"": ""2025-04-13 09:00:00"", ""updated_at"": ""2025-04-13 09:00:00""}"
historical_order_lines,44,"{""id"": ""44"", ""historical_order_id"": ""17"", ""product_id"": ""13"", ""quantity"": ""1"", ""unit_price"": ""45.0"", ""discount_percent"": ""0.0"", ""discount_amount"": ""0.0"", ""unit_cost"": ""18.0"", ""line_revenue"": ""45.0"", ""line_cost"": ""18.0"", ""line_margin"": ""27.0"", ""line_margin_percent"": ""60.0"", ""created_at"": ""2025-04-13 09:00:00"", ""updated_at"": ""2025-04-13 09:00:00""}"
historical_order_lines,45,"{""id"": ""45"", ""historical_order_id"": ""18"", ""product_id"": ""1"", ""quantity"": ""1"", ""unit_price"": ""1200.0"", ""discount_percent"": ""0.0"", ""discount_amount"": ""0.0"", ""unit_cost"": ""840.0"", ""line_revenue"": ""1200.0"", ""line_cost"": ""840.0"", ""line_margin"": ""360.0"", ""line_margin_percent"": ""30.0"", ""created_at"": ""2025-04-19 09:00:00"", ""updated_at"": ""2025-04-19 09:00:00""}"
historical_order_lines,46,"{""id"": ""46"", ""historical_order_id"": ""19"", ""product_id"": ""1"", ""quantity"": ""1"", ""unit_price"": ""1200.0"", ""discount_percent"": ""0.0"", ""discount_amount"": ""0.0"", ""unit_cost"": ""840.0"", ""line_revenue"": ""1200.0"", ""line_cost"": ""840.0"", ""line_margin"": ""360.0"", ""line_margin_percent"": ""30.0"", ""created_at"": ""2025-04-25 09:00:00"", ""updated_at"": ""2025-04-25 09:00:00""}"
historical_order_lines,47,"{""id"": ""47"", ""historical_order_id"": ""19"", ""product_id"": ""13"", ""quantity"": ""1"", ""unit_price"": ""45.0"", ""discount_percent"": ""0.0"", ""discount_amount"": ""0.0"", ""unit_cost"": ""18.0"", ""line_revenue"": ""45.0"", ""line_cost"": ""18.0"", ""line_margin"": ""27.0"", ""line_margin_percent"": ""60.0"", ""created_at"": ""2025-04-25 09:00:00"", ""updated_at"": ""2025-04-25 09:00:00""}"
historical_order_lines,48,"{""id"": ""48"", ""historical_order_id"": ""20"", ""product_id"": ""1"", ""quantity"": ""1"", ""unit_price"": ""1200.0"", ""discount_percent"": ""0.0"", ""discount_amount"": ""0.0"", ""unit_cost"": ""840.0"", ""line_revenue"": ""1200.0"", ""line_cost"": ""840.0"", ""line_margin"": ""360.0"", ""line_margin_percent"": ""30.0"", ""created_at"": ""2025-05-01 09:00:00"", ""updated_at"": ""2025-05-01 09:00:00""}"
historical_order_lines,49,"{""id"": ""49"", ""historical_order_id"": ""21"", ""product_id"": ""2"", ""quantity"": ""2"", ""unit_price"": ""1550.0"", ""discount_percent"": ""0.0"", ""discount_amount"": ""0.0"", ""unit_cost"": ""1020.0"", ""line_revenue"": ""3100.0"", ""line_cost"": ""2040.0"", ""line_margin"": ""1060.0"", ""line_margin_percent"": ""34.19"", ""created_at"": ""2025-08-29 09:00:00"", ""updated_at"": ""2025-08-29 09:00:00""}"
historical_order_lines,50,"{""id"": ""50"", ""historical_order_id"": ""22"", ""product_id"": ""2"", ""quantity"": ""1"", ""unit_price"": ""1550.0"", ""discount_percent"": ""0.0"", ""discount_amount"": ""0.0"", ""unit_cost"": ""1020.0"", ""line_revenue"": ""1550.0"", ""line_cost"": ""1020.0"", ""line_margin"": ""530.0"", ""line_margin_percent"": ""34.19"", ""created_at"": ""2025-09-08 09:00:00"", ""updated_at"": ""2025-09-08 09:00:00""}"
historical_order_lines,51,"{""id"": ""51"", ""historical_order_id"": ""23"", ""product_id"": ""2"", ""quantity"": ""1"", ""unit_price"": ""1550.0"", ""discount_percent"": ""0.0"", ""discount_amount"": ""0.0"", ""unit_cost"": ""1020.0"", ""line_revenue"": ""1550.0"", ""line_cost"": ""1020.0"", ""line_margin"": ""530.0"", ""line_margin_percent"": ""34.19"", ""created_at"": ""2025-09-23 09:00:00"", ""updated_at"": ""2025-09-23 09:00:00""}"
historical_order_lines,52,"{""id"": ""52"", ""historical_order_id"": ""24"", ""product_id"": ""3"", ""quantity"": ""1"", ""unit_price"": ""2100.0"", ""discount_percent"": ""0.0"", ""discount_amount"": ""0.0"", ""unit_cost"": ""1350.0"", ""line_revenue"": ""2100.0"", ""line_cost"": ""1350.0"", ""line_margin"": ""750.0"", ""line_margin_percent"": ""35.71"", ""created_at"": ""2025-10-08 09:00:00"", ""updated_at"": ""2025-10-08 09:00:00""}"
historical_order_lines,53,"{""id"": ""53"", ""historical_order_id"": ""25"", ""product_id"": ""5"", ""quantity"": ""2"", ""unit_price"": ""380.0"", ""discount_percent"": ""0.0"", ""discount_amount"": ""0.0"", ""unit_cost"": ""240.0"", ""line_revenue"": ""760.0"", ""line_cost"": ""480.0"", ""line_margin"": ""280.0"", ""line_margin_percent"": ""36.84"", ""created_at"": ""2025-10-18 09:00:00"", ""updated_at"": ""2025-10-18 09:00:00""}"
historical_order_lines,54,"{""id"": ""54"", ""historical_order_id"": ""26"", ""product_id"": ""4"", ""quantity"": ""1"", ""unit_price"": ""220.0"", ""discount_percent"": ""0.0"", ""discount_amount"": ""0.0"", ""unit_cost"": ""150.0"", ""line_revenue"": ""220.0"", ""line_cost"": ""150.0"", ""line_margin"": ""70.0"", ""line_margin_percent"": ""31.82"", ""created_at"": ""2025-07-02 09:00:00"", ""updated_at"": ""2025-07-02 09:00:00""}"
historical_order_lines,55,"{""id"": ""55"", ""historical_order_id"": ""26"", ""product_id"": ""10"", ""quantity"": ""1"", ""unit_price"": ""500.0"", ""discount_percent"": ""0.0"", ""discount_amount"": ""0.0"", ""unit_cost"": ""340.0"", ""line_revenue"": ""500.0"", ""line_cost"": ""340.0"", ""line_margin"": ""160.0"", ""line_margin_percent"": ""32.0"", ""created_at"": ""2025-07-02 09:00:00"", ""updated_at"": ""2025-07-02 09:00:00""}"
historical_order_lines,56,"{""id"": ""56"", ""historical_order_id"": ""27"", ""product_id"": ""10"", ""quantity"": ""1"", ""unit_price"": ""500.0"", ""discount_percent"": ""0.0"", ""discount_amount"": ""0.0"", ""unit_cost"": ""340.0"", ""line_revenue"": ""500.0"", ""line_cost"": ""340.0"", ""line_margin"": ""160.0"", ""line_margin_percent"": ""32.0"", ""created_at"": ""2025-07-09 09:00:00"", ""updated_at"": ""2025-07-09 09:00:00""}"
historical_order_lines,57,"{""id"": ""57"", ""historical_order_id"": ""27"", ""product_id"": ""11"", ""quantity"": ""1"", ""unit_price"": ""850.0"", ""discount_percent"": ""0.0"", ""discount_amount"": ""0.0"", ""unit_cost"": ""530.0"", ""line_revenue"": ""850.0"", ""line_cost"": ""530.0"", ""line_margin"": ""320.0"", ""line_margin_percent"": ""37.65"", ""created_at"": ""2025-07-09 09:00:00"", ""updated_at"": ""2025-07-09 09:00:00""}"
historical_order_lines,58,"{""id"": ""58"", ""historical_order_id"": ""28"", ""product_id"": ""11"", ""quantity"": ""1"", ""unit_price"": ""850.0"", ""discount_percent"": ""0.0"", ""discount_amount"": ""0.0"", ""unit_cost"": ""530.0"", ""line_revenue"": ""850.0"", ""line_cost"": ""530.0"", ""line_margin"": ""320.0"", ""line_margin_percent"": ""37.65"", ""created_at"": ""2025-07-16 09:00:00"", ""updated_at"": ""2025-07-16 09:00:00""}"
historical_order_lines,59,"{""id"": ""59"", ""historical_order_id"": ""29"", ""product_id"": ""14"", ""quantity"": ""1"", ""unit_price"": ""95.0"", ""discount_percent"": ""0.0"", ""discount_amount"": ""0.0"", ""unit_cost"": ""45.0"", ""line_revenue"": ""95.0"", ""line_cost"": ""45.0"", ""line_margin"": ""50.0"", ""line_margin_percent"": ""52.63"", ""created_at"": ""2025-07-23 09:00:00"", ""updated_at"": ""2025-07-23 09:00:00""}"
historical_order_lines,60,"{""id"": ""60"", ""historical_order_id"": ""30"", ""product_id"": ""16"", ""quantity"": ""1"", ""unit_price"": ""65.0"", ""discount_percent"": ""0.0"", ""discount_amount"": ""0.0"", ""unit_cost"": ""25.0"", ""line_revenue"": ""65.0"", ""line_cost"": ""25.0"", ""line_margin"": ""40.0"", ""line_margin_percent"": ""61.54"", ""created_at"": ""2025-07-30 09:00:00"", ""updated_at"": ""2025-07-30 09:00:00""}"
historical_order_lines,61,"{""id"": ""61"", ""historical_order_id"": ""31"", ""product_id"": ""17"", ""quantity"": ""1"", ""unit_price"": ""110.0"", ""discount_percent"": ""0.0"", ""discount_amount"": ""0.0"", ""unit_cost"": ""55.0"", ""line_revenue"": ""110.0"", ""line_cost"": ""55.0"", ""line_margin"": ""55.0"", ""line_margin_percent"": ""50.0"", ""created_at"": ""2025-08-06 09:00:00"", ""updated_at"": ""2025-08-06 09:00:00""}"
historical_order_lines,62,"{""id"": ""62"", ""historical_order_id"": ""32"", ""product_id"": ""18"", ""quantity"": ""1"", ""unit_price"": ""75.0"", ""discount_percent"": ""0.0"", ""discount_amount"": ""0.0"", ""unit_cost"": ""30.0"", ""line_revenue"": ""75.0"", ""line_cost"": ""30.0"", ""line_margin"": ""45.0"", ""line_margin_percent"": ""60.0"", ""created_at"": ""2025-08-13 09:00:00"", ""updated_at"": ""2025-08-13 09:00:00""}"
historical_order_lines,63,"{""id"": ""63"", ""historical_order_id"": ""33"", ""product_id"": ""21"", ""quantity"": ""1"", ""unit_price"": ""750.0"", ""discount_percent"": ""0.0"", ""discount_amount"": ""0.0"", ""unit_cost"": ""350.0"", ""line_revenue"": ""750.0"", ""line_cost"": ""350.0"", ""line_margin"": ""400.0"", ""line_margin_percent"": ""53.33"", ""created_at"": ""2025-08-20 09:00:00"", ""updated_at"": ""2025-08-20 09:00:00""}"
historical_order_lines,64,"{""id"": ""64"", ""historical_order_id"": ""34"", ""product_id"": ""4"", ""quantity"": ""1"", ""unit_price"": ""220.0"", ""discount_percent"": ""0.0"", ""discount_amount"": ""0.0"", ""unit_cost"": ""150.0"", ""line_revenue"": ""220.0"", ""line_cost"": ""150.0"", ""line_margin"": ""70.0"", ""line_margin_percent"": ""31.82"", ""created_at"": ""2025-08-27 09:00:00"", ""updated_at"": ""2025-08-27 09:00:00""}"
historical_order_lines,65,"{""id"": ""65"", ""historical_order_id"": ""35"", ""product_id"": ""10"", ""quantity"": ""1"", ""unit_price"": ""500.0"", ""discount_percent"": ""0.0"", ""discount_amount"": ""0.0"", ""unit_cost"": ""340.0"", ""line_revenue"": ""500.0"", ""line_cost"": ""340.0"", ""line_margin"": ""160.0"", ""line_margin_percent"": ""32.0"", ""created_at"": ""2025-09-03 09:00:00"", ""updated_at"": ""2025-09-03 09:00:00""}"
historical_order_lines,66,"{""id"": ""66"", ""historical_order_id"": ""36"", ""product_id"": ""11"", ""quantity"": ""1"", ""unit_price"": ""850.0"", ""discount_percent"": ""0.0"", ""discount_amount"": ""0.0"", ""unit_cost"": ""530.0"", ""line_revenue"": ""850.0"", ""line_cost"": ""530.0"", ""line_margin"": ""320.0"", ""line_margin_percent"": ""37.65"", ""created_at"": ""2025-09-10 09:00:00"", ""updated_at"": ""2025-09-10 09:00:00""}"
historical_order_lines,67,"{""id"": ""67"", ""historical_order_id"": ""37"", ""product_id"": ""14"", ""quantity"": ""1"", ""unit_price"": ""95.0"", ""discount_percent"": ""0.0"", ""discount_amount"": ""0.0"", ""unit_cost"": ""45.0"", ""line_revenue"": ""95.0"", ""line_cost"": ""45.0"", ""line_margin"": ""50.0"", ""line_margin_percent"": ""52.63"", ""created_at"": ""2025-09-17 09:00:00"", ""updated_at"": ""2025-09-17 09:00:00""}"
historical_order_lines,68,"{""id"": ""68"", ""historical_order_id"": ""38"", ""product_id"": ""16"", ""quantity"": ""1"", ""unit_price"": ""65.0"", ""discount_percent"": ""0.0"", ""discount_amount"": ""0.0"", ""unit_cost"": ""25.0"", ""line_revenue"": ""65.0"", ""line_cost"": ""25.0"", ""line_margin"": ""40.0"", ""line_margin_percent"": ""61.54"", ""created_at"": ""2025-09-24 09:00:00"", ""updated_at"": ""2025-09-24 09:00:00""}"
historical_order_lines,69,"{""id"": ""69"", ""historical_order_id"": ""39"", ""product_id"": ""17"", ""quantity"": ""1"", ""unit_price"": ""110.0"", ""discount_percent"": ""0.0"", ""discount_amount"": ""0.0"", ""unit_cost"": ""55.0"", ""line_revenue"": ""110.0"", ""line_cost"": ""55.0"", ""line_margin"": ""55.0"", ""line_margin_percent"": ""50.0"", ""created_at"": ""2025-10-01 09:00:00"", ""updated_at"": ""2025-10-01 09:00:00""}"
historical_order_lines,70,"{""id"": ""70"", ""historical_order_id"": ""40"", ""product_id"": ""18"", ""quantity"": ""1"", ""unit_price"": ""75.0"", ""discount_percent"": ""0.0"", ""discount_amount"": ""0.0"", ""unit_cost"": ""30.0"", ""line_revenue"": ""75.0"", ""line_cost"": ""30.0"", ""line_margin"": ""45.0"", ""line_margin_percent"": ""60.0"", ""created_at"": ""2025-10-08 09:00:00"", ""updated_at"": ""2025-10-08 09:00:00""}"
historical_order_lines,71,"{""id"": ""71"", ""historical_order_id"": ""41"", ""product_id"": ""21"", ""quantity"": ""1"", ""unit_price"": ""750.0"", ""discount_percent"": ""0.0"", ""discount_amount"": ""0.0"", ""unit_cost"": ""350.0"", ""line_revenue"": ""750.0"", ""line_cost"": ""350.0"", ""line_margin"": ""400.0"", ""line_margin_percent"": ""53.33"", ""created_at"": ""2025-10-15 09:00:00"", ""updated_at"": ""2025-10-15 09:00:00""}"
historical_order_lines,72,"{""id"": ""72"", ""historical_order_id"": ""42"", ""product_id"": ""4"", ""quantity"": ""1"", ""unit_price"": ""220.0"", ""discount_percent"": ""0.0"", ""discount_amount"": ""0.0"", ""unit_cost"": ""150.0"", ""line_revenue"": ""220.0"", ""line_cost"": ""150.0"", ""line_margin"": ""70.0"", ""line_margin_percent"": ""31.82"", ""created_at"": ""2025-10-22 09:00:00"", ""updated_at"": ""2025-10-22 09:00:00""}"
historical_order_lines,73,"{""id"": ""73"", ""historical_order_id"": ""43"", ""product_id"": ""10"", ""quantity"": ""1"", ""unit_price"": ""500.0"", ""discount_percent"": ""0.0"", ""discount_amount"": ""0.0"", ""unit_cost"": ""340.0"", ""line_revenue"": ""500.0"", ""line_cost"": ""340.0"", ""line_margin"": ""160.0"", ""line_margin_percent"": ""32.0"", ""created_at"": ""2025-10-29 09:00:00"", ""updated_at"": ""2025-10-29 09:00:00""}"
historical_order_lines,74,"{""id"": ""74"", ""historical_order_id"": ""44"", ""product_id"": ""11"", ""quantity"": ""1"", ""unit_price"": ""850.0"", ""discount_percent"": ""0.0"", ""discount_amount"": ""0.0"", ""unit_cost"": ""530.0"", ""line_revenue"": ""850.0"", ""line_cost"": ""530.0"", ""line_margin"": ""320.0"", ""line_margin_percent"": ""37.65"", ""created_at"": ""2025-11-05 09:00:00"", ""updated_at"": ""2025-11-05 09:00:00""}"
historical_order_lines,75,"{""id"": ""75"", ""historical_order_id"": ""45"", ""product_id"": ""14"", ""quantity"": ""1"", ""unit_price"": ""95.0"", ""discount_percent"": ""0.0"", ""discount_amount"": ""0.0"", ""unit_cost"": ""45.0"", ""line_revenue"": ""95.0"", ""line_cost"": ""45.0"", ""line_margin"": ""50.0"", ""line_margin_percent"": ""52.63"", ""created_at"": ""2025-11-12 09:00:00"", ""updated_at"": ""2025-11-12 09:00:00""}"
historical_order_lines,76,"{""id"": ""76"", ""historical_order_id"": ""46"", ""product_id"": ""16"", ""quantity"": ""1"", ""unit_price"": ""65.0"", ""discount_percent"": ""0.0"", ""discount_amount"": ""0.0"", ""unit_cost"": ""25.0"", ""line_revenue"": ""65.0"", ""line_cost"": ""25.0"", ""line_margin"": ""40.0"", ""line_margin_percent"": ""61.54"", ""created_at"": ""2025-11-19 09:00:00"", ""updated_at"": ""2025-11-19 09:00:00""}"
historical_order_lines,77,"{""id"": ""77"", ""historical_order_id"": ""47"", ""product_id"": ""17"", ""quantity"": ""1"", ""unit_price"": ""110.0"", ""discount_percent"": ""0.0"", ""discount_amount"": ""0.0"", ""unit_cost"": ""55.0"", ""line_revenue"": ""110.0"", ""line_cost"": ""55.0"", ""line_margin"": ""55.0"", ""line_margin_percent"": ""50.0"", ""created_at"": ""2025-11-26 09:00:00"", ""updated_at"": ""2025-11-26 09:00:00""}"
historical_order_lines,78,"{""id"": ""78"", ""historical_order_id"": ""48"", ""product_id"": ""18"", ""quantity"": ""1"", ""unit_price"": ""75.0"", ""discount_percent"": ""0.0"", ""discount_amount"": ""0.0"", ""unit_cost"": ""30.0"", ""line_revenue"": ""75.0"", ""line_cost"": ""30.0"", ""line_margin"": ""45.0"", ""line_margin_percent"": ""60.0"", ""created_at"": ""2025-12-03 09:00:00"", ""updated_at"": ""2025-12-03 09:00:00""}"
historical_order_lines,79,"{""id"": ""79"", ""historical_order_id"": ""49"", ""product_id"": ""21"", ""quantity"": ""1"", ""unit_price"": ""750.0"", ""discount_percent"": ""0.0"", ""discount_amount"": ""0.0"", ""unit_cost"": ""350.0"", ""line_revenue"": ""750.0"", ""line_cost"": ""350.0"", ""line_margin"": ""400.0"", ""line_margin_percent"": ""53.33"", ""created_at"": ""2025-12-10 09:00:00"", ""updated_at"": ""2025-12-10 09:00:00""}"
historical_order_lines,80,"{""id"": ""80"", ""historical_order_id"": ""50"", ""product_id"": ""4"", ""quantity"": ""1"", ""unit_price"": ""220.0"", ""discount_percent"": ""0.0"", ""discount_amount"": ""0.0"", ""unit_cost"": ""150.0"", ""line_revenue"": ""220.0"", ""line_cost"": ""150.0"", ""line_margin"": ""70.0"", ""line_margin_percent"": ""31.82"", ""created_at"": ""2025-12-17 09:00:00"", ""updated_at"": ""2025-12-17 09:00:00""}"
